{
  "run_group_id": "route3_reuse_cached_all5_infobox_only_second_stage_2026_06_11",
  "run_segment_id": "reuse_cached_all5_infobox_only_second_stage_211",
  "run_artifact_manifest": "/home/chenyue/Wikidata_Framework_aws/outputs/run_manifests/route3_reuse_cached_all5_infobox_only_second_stage_2026_06_11.json",
  "start_stage": "generate",
  "start_from_endpoint": false,
  "endpoint_resume": {
    "enabled": false,
    "accepted_records_loaded": 0,
    "rejected_records_loaded": 0,
    "final_decisions_loaded": 0,
    "skipped_malformed_lines": 0,
    "skipped_line_details": [],
    "accepted_ids_synced": 0,
    "rejected_ids_synced": 0
  },
  "streaming_mode": "page_id_stream",
  "stream_page_source": "table-search",
  "stream_search_queries": [
    "insource:\"wikitable\""
  ],
  "stream_broad_table_search_enabled": false,
  "stream_search_offsets": {},
  "stream_excluded_page_ids": 0,
  "stream_exclude_page_id_files": [],
  "run_date": "2026-06-11",
  "stream_state": "outputs/recipe_segments/route3_reuse_cached_all5_infobox_only_second_stage_2026_06_11/reuse_cached_all5_infobox_only_second_stage_211_state.json",
  "stream_state_stats": {
    "used": 188,
    "in_progress": 0,
    "accepted": 30,
    "rejected": 158,
    "rerun_pool": 0,
    "table_search_queries": 0
  },
  "stream_state_reset": true,
  "stream_rerun_pool_only": false,
  "stream_rerun_pool_limit": 0,
  "stream_rerun_pool_seed_files": [],
  "stream_reuse_cached_page_count": 211,
  "stream_reuse_cached_page_used_id_files": [],
  "stream_cached_page_reuse": {
    "enabled": true,
    "requested_count": 211,
    "archive_dir": "cache/route3_pages",
    "used_id_files": [],
    "strict_numeric_page_id_matching": true,
    "cached_archive_file_count": 211,
    "cached_archive_valid_page_count": 188,
    "cached_archive_duplicate_page_count": 0,
    "cached_archive_skipped_count": 23,
    "cached_archive_errors": [],
    "used_id_excluded_page_count": 0,
    "state_already_used_page_count": 0,
    "reusable_cached_page_count": 188,
    "selected_count": 188,
    "selected_page_ids": [
      37284,
      257453,
      9119,
      231031,
      255999,
      10477,
      206997,
      963152,
      173652,
      76165,
      9316,
      70298,
      180174,
      1674887,
      24218875,
      498538,
      372315,
      628232,
      29125601,
      972904,
      49188979,
      32611,
      219424,
      4836072,
      453433,
      309294,
      82075,
      50762105,
      22948,
      3968,
      8196151,
      200152,
      21355232,
      8318491,
      306966,
      35972636,
      31740,
      588981,
      524482,
      4248,
      135276,
      24516,
      36624,
      62633,
      368989,
      55440889,
      68481047,
      205058,
      10522749,
      5816,
      2186423,
      13169,
      20608,
      188497,
      269408,
      413714,
      6920895,
      45367389,
      157774,
      741851,
      2500,
      500004,
      29781,
      288514,
      240432,
      226734,
      62149,
      295691,
      618770,
      457055,
      2856052,
      30450289,
      287299,
      292259,
      380167,
      186191,
      83934,
      235916,
      55417368,
      637543,
      15355864,
      306853,
      87627,
      89514,
      1290366,
      67127,
      143117,
      67211,
      4236415,
      1050340,
      26211,
      81890,
      32133,
      6392374,
      697535,
      66958,
      604350,
      8971303,
      74011,
      2839,
      2043650,
      458762,
      190884,
      910914,
      64300,
      56636,
      1003268,
      46989,
      60382764,
      22707,
      22093,
      64384,
      10209822,
      7632,
      22450,
      521893,
      57708,
      246305,
      479512,
      171623,
      31388,
      5489,
      72760,
      534617,
      5070109,
      951393,
      17416221,
      30125638,
      63503,
      404204,
      56617,
      129295,
      40176,
      10893,
      40158,
      84952,
      2924002,
      313647,
      10149834,
      415156,
      152333,
      880255,
      2507138,
      204971,
      187544,
      57951,
      60058274,
      105908,
      82050,
      176871,
      8429,
      277011,
      615800,
      5643,
      2310937,
      109566,
      83115,
      199445,
      329529,
      41853326,
      54232,
      3351466,
      901117,
      1582694,
      182283,
      28901997,
      601094,
      812281,
      248339,
      8083,
      228600,
      610522,
      81572,
      134987,
      42229472,
      14610495,
      142549,
      1048946,
      404595,
      422038,
      312038,
      33643148,
      540034,
      4595410,
      524850,
      33134,
      19746798,
      650522
    ],
    "selected_archive_paths": [
      "cache/route3_pages/page_00dc15fe84be8dc8487b6a165cf3516a4a00910a18552ac35b9af760736bce2d.json",
      "cache/route3_pages/page_052e85dcd917f1738b52f19621428970eea0c2dc9fd9bf9a15b13b17b076e096.json",
      "cache/route3_pages/page_05a701060b0d7db24bd74ce33a8a2025117b5cbfd94c9c965143171ce7d2c77f.json",
      "cache/route3_pages/page_06824d3acc47df28f6b7dbde4cb31645d39790dfd018911a847fb02a40fd4d91.json",
      "cache/route3_pages/page_0e34eae1c2c8689609777685a9736c4c3ea6262078643e3c9aa0cbd6ed52ad06.json",
      "cache/route3_pages/page_0fa6bc16d6963a0660903991291622ca736f964fd9a5442690070ca78c2c186d.json",
      "cache/route3_pages/page_14cc5932e535f8c72c204151abba4f42a97233fc5d4a0ac0bf740f70ab186adc.json",
      "cache/route3_pages/page_157adecca2412472ec8fb3e153acfc3a0e3cf2f3dad0e38b47ebd07f2e2180b3.json",
      "cache/route3_pages/page_179a0a153b03ad220115b60fe5660f02d421173879b7e8360e17a1987e997a8e.json",
      "cache/route3_pages/page_188c6520da9a6ba80860cec19588b9c9819c9fc06996cb4893748f966a13f54f.json",
      "cache/route3_pages/page_1939d27f9c466ce8c6b268c0415d792401c8f4a1566cb5b7f20ce1f22a8aa191.json",
      "cache/route3_pages/page_19f82abc73b04ef158310c0bd4ec16940a8c9236daa4b5edd2b9766cec15d15f.json",
      "cache/route3_pages/page_1c1452a8e35299523d7f29bace245a72de0d80e302afa39f3fb8e6cb290c60db.json",
      "cache/route3_pages/page_20ea1e7a275e0c4b0ff2cb0bf6280ac931e4c97bfecf112bd05bf11856db988d.json",
      "cache/route3_pages/page_20eb465cc7fc34d572e182f6884fb3a0f659ba8ed10c06b4a3db8eff1f16743e.json",
      "cache/route3_pages/page_21529d05e8b1e64e80d44ab0840c0271e9d74c7e637fbdac4b9289621fc1957d.json",
      "cache/route3_pages/page_23214fcda3bf16c208ebe7137f757f77bc9031d291a484e5d8611c4945990b3d.json",
      "cache/route3_pages/page_23dbf991572b2dcb94864501dc0d98991eaa46e94ef4dec802f95224447d11db.json",
      "cache/route3_pages/page_2ad87842f779842d9b1864eb30fd8723a4743437f58c69d22cbe689b245db02b.json",
      "cache/route3_pages/page_2adf65439550e8b3e9d84deb17d98a827f84026b5f2128abeca93dbbb93a9be8.json",
      "cache/route3_pages/page_2b8f1e4299f674a43820a02f11ff319c5372bf5eb65406b52021f34cdb3230bf.json",
      "cache/route3_pages/page_2c5fe16e03de3ebaa19911997b6de521249059920a65d92a6a4fbc2c3884d058.json",
      "cache/route3_pages/page_2dcd82454b73cc24bd6152828278da8e27d225927f7f51c6ceba48a60beb9aea.json",
      "cache/route3_pages/page_2e31602267114556786133c65134bcf419cf874d56ab21402e95ed4cb4556cb6.json",
      "cache/route3_pages/page_32961aec09f0ad480a0c6c373df6c50e3bfa20ad19df5e5b2574553c161b0262.json",
      "cache/route3_pages/page_34d4eac29c3d897f7d2bc04f24390b8593d134fe96206e3fb3406d410bed030d.json",
      "cache/route3_pages/page_34e5571d3caa8fc3a0e6572371b2a030bf9ea80f77e7668fa6f480a69f1688db.json",
      "cache/route3_pages/page_358b9b1f05fbb3cfc29facea3d6a1f1b28221bebc24943eb1330e57756bf3f78.json",
      "cache/route3_pages/page_3669d88ff6317c01a85b84b5420808da2065b970fef290a2f9c1afd3d5d7fedd.json",
      "cache/route3_pages/page_38b41dca7f4856ccb17571dcf30503d4d45c3a055b6dc3ce5d4e29dca61ed3ae.json",
      "cache/route3_pages/page_39151219fc7f559060d393fbfbce8abe30014b378f62f9defc36693eb4903d84.json",
      "cache/route3_pages/page_39360a3f918da7f8ad3a7561bc821dd1fec38ca4bf64bb36eee3e96a931812ab.json",
      "cache/route3_pages/page_399b46224d7dfa83252dd5097061fd837df8e454d9d3cd0adf51a9e4e964a860.json",
      "cache/route3_pages/page_3a67f7d8e4d37ed1182683b3bf59826876a991561490572a1b4130f71740db4a.json",
      "cache/route3_pages/page_3be8b72d009c8da64925a58f89129cecf6cc31b93271d1600fde4aad2547aef2.json",
      "cache/route3_pages/page_3d4e3a01836d577813a7afab2b23823fdbe252d9f5dd88e07b118d60f41b6e39.json",
      "cache/route3_pages/page_3d84f491c4753468db1ddc757c1458e77bde6be73c5ffc6a59922506bb8c3a1c.json",
      "cache/route3_pages/page_3e0177e2d1fde78ad95ed5ced928e3fab9b01b5a36f4b7732e2037e1677ec70b.json",
      "cache/route3_pages/page_3e8288b26090e0bcceb93ce1747e676592718f11763b4243630b4aa0c0846b4b.json",
      "cache/route3_pages/page_3fb92dc15f164c75c9ad2113334c9ca3688066c4f69741882a7d971ec46b14fa.json",
      "cache/route3_pages/page_3fc4fe32ae880a080f680580fe214de0728d2c3ceadb2af17c0495b741b1a31f.json",
      "cache/route3_pages/page_4061e4d7e7d6dc70a05d6a5a2ed0a83fe62427c5a675a095fa743357d8152545.json",
      "cache/route3_pages/page_4138a9259f781125169e0397c6921fe94c47ac425fcb88762186736511690c49.json",
      "cache/route3_pages/page_416d5cac4bf956ec2605d23fe1d860605e9963d2063a3137f1e026dfe5214239.json",
      "cache/route3_pages/page_421bf610ee86d0960cf3233248a1758d9c9f75d5747a36f95b644cd77b1a728b.json",
      "cache/route3_pages/page_49fc81f4170e08b87a774cbfc90c79eac5fee691182d4139d3039ec1f1cfc46f.json",
      "cache/route3_pages/page_4a61521efbc9ad4ac4e83e3a0978ccb869452e0b6228f52ef2f2c47f8ccbad26.json",
      "cache/route3_pages/page_4a9775ca3c937702dd35c1f83e43c0c07534dc41a5ff127d7bd18025a04902b0.json",
      "cache/route3_pages/page_4b31320149cf749c7b052a268a112c500b4fc6d5375349a9c38752fb3fc7da0a.json",
      "cache/route3_pages/page_4b63514da08bcae5efdaa45028a87e382864d1605eb281f95111a4c1c2ccbecc.json",
      "cache/route3_pages/page_4c052d4caeba45bba72d34572fd6196643e2a92c7392a22c291eb425f143a29e.json",
      "cache/route3_pages/page_4d69760259041adcd684892c9ac9c451a733d52002a87704e3ed81ff66b6c1d8.json",
      "cache/route3_pages/page_4d75325a0c63bc11f60321d462a91b232a130ba05bde29e2999985d0a99184e0.json",
      "cache/route3_pages/page_4e60b31518471bec5c855cb24f71883517deb5a4b8ac64fbbcc608e3437e5e9e.json",
      "cache/route3_pages/page_51b26e0264c2d9776f9236bb32d3c80a431a9a689c50bcd9c42e5bb2426040f5.json",
      "cache/route3_pages/page_52420b8168dc1cb9db81395ddf7f73b3f88330d54fe6d4b4cf35f328e51f73d3.json",
      "cache/route3_pages/page_52b98638714a96c44e43e6d4cabd52cc5e4a31353902ace55d3d808a8277e493.json",
      "cache/route3_pages/page_533772b60d5afb115c44765ca653b9312cec18153a61ceac797dc7fd8b924291.json",
      "cache/route3_pages/page_55671d00d11ba65894c2510dc4ff79416b97fb3584ce21961c54caba9aefc8e1.json",
      "cache/route3_pages/page_56270eaa70dc13d87b9788a174575e0c3047b48387a3c8f389039a8709e3cee4.json",
      "cache/route3_pages/page_566dd69c9191ec0786b8e3e74f352469bb3b630263e4237ac8c2fd17a50a2df0.json",
      "cache/route3_pages/page_56b32a96f63c18f2ee5a4c209c71d62841b468141ec8baa108e257ff12649908.json",
      "cache/route3_pages/page_5784c7be88d9d5fc8cdd47d6f2ffe80092d00b1874e6b2bea1f60f7e1a7a6c8b.json",
      "cache/route3_pages/page_581ae40ebce661fc5f796bc28393df7c98847196bf04932b022e1144d455c165.json",
      "cache/route3_pages/page_585aa4a699e62e0d66ea6c085ca7aeb7ab8e4c0224972deffa9e74a677ae0486.json",
      "cache/route3_pages/page_58784493315ac7fd8c062dc54a39799d9bb8bcc7538fe3c51dbda2c2bec14bfb.json",
      "cache/route3_pages/page_59ac95027449c7e85ef1a9bf93ca989ce2cef85ee911b2813099e8d02dde4deb.json",
      "cache/route3_pages/page_5aa469f6346b956a341db70e849261e272ac828ae34b6653b2d41b00e9791d9e.json",
      "cache/route3_pages/page_5aee494875f2e146e72847c9a267b936d38ae07a33355e1eb855976f3d755bcd.json",
      "cache/route3_pages/page_5c16a2b3fb75409b99db5bc1e17c1a88bd74664c1e31cec4d3a7db4649dbc31c.json",
      "cache/route3_pages/page_5cd1d11869a64a1de6ca8e3fd5b259d5b47dff9a69c6240aa7b1ab3ccb92109f.json",
      "cache/route3_pages/page_5d184ec9d6b7d45ffcef728778b3eebd38dc3a9a1339fc938287a2b89cf9382a.json",
      "cache/route3_pages/page_5f954426657c919d6a13d02b028e1d19cb63e490b539b4d130c7c980e0ce1de0.json",
      "cache/route3_pages/page_61905889f35dc419d862a1053191848cdd3d1236af3c59a1ce15c69dc841b8db.json",
      "cache/route3_pages/page_61953e4900d5a81d8ecbb8b7fc4d94fb4b8681a41301054aa23e766e0682db7e.json",
      "cache/route3_pages/page_62a30299ea7c52f53065bf7c20e7ebb4f1419e63969e23e4a6245cf74bf7c26c.json",
      "cache/route3_pages/page_66a0409d838f63d30aa9bb2fb68f8b271e0539b1b51aee1e894f94379d5a9a85.json",
      "cache/route3_pages/page_6dadba6c691194c1045240e51fba2fb31183b528e3a267f92fcefa0f773436fa.json",
      "cache/route3_pages/page_6df4040bca06f4a43bdb980ff2bfc42a6206df84b7882a344b0f50a0f3dd2668.json",
      "cache/route3_pages/page_6e1ef6f8e0643d31ee38452a994a8850deaa31e28caeb185743d1a77cf4ce645.json",
      "cache/route3_pages/page_6efbd4416e91944ab48e4b4fce436efd6d4d53a44d2b4f4fe2a411bd5299b39d.json",
      "cache/route3_pages/page_6f071f2e7b54fbc1b313e599bdff05dff151c58a29f79b51e3400718e12e1f28.json",
      "cache/route3_pages/page_6f767c2a32344e57c5429cf29c7377bf3ecf574bdb849361c209e35b90a1b34b.json",
      "cache/route3_pages/page_71dd6af7179871477cbfa6db9092394b49fc9dd626432ae6dfdf45f800d23be4.json",
      "cache/route3_pages/page_72edda116b00e994f57eeb82fd757ab4fba46a4bcf287c75a23844a434f55263.json",
      "cache/route3_pages/page_7304a106ddb3b9ce5c7552e46d66510367d9eda2e11eeeaa96afd6d3a94b35ce.json",
      "cache/route3_pages/page_74db57870234324839b437bfc4934ef4fa6fb578d1405e4592ceb5f70424f627.json",
      "cache/route3_pages/page_74f1ff2db01b2848929107108e8c148c4dbb813a99df6edac885de54b2efa49b.json",
      "cache/route3_pages/page_750a746f1d6a5b81273e64f4f6ccc63e9578284c5df8f2cf94ed597f8dfe9e4e.json",
      "cache/route3_pages/page_754206c0c3391c5e0c4821d275933bd10c9c56781dee549621773009de9fd3c3.json",
      "cache/route3_pages/page_7a853ae01d8f3e69ca1c20f67b8bc4655ef38ffe4621eccbaba3f19ef0395e39.json",
      "cache/route3_pages/page_7ad27adc3e8f18ab5dc8cb9fe2bc86e8f40f4070f5911f68e8fada8c5c4fbe59.json",
      "cache/route3_pages/page_7c9443c31d29693939d69d45bae503331885a84482865e24d9d7c41c2360b077.json",
      "cache/route3_pages/page_7c99beb2925ab81a3c865b53eff087fc13e65e39ccaa03be33e6120fc2fdbc4d.json",
      "cache/route3_pages/page_7f198231cccbcab4169c5d1c4a2b30d5baa65ae4b54c5f02716244d3fc99bf6a.json",
      "cache/route3_pages/page_810dfb92f1f5712e751bf731eba9a3bb14ba76c0145e5b8fb7f7202e3e1e9ccb.json",
      "cache/route3_pages/page_81612ff130f458ce40b1d02b9d793b0fd37a7003046af9cac558b9ccf5a75983.json",
      "cache/route3_pages/page_837761055ca611ade8cb945a41c24296736b422045ff11dc23cbb87068137228.json",
      "cache/route3_pages/page_857c39530cd93b92f7a499ceeb7264759c41a505c6eac6dd0507846edfa0f0ba.json",
      "cache/route3_pages/page_857e808af9d75f161378c10b0623880a8faba447c461e68f6590a0b17589b21e.json",
      "cache/route3_pages/page_8639933b4c886fc39457617624fba6e8503e965b7fc91f002356ff664cd1377e.json",
      "cache/route3_pages/page_8662890ce3aa49cb019964f742953388cb1fb1b0ef71458867fb0fbb7753ff91.json",
      "cache/route3_pages/page_87d4b9de6ce5cd8daa387d50f39bcc358b14f48faf067085a288890d0202be5c.json",
      "cache/route3_pages/page_89748283d91f91da3c22c8c9661c3d92563d29a0e96efe44d3d89e4bdcd76aaf.json",
      "cache/route3_pages/page_89e53f00bf74c4cc91b4ec3fa306ede54c092ab7f12a1c77f6820c5ad1d03584.json",
      "cache/route3_pages/page_8a3744682098478e1748e2d5f53ddb60f23cde605a0cadee08909fb19430b17b.json",
      "cache/route3_pages/page_8b2e7b173a1af8a798923891598806534a052b58a3a0b450295c1405494e133d.json",
      "cache/route3_pages/page_8f8b9494ccbeca88eb13b3405573c4fa66aeccf16c8e4be56530cb1302e8522f.json",
      "cache/route3_pages/page_91007290a6f743c471ddb325c684177745cf5eb532473d74c2bd2effce6f46c1.json",
      "cache/route3_pages/page_93ec18706166ac0fadabd5855c4820c743900297392beb61c4083a6c09732183.json",
      "cache/route3_pages/page_9544257eaaee679c2775f9cc7ccb9f22a976eed62daf37c604793c59ba62b4ee.json",
      "cache/route3_pages/page_972ec3fc8c4380f48927499d937c12d6d28185ba27b8c99e647c4b765cfbea04.json",
      "cache/route3_pages/page_977b87ee2b69266c49917dd384272360f81677a939233739b48545f10531f810.json",
      "cache/route3_pages/page_97e10975cb1e7d97bd41e983b0b6c2f60bc3d420f16006cb9b78bb2bb4a1c129.json",
      "cache/route3_pages/page_9ca5c801af13c9bc0b64a2271a9c09ab6ba8a89ca08c5ab1c10ee119c0b98134.json",
      "cache/route3_pages/page_9f0cd94e9e00603a85ba72f02224ab7186585e3e028ab7d11d35555e1a8229c9.json",
      "cache/route3_pages/page_9f757a7d90248042e63d737cd12fa802612a86871345cfc48e181fe80b2d8c3e.json",
      "cache/route3_pages/page_a162d8e7f3874af779df0665d8f397da6622b3c18ac4a06a4662b7b7b0c874c3.json",
      "cache/route3_pages/page_a2407599aa50ba5096b909d9aaa1b2c06fd03a739bffe44d1d50455bd521e877.json",
      "cache/route3_pages/page_a2ecf652ea7ae1cb196cc0eaf8d362348ebc40a97d4d523730e1a9f2e48df708.json",
      "cache/route3_pages/page_a600b8cf040e6acb99d1911badba086de2ef7bab02b67c73df30ab962607fcae.json",
      "cache/route3_pages/page_a791164bdd045f3aafb47fa57c7a3b8b8a1f3094cd7b092b67f87cf65b5f934f.json",
      "cache/route3_pages/page_a96546cd1f84aa9f176effbea4d5a08190d3a72ad077f598d83cc5c1a41403f0.json",
      "cache/route3_pages/page_a9e4a3e429dd19cbe4e69c3705a06181753f333eba774b36c85b9bdd42851008.json",
      "cache/route3_pages/page_ab7a0bf05bbac12bc97e0ccc40e1ee8c8a17fc15e594cc618b70af3272d770c2.json",
      "cache/route3_pages/page_ac478d2a79f531fc39e0b4033d169634bc5bf2f3d1669482f7de47445c39a8d0.json",
      "cache/route3_pages/page_ade099d269ce1d33924311ac146ff0202c46d2fb66ba71225d5a805ebae55014.json",
      "cache/route3_pages/page_b08e8b26844c2682346824c4c737cd5e303ea1a42432ed8bd6c7283889d648bc.json",
      "cache/route3_pages/page_b12f6f52768ac6b0a8b78b16b317689460b5654685b44e8f9906060dbaa4fc7e.json",
      "cache/route3_pages/page_b1632f1090038b7750b09f83861bd99d0596e0981fd82c234496fe18ced286f3.json",
      "cache/route3_pages/page_b165c5141c3861e9d15b643353acabf0565f023e0112ced534d6e95ea559f0fc.json",
      "cache/route3_pages/page_b452c72e327f3d21b23c16a270a0f5386cb4d043b7fef630a8f264f856b245ef.json",
      "cache/route3_pages/page_b5d24f585370044e0d7825d9caa3b837d1aee0ddefb061e8029062085612f280.json",
      "cache/route3_pages/page_b64aab9df374c557d0fa612fb595586b2142875eaf9274594a61d6a5c2424fe0.json",
      "cache/route3_pages/page_b7c38d9dcc633d4179428108a3921e8c8b638864680a7dac40b9b4d13ec23d1e.json",
      "cache/route3_pages/page_b929f7c9da767fc4f576d778ff8a75c92f823cf2f2ba461fc144349d4e443c13.json",
      "cache/route3_pages/page_b9ddc30a0ef02498f6b8dc684c22abe9e75de6209fcd3963116ad0e9728bc6e5.json",
      "cache/route3_pages/page_ba341f276af1e0d65cfd6b4cb0ed11351846acc488307066b6bce202233d60cd.json",
      "cache/route3_pages/page_ba501caeff86b9c1656e0f6aca866e36e99447ce7f2a447a9b9261d572cfd61e.json",
      "cache/route3_pages/page_ba7eab95f884e78895b16295327af37d5b3eca6f6e6fd0db70153bbc86b8d294.json",
      "cache/route3_pages/page_bca1c7aa3f79e137d7f71e568fbf26a1223fe0eb81707a902bb2173d9a0e5cf2.json",
      "cache/route3_pages/page_bcfaa9d9024e771451b9ca89b7648222e700fe4195f55bfe3c849a267c5a4a3e.json",
      "cache/route3_pages/page_be53430accb5ef1c8375e073d7a24d603f8d2926d331ae7b36de0f1832f0ad26.json",
      "cache/route3_pages/page_bf02558d0a23ac4770641bd24b91fe677d9180f0ab6e5d4c9cfe98f316ce340c.json",
      "cache/route3_pages/page_bf601775f089523945f811031bb2f16d3b77fbf38031048a87ae2b7557bf511f.json",
      "cache/route3_pages/page_c01c8a8469014b32018173fee7d2b14859f981461585be06d9edc285aefc3a8b.json",
      "cache/route3_pages/page_c586f08c98a289cd90ab863812e2c7fa867bc333fb1a1232e1b1d7d477bdcaab.json",
      "cache/route3_pages/page_c68239fd0f898328575de9e4d63caa3370db3f45d6729e5d0bf2a810f213f859.json",
      "cache/route3_pages/page_c6ac006681a03ade83c8a3bb54c9c5cd64babb4d06cf450ee221b924c3ad27bf.json",
      "cache/route3_pages/page_ca7433113e8203bbab2a2fedaa60716be5016d5f573efda8f12b2e959908b037.json",
      "cache/route3_pages/page_cbc3c6108aa54e6ccaa4772183030b71bb7a3d1063ce3e7f5bb98d169a313317.json",
      "cache/route3_pages/page_ce22691f30b9522310ce043146e6f97fcc90305b06660ff1b9275604ff2e3fec.json",
      "cache/route3_pages/page_cf4bd88a34260d4ec358e749700851f90b8af5fb59c01166db3f69af0acfd1c3.json",
      "cache/route3_pages/page_cf9e640b1015419a4ff743346b79fbb22c524fe5ba1e46e370d659a180a868bb.json",
      "cache/route3_pages/page_cfe5f2e8e42d3a79dbc99a7b356c20fb0d10786ea891ee6c50ceabccb64d49ed.json",
      "cache/route3_pages/page_d0686c91248546b3725706e1a84142835fe30ff19d52282664a09cd8a491785a.json",
      "cache/route3_pages/page_d110db3332935989fab7b50e94dbec2187ee7a24747a7d36865b0432393732f0.json",
      "cache/route3_pages/page_d2169ec0fdcaa9070bd037f643bb1cf0683fca7cfe91a0488e82f17614d90aca.json",
      "cache/route3_pages/page_d25e4c67112390284494691e6e5a2411d5c3b515ae01f284c14954af37d70055.json",
      "cache/route3_pages/page_d453dd7d42c76199cbe19a56c6581a10522b545d7d344f0dcb44666a348f99be.json",
      "cache/route3_pages/page_d4ab0b9a11696e8526f72f8150acda7a8ef4af10c3f275b3c214632503605837.json",
      "cache/route3_pages/page_d5f45b8bf5f0aa9eda6ba941aa19ba92f567e11bb5e0cd6d930bdd35dfe9d22c.json",
      "cache/route3_pages/page_d6b1656401cbd8dedbbb676e4120643dac52d6a0e2225d88bc282b02ca7fcd38.json",
      "cache/route3_pages/page_d960f4ba25ea2e1079c7f214b25823d94dc77df195a2ef7687813ffc10ca4490.json",
      "cache/route3_pages/page_db5e8ceeed9054b57b2d65cabe2305c77e83f383de8edc5954e0304832a84f68.json",
      "cache/route3_pages/page_dba8af66173aa9edc4b773ddce65eeb1c20f718602bdfefa1a565133490c5ac6.json",
      "cache/route3_pages/page_dc76d761fd1a13ca11198e4053711d0bbe9f97422bcc97e47e35c3edc1c2b701.json",
      "cache/route3_pages/page_dd75979de03971ba93639a9261babb2d2223e36530d7ac2b99aa1d5f4c58dd1a.json",
      "cache/route3_pages/page_ddb18ad3b8c6afc42969b5babfdae806e184caa10ab43846d66ee9cc80dec28d.json",
      "cache/route3_pages/page_ddcf3c365ca947aeb4321ea1a23b8e28b4115cea514f0aabc70370d7db939107.json",
      "cache/route3_pages/page_e04ae60cf7e91fd813920abacd8d51d23888696c5c08d6af4f60e6dd344a145f.json",
      "cache/route3_pages/page_e5161b3ca59379bf134fbc2bfd6d11047482a10a487c1c3219f320b9182c095e.json",
      "cache/route3_pages/page_eb26da2127822b5655a306a3e7752d4380dace0491160522160e91f156d2d04f.json",
      "cache/route3_pages/page_ec46bf37bcf11e8bfa65cc328f3dbfdfc8447af5e0e0914862c29655913ce7dd.json",
      "cache/route3_pages/page_ed1ca4f3530b0b6505ea930d855dc84a7dfef0cb50b83d485c7f53245ce60458.json",
      "cache/route3_pages/page_f0e459ea886d55c97a94f8fd87736607b1c047fccdadb96a67ec6049d7770ced.json",
      "cache/route3_pages/page_f36ae714dac56f6fb3ef670b4b6499ee7b13328f933a698158760de3a2742610.json",
      "cache/route3_pages/page_f51f9ac77c9c451365128d724e0a0f46dd896b25f354a1a7ad03b8c676955b3e.json",
      "cache/route3_pages/page_f780587a5979ba8cef8dd438076395657112e1071cdcd6835ede99ba283bcf23.json",
      "cache/route3_pages/page_f83fbcce5206e31cf86cbfc5bb88a442bf6abafed80da1c324f63d911b6788b3.json",
      "cache/route3_pages/page_fb58e80e392472427f71735c010d5b832c9f8c98e4c36ab706eb425d1d52ffd0.json",
      "cache/route3_pages/page_fbddb51919fe7c4a73f7cc19dbaf5f809b77c29ba313b5fbe068237c4c309b98.json",
      "cache/route3_pages/page_fbfdfc5093eefa2368762c19dd5f22fd57832533df86a32818a85da8f5bd3a82.json",
      "cache/route3_pages/page_fc478422917962f34acee541bc9920b602ab975fc0cb3eb42d03b72d0ba1b7d9.json",
      "cache/route3_pages/page_fc4e8bcde1e8e180ab4fcd4fc9734e5a383d8fc54220505232ccf656eee2ed45.json",
      "cache/route3_pages/page_fc9b154f51b155f40632b2007f935331139835e29b92e07c08cf6c7e0cb3926e.json",
      "cache/route3_pages/page_ff6c3ca6a6ad09a7db92dcb60ad4a66d7249c0805ed5b5371546f0025b0f88bf.json",
      "cache/route3_pages/page_fff52570b3a5b0dc0dcaca69c982274821ab01f91c12273eda87e43e1bad228b.json"
    ]
  },
  "stream_reused_cached_page_ids": [
    37284,
    257453,
    9119,
    231031,
    255999,
    10477,
    206997,
    963152,
    173652,
    76165,
    9316,
    70298,
    180174,
    1674887,
    24218875,
    498538,
    372315,
    628232,
    29125601,
    972904,
    49188979,
    32611,
    219424,
    4836072,
    453433,
    309294,
    82075,
    50762105,
    22948,
    3968,
    8196151,
    200152,
    21355232,
    8318491,
    306966,
    35972636,
    31740,
    588981,
    524482,
    4248,
    135276,
    24516,
    36624,
    62633,
    368989,
    55440889,
    68481047,
    205058,
    10522749,
    5816,
    2186423,
    13169,
    20608,
    188497,
    269408,
    413714,
    6920895,
    45367389,
    157774,
    741851,
    2500,
    500004,
    29781,
    288514,
    240432,
    226734,
    62149,
    295691,
    618770,
    457055,
    2856052,
    30450289,
    287299,
    292259,
    380167,
    186191,
    83934,
    235916,
    55417368,
    637543,
    15355864,
    306853,
    87627,
    89514,
    1290366,
    67127,
    143117,
    67211,
    4236415,
    1050340,
    26211,
    81890,
    32133,
    6392374,
    697535,
    66958,
    604350,
    8971303,
    74011,
    2839,
    2043650,
    458762,
    190884,
    910914,
    64300,
    56636,
    1003268,
    46989,
    60382764,
    22707,
    22093,
    64384,
    10209822,
    7632,
    22450,
    521893,
    57708,
    246305,
    479512,
    171623,
    31388,
    5489,
    72760,
    534617,
    5070109,
    951393,
    17416221,
    30125638,
    63503,
    404204,
    56617,
    129295,
    40176,
    10893,
    40158,
    84952,
    2924002,
    313647,
    10149834,
    415156,
    152333,
    880255,
    2507138,
    204971,
    187544,
    57951,
    60058274,
    105908,
    82050,
    176871,
    8429,
    277011,
    615800,
    5643,
    2310937,
    109566,
    83115,
    199445,
    329529,
    41853326,
    54232,
    3351466,
    901117,
    1582694,
    182283,
    28901997,
    601094,
    812281,
    248339,
    8083,
    228600,
    610522,
    81572,
    134987,
    42229472,
    14610495,
    142549,
    1048946,
    404595,
    422038,
    312038,
    33643148,
    540034,
    4595410,
    524850,
    33134,
    19746798,
    650522
  ],
  "stream_reused_cached_page_count": 188,
  "stream_prefer_rerun_pool": false,
  "seeded_rerun_pool_ids": [],
  "seeded_rerun_pool_ids_freed_on_completion": [],
  "stream_auto_rerun_once": false,
  "auto_rerun_pool_ids_at_start": [],
  "auto_rerun_processed_page_ids": [],
  "auto_rerun_attempted_page_ids": 0,
  "rerun_pool_ids_after_run": [],
  "rerun_pool_failure_reasons_after_run": {},
  "rerun_pool_error_details_after_run": {},
  "recovered_stale_in_progress_ids": [],
  "page_id_bounds": {
    "min": 1,
    "max": 80000000
  },
  "random_seed": 1882840033,
  "random_seed_was_explicit": false,
  "record_limit": 0,
  "record_limit_remaining_at_start": 0,
  "stream_batch_size": 10,
  "stream_discovery_max_retries": 5,
  "stream_discovery_retry_backoff_seconds": 10.0,
  "stream_discovery_retry_max_sleep_seconds": 60.0,
  "wikipedia_429_backoff_seconds": 30.0,
  "wikipedia_429_max_backoff_seconds": 300.0,
  "wikipedia_429_recovery_seconds": 120.0,
  "stream_page_workers": 4,
  "wikipedia_concurrency_limit": 4,
  "duckduckgo_concurrency_limit": 4,
  "openrouter_generation_rewrite_concurrency_limit": 10,
  "second_stage_concurrency_limit": 10,
  "stream_accepted_target": 0,
  "stream_accepted_target_remaining_at_start": 0,
  "attempted_page_ids": 188,
  "attempted_page_ids_unique": 188,
  "page_ids": [
    37284,
    257453,
    9119,
    231031,
    255999,
    10477,
    206997,
    963152,
    173652,
    76165,
    9316,
    70298,
    180174,
    1674887,
    24218875,
    498538,
    372315,
    628232,
    29125601,
    972904,
    49188979,
    32611,
    219424,
    4836072,
    453433,
    309294,
    82075,
    50762105,
    22948,
    3968,
    8196151,
    200152,
    21355232,
    8318491,
    306966,
    35972636,
    31740,
    588981,
    524482,
    4248,
    135276,
    24516,
    36624,
    62633,
    368989,
    55440889,
    68481047,
    205058,
    10522749,
    5816,
    2186423,
    13169,
    20608,
    188497,
    269408,
    413714,
    6920895,
    45367389,
    157774,
    741851,
    2500,
    500004,
    29781,
    288514,
    240432,
    226734,
    62149,
    295691,
    618770,
    457055,
    2856052,
    30450289,
    287299,
    292259,
    380167,
    186191,
    83934,
    235916,
    55417368,
    637543,
    15355864,
    306853,
    87627,
    89514,
    1290366,
    67127,
    143117,
    67211,
    4236415,
    1050340,
    26211,
    81890,
    32133,
    6392374,
    697535,
    66958,
    604350,
    8971303,
    74011,
    2839,
    2043650,
    458762,
    190884,
    910914,
    64300,
    56636,
    1003268,
    46989,
    60382764,
    22707,
    22093,
    64384,
    10209822,
    7632,
    22450,
    521893,
    57708,
    246305,
    479512,
    171623,
    31388,
    5489,
    72760,
    534617,
    5070109,
    951393,
    17416221,
    30125638,
    63503,
    404204,
    56617,
    129295,
    40176,
    10893,
    40158,
    84952,
    2924002,
    313647,
    10149834,
    415156,
    152333,
    880255,
    2507138,
    204971,
    187544,
    57951,
    60058274,
    105908,
    82050,
    176871,
    8429,
    277011,
    615800,
    5643,
    2310937,
    109566,
    83115,
    199445,
    329529,
    41853326,
    54232,
    3351466,
    901117,
    1582694,
    182283,
    28901997,
    601094,
    812281,
    248339,
    8083,
    228600,
    610522,
    81572,
    134987,
    42229472,
    14610495,
    142549,
    1048946,
    404595,
    422038,
    312038,
    33643148,
    540034,
    4595410,
    524850,
    33134,
    19746798,
    650522
  ],
  "page_id_list_entries": [
    {
      "page_id": 2500,
      "answer_type": "Date",
      "table_type": "infobox"
    },
    {
      "page_id": 2500,
      "answer_type": "Number",
      "table_type": "infobox"
    },
    {
      "page_id": 2500,
      "answer_type": "Other",
      "table_type": "infobox"
    },
    {
      "page_id": 2500,
      "answer_type": "Person",
      "table_type": "infobox"
    },
    {
      "page_id": 2500,
      "answer_type": "Place",
      "table_type": "infobox"
    },
    {
      "page_id": 2839,
      "answer_type": "",
      "table_type": ""
    },
    {
      "page_id": 3968,
      "answer_type": "Date",
      "table_type": "infobox"
    },
    {
      "page_id": 3968,
      "answer_type": "Number",
      "table_type": "infobox"
    },
    {
      "page_id": 3968,
      "answer_type": "Other",
      "table_type": "infobox"
    },
    {
      "page_id": 3968,
      "answer_type": "Person",
      "table_type": "infobox"
    },
    {
      "page_id": 3968,
      "answer_type": "Place",
      "table_type": "infobox"
    },
    {
      "page_id": 4248,
      "answer_type": "",
      "table_type": ""
    },
    {
      "page_id": 5489,
      "answer_type": "",
      "table_type": ""
    },
    {
      "page_id": 5643,
      "answer_type": "Date",
      "table_type": "infobox"
    },
    {
      "page_id": 5643,
      "answer_type": "Number",
      "table_type": "infobox"
    },
    {
      "page_id": 5643,
      "answer_type": "Other",
      "table_type": "infobox"
    },
    {
      "page_id": 5643,
      "answer_type": "Person",
      "table_type": "infobox"
    },
    {
      "page_id": 5643,
      "answer_type": "Place",
      "table_type": "infobox"
    },
    {
      "page_id": 5816,
      "answer_type": "Date",
      "table_type": "infobox"
    },
    {
      "page_id": 5816,
      "answer_type": "Number",
      "table_type": "infobox"
    },
    {
      "page_id": 5816,
      "answer_type": "Other",
      "table_type": "infobox"
    },
    {
      "page_id": 5816,
      "answer_type": "Person",
      "table_type": "infobox"
    },
    {
      "page_id": 5816,
      "answer_type": "Place",
      "table_type": "infobox"
    },
    {
      "page_id": 7632,
      "answer_type": "Date",
      "table_type": "infobox"
    },
    {
      "page_id": 7632,
      "answer_type": "Number",
      "table_type": "infobox"
    },
    {
      "page_id": 7632,
      "answer_type": "Other",
      "table_type": "infobox"
    },
    {
      "page_id": 7632,
      "answer_type": "Person",
      "table_type": "infobox"
    },
    {
      "page_id": 7632,
      "answer_type": "Place",
      "table_type": "infobox"
    },
    {
      "page_id": 8083,
      "answer_type": "Date",
      "table_type": "infobox"
    },
    {
      "page_id": 8083,
      "answer_type": "Number",
      "table_type": "infobox"
    },
    {
      "page_id": 8083,
      "answer_type": "Other",
      "table_type": "infobox"
    },
    {
      "page_id": 8083,
      "answer_type": "Person",
      "table_type": "infobox"
    },
    {
      "page_id": 8083,
      "answer_type": "Place",
      "table_type": "infobox"
    },
    {
      "page_id": 8429,
      "answer_type": "",
      "table_type": ""
    },
    {
      "page_id": 9119,
      "answer_type": "",
      "table_type": ""
    },
    {
      "page_id": 9316,
      "answer_type": "",
      "table_type": ""
    },
    {
      "page_id": 10477,
      "answer_type": "Date",
      "table_type": "infobox"
    },
    {
      "page_id": 10477,
      "answer_type": "Number",
      "table_type": "infobox"
    },
    {
      "page_id": 10477,
      "answer_type": "Other",
      "table_type": "infobox"
    },
    {
      "page_id": 10477,
      "answer_type": "Person",
      "table_type": "infobox"
    },
    {
      "page_id": 10477,
      "answer_type": "Place",
      "table_type": "infobox"
    },
    {
      "page_id": 10893,
      "answer_type": "Date",
      "table_type": "infobox"
    },
    {
      "page_id": 10893,
      "answer_type": "Number",
      "table_type": "infobox"
    },
    {
      "page_id": 10893,
      "answer_type": "Other",
      "table_type": "infobox"
    },
    {
      "page_id": 10893,
      "answer_type": "Person",
      "table_type": "infobox"
    },
    {
      "page_id": 10893,
      "answer_type": "Place",
      "table_type": "infobox"
    },
    {
      "page_id": 13169,
      "answer_type": "",
      "table_type": ""
    },
    {
      "page_id": 20608,
      "answer_type": "",
      "table_type": ""
    },
    {
      "page_id": 22093,
      "answer_type": "Date",
      "table_type": "infobox"
    },
    {
      "page_id": 22093,
      "answer_type": "Number",
      "table_type": "infobox"
    },
    {
      "page_id": 22093,
      "answer_type": "Other",
      "table_type": "infobox"
    },
    {
      "page_id": 22093,
      "answer_type": "Person",
      "table_type": "infobox"
    },
    {
      "page_id": 22093,
      "answer_type": "Place",
      "table_type": "infobox"
    },
    {
      "page_id": 22450,
      "answer_type": "Date",
      "table_type": "infobox"
    },
    {
      "page_id": 22450,
      "answer_type": "Number",
      "table_type": "infobox"
    },
    {
      "page_id": 22450,
      "answer_type": "Other",
      "table_type": "infobox"
    },
    {
      "page_id": 22450,
      "answer_type": "Person",
      "table_type": "infobox"
    },
    {
      "page_id": 22450,
      "answer_type": "Place",
      "table_type": "infobox"
    },
    {
      "page_id": 22707,
      "answer_type": "",
      "table_type": ""
    },
    {
      "page_id": 22948,
      "answer_type": "Date",
      "table_type": "infobox"
    },
    {
      "page_id": 22948,
      "answer_type": "Number",
      "table_type": "infobox"
    },
    {
      "page_id": 22948,
      "answer_type": "Other",
      "table_type": "infobox"
    },
    {
      "page_id": 22948,
      "answer_type": "Person",
      "table_type": "infobox"
    },
    {
      "page_id": 22948,
      "answer_type": "Place",
      "table_type": "infobox"
    },
    {
      "page_id": 24516,
      "answer_type": "Date",
      "table_type": "infobox"
    },
    {
      "page_id": 24516,
      "answer_type": "Number",
      "table_type": "infobox"
    },
    {
      "page_id": 24516,
      "answer_type": "Other",
      "table_type": "infobox"
    },
    {
      "page_id": 24516,
      "answer_type": "Person",
      "table_type": "infobox"
    },
    {
      "page_id": 24516,
      "answer_type": "Place",
      "table_type": "infobox"
    },
    {
      "page_id": 26211,
      "answer_type": "",
      "table_type": ""
    },
    {
      "page_id": 29781,
      "answer_type": "Date",
      "table_type": "infobox"
    },
    {
      "page_id": 29781,
      "answer_type": "Number",
      "table_type": "infobox"
    },
    {
      "page_id": 29781,
      "answer_type": "Other",
      "table_type": "infobox"
    },
    {
      "page_id": 29781,
      "answer_type": "Person",
      "table_type": "infobox"
    },
    {
      "page_id": 29781,
      "answer_type": "Place",
      "table_type": "infobox"
    },
    {
      "page_id": 31388,
      "answer_type": "Date",
      "table_type": "infobox"
    },
    {
      "page_id": 31388,
      "answer_type": "Number",
      "table_type": "infobox"
    },
    {
      "page_id": 31388,
      "answer_type": "Other",
      "table_type": "infobox"
    },
    {
      "page_id": 31388,
      "answer_type": "Person",
      "table_type": "infobox"
    },
    {
      "page_id": 31388,
      "answer_type": "Place",
      "table_type": "infobox"
    },
    {
      "page_id": 31740,
      "answer_type": "Date",
      "table_type": "infobox"
    },
    {
      "page_id": 31740,
      "answer_type": "Number",
      "table_type": "infobox"
    },
    {
      "page_id": 31740,
      "answer_type": "Other",
      "table_type": "infobox"
    },
    {
      "page_id": 31740,
      "answer_type": "Person",
      "table_type": "infobox"
    },
    {
      "page_id": 31740,
      "answer_type": "Place",
      "table_type": "infobox"
    },
    {
      "page_id": 32133,
      "answer_type": "Date",
      "table_type": "infobox"
    },
    {
      "page_id": 32133,
      "answer_type": "Number",
      "table_type": "infobox"
    },
    {
      "page_id": 32133,
      "answer_type": "Other",
      "table_type": "infobox"
    },
    {
      "page_id": 32133,
      "answer_type": "Person",
      "table_type": "infobox"
    },
    {
      "page_id": 32133,
      "answer_type": "Place",
      "table_type": "infobox"
    },
    {
      "page_id": 32611,
      "answer_type": "",
      "table_type": ""
    },
    {
      "page_id": 33134,
      "answer_type": "Date",
      "table_type": "infobox"
    },
    {
      "page_id": 33134,
      "answer_type": "Number",
      "table_type": "infobox"
    },
    {
      "page_id": 33134,
      "answer_type": "Other",
      "table_type": "infobox"
    },
    {
      "page_id": 33134,
      "answer_type": "Person",
      "table_type": "infobox"
    },
    {
      "page_id": 33134,
      "answer_type": "Place",
      "table_type": "infobox"
    },
    {
      "page_id": 36624,
      "answer_type": "",
      "table_type": ""
    },
    {
      "page_id": 37284,
      "answer_type": "Date",
      "table_type": "infobox"
    },
    {
      "page_id": 37284,
      "answer_type": "Number",
      "table_type": "infobox"
    },
    {
      "page_id": 37284,
      "answer_type": "Other",
      "table_type": "infobox"
    },
    {
      "page_id": 37284,
      "answer_type": "Person",
      "table_type": "infobox"
    },
    {
      "page_id": 37284,
      "answer_type": "Place",
      "table_type": "infobox"
    },
    {
      "page_id": 40158,
      "answer_type": "Date",
      "table_type": "infobox"
    },
    {
      "page_id": 40158,
      "answer_type": "Number",
      "table_type": "infobox"
    },
    {
      "page_id": 40158,
      "answer_type": "Other",
      "table_type": "infobox"
    },
    {
      "page_id": 40158,
      "answer_type": "Person",
      "table_type": "infobox"
    },
    {
      "page_id": 40158,
      "answer_type": "Place",
      "table_type": "infobox"
    },
    {
      "page_id": 40176,
      "answer_type": "",
      "table_type": ""
    },
    {
      "page_id": 46989,
      "answer_type": "Date",
      "table_type": "infobox"
    },
    {
      "page_id": 46989,
      "answer_type": "Number",
      "table_type": "infobox"
    },
    {
      "page_id": 46989,
      "answer_type": "Other",
      "table_type": "infobox"
    },
    {
      "page_id": 46989,
      "answer_type": "Person",
      "table_type": "infobox"
    },
    {
      "page_id": 46989,
      "answer_type": "Place",
      "table_type": "infobox"
    },
    {
      "page_id": 54232,
      "answer_type": "",
      "table_type": ""
    },
    {
      "page_id": 56617,
      "answer_type": "",
      "table_type": ""
    },
    {
      "page_id": 56636,
      "answer_type": "",
      "table_type": ""
    },
    {
      "page_id": 57708,
      "answer_type": "Date",
      "table_type": "infobox"
    },
    {
      "page_id": 57708,
      "answer_type": "Number",
      "table_type": "infobox"
    },
    {
      "page_id": 57708,
      "answer_type": "Other",
      "table_type": "infobox"
    },
    {
      "page_id": 57708,
      "answer_type": "Person",
      "table_type": "infobox"
    },
    {
      "page_id": 57708,
      "answer_type": "Place",
      "table_type": "infobox"
    },
    {
      "page_id": 57951,
      "answer_type": "Date",
      "table_type": "infobox"
    },
    {
      "page_id": 57951,
      "answer_type": "Number",
      "table_type": "infobox"
    },
    {
      "page_id": 57951,
      "answer_type": "Other",
      "table_type": "infobox"
    },
    {
      "page_id": 57951,
      "answer_type": "Person",
      "table_type": "infobox"
    },
    {
      "page_id": 57951,
      "answer_type": "Place",
      "table_type": "infobox"
    },
    {
      "page_id": 62149,
      "answer_type": "",
      "table_type": ""
    },
    {
      "page_id": 62633,
      "answer_type": "",
      "table_type": ""
    },
    {
      "page_id": 63503,
      "answer_type": "",
      "table_type": ""
    },
    {
      "page_id": 64300,
      "answer_type": "Date",
      "table_type": "infobox"
    },
    {
      "page_id": 64300,
      "answer_type": "Number",
      "table_type": "infobox"
    },
    {
      "page_id": 64300,
      "answer_type": "Other",
      "table_type": "infobox"
    },
    {
      "page_id": 64300,
      "answer_type": "Person",
      "table_type": "infobox"
    },
    {
      "page_id": 64300,
      "answer_type": "Place",
      "table_type": "infobox"
    },
    {
      "page_id": 64384,
      "answer_type": "Date",
      "table_type": "infobox"
    },
    {
      "page_id": 64384,
      "answer_type": "Number",
      "table_type": "infobox"
    },
    {
      "page_id": 64384,
      "answer_type": "Other",
      "table_type": "infobox"
    },
    {
      "page_id": 64384,
      "answer_type": "Person",
      "table_type": "infobox"
    },
    {
      "page_id": 64384,
      "answer_type": "Place",
      "table_type": "infobox"
    },
    {
      "page_id": 66958,
      "answer_type": "Date",
      "table_type": "infobox"
    },
    {
      "page_id": 66958,
      "answer_type": "Number",
      "table_type": "infobox"
    },
    {
      "page_id": 66958,
      "answer_type": "Other",
      "table_type": "infobox"
    },
    {
      "page_id": 66958,
      "answer_type": "Person",
      "table_type": "infobox"
    },
    {
      "page_id": 66958,
      "answer_type": "Place",
      "table_type": "infobox"
    },
    {
      "page_id": 67127,
      "answer_type": "Date",
      "table_type": "infobox"
    },
    {
      "page_id": 67127,
      "answer_type": "Number",
      "table_type": "infobox"
    },
    {
      "page_id": 67127,
      "answer_type": "Other",
      "table_type": "infobox"
    },
    {
      "page_id": 67127,
      "answer_type": "Person",
      "table_type": "infobox"
    },
    {
      "page_id": 67127,
      "answer_type": "Place",
      "table_type": "infobox"
    },
    {
      "page_id": 67211,
      "answer_type": "",
      "table_type": ""
    },
    {
      "page_id": 70298,
      "answer_type": "Date",
      "table_type": "infobox"
    },
    {
      "page_id": 70298,
      "answer_type": "Number",
      "table_type": "infobox"
    },
    {
      "page_id": 70298,
      "answer_type": "Other",
      "table_type": "infobox"
    },
    {
      "page_id": 70298,
      "answer_type": "Person",
      "table_type": "infobox"
    },
    {
      "page_id": 70298,
      "answer_type": "Place",
      "table_type": "infobox"
    },
    {
      "page_id": 72760,
      "answer_type": "",
      "table_type": ""
    },
    {
      "page_id": 74011,
      "answer_type": "Date",
      "table_type": "infobox"
    },
    {
      "page_id": 74011,
      "answer_type": "Number",
      "table_type": "infobox"
    },
    {
      "page_id": 74011,
      "answer_type": "Other",
      "table_type": "infobox"
    },
    {
      "page_id": 74011,
      "answer_type": "Person",
      "table_type": "infobox"
    },
    {
      "page_id": 74011,
      "answer_type": "Place",
      "table_type": "infobox"
    },
    {
      "page_id": 76165,
      "answer_type": "Date",
      "table_type": "infobox"
    },
    {
      "page_id": 76165,
      "answer_type": "Number",
      "table_type": "infobox"
    },
    {
      "page_id": 76165,
      "answer_type": "Other",
      "table_type": "infobox"
    },
    {
      "page_id": 76165,
      "answer_type": "Person",
      "table_type": "infobox"
    },
    {
      "page_id": 76165,
      "answer_type": "Place",
      "table_type": "infobox"
    },
    {
      "page_id": 81572,
      "answer_type": "",
      "table_type": ""
    },
    {
      "page_id": 81890,
      "answer_type": "",
      "table_type": ""
    },
    {
      "page_id": 82050,
      "answer_type": "Date",
      "table_type": "infobox"
    },
    {
      "page_id": 82050,
      "answer_type": "Number",
      "table_type": "infobox"
    },
    {
      "page_id": 82050,
      "answer_type": "Other",
      "table_type": "infobox"
    },
    {
      "page_id": 82050,
      "answer_type": "Person",
      "table_type": "infobox"
    },
    {
      "page_id": 82050,
      "answer_type": "Place",
      "table_type": "infobox"
    },
    {
      "page_id": 82075,
      "answer_type": "",
      "table_type": ""
    },
    {
      "page_id": 83115,
      "answer_type": "",
      "table_type": ""
    },
    {
      "page_id": 83934,
      "answer_type": "",
      "table_type": ""
    },
    {
      "page_id": 84952,
      "answer_type": "Date",
      "table_type": "infobox"
    },
    {
      "page_id": 84952,
      "answer_type": "Number",
      "table_type": "infobox"
    },
    {
      "page_id": 84952,
      "answer_type": "Other",
      "table_type": "infobox"
    },
    {
      "page_id": 84952,
      "answer_type": "Person",
      "table_type": "infobox"
    },
    {
      "page_id": 84952,
      "answer_type": "Place",
      "table_type": "infobox"
    },
    {
      "page_id": 87627,
      "answer_type": "",
      "table_type": ""
    },
    {
      "page_id": 89514,
      "answer_type": "",
      "table_type": ""
    },
    {
      "page_id": 105908,
      "answer_type": "Date",
      "table_type": "infobox"
    },
    {
      "page_id": 105908,
      "answer_type": "Number",
      "table_type": "infobox"
    },
    {
      "page_id": 105908,
      "answer_type": "Other",
      "table_type": "infobox"
    },
    {
      "page_id": 105908,
      "answer_type": "Person",
      "table_type": "infobox"
    },
    {
      "page_id": 105908,
      "answer_type": "Place",
      "table_type": "infobox"
    },
    {
      "page_id": 109566,
      "answer_type": "Date",
      "table_type": "infobox"
    },
    {
      "page_id": 109566,
      "answer_type": "Number",
      "table_type": "infobox"
    },
    {
      "page_id": 109566,
      "answer_type": "Other",
      "table_type": "infobox"
    },
    {
      "page_id": 109566,
      "answer_type": "Person",
      "table_type": "infobox"
    },
    {
      "page_id": 109566,
      "answer_type": "Place",
      "table_type": "infobox"
    },
    {
      "page_id": 129295,
      "answer_type": "Date",
      "table_type": "infobox"
    },
    {
      "page_id": 129295,
      "answer_type": "Number",
      "table_type": "infobox"
    },
    {
      "page_id": 129295,
      "answer_type": "Other",
      "table_type": "infobox"
    },
    {
      "page_id": 129295,
      "answer_type": "Person",
      "table_type": "infobox"
    },
    {
      "page_id": 129295,
      "answer_type": "Place",
      "table_type": "infobox"
    },
    {
      "page_id": 134987,
      "answer_type": "",
      "table_type": ""
    },
    {
      "page_id": 135276,
      "answer_type": "Date",
      "table_type": "infobox"
    },
    {
      "page_id": 135276,
      "answer_type": "Number",
      "table_type": "infobox"
    },
    {
      "page_id": 135276,
      "answer_type": "Other",
      "table_type": "infobox"
    },
    {
      "page_id": 135276,
      "answer_type": "Person",
      "table_type": "infobox"
    },
    {
      "page_id": 135276,
      "answer_type": "Place",
      "table_type": "infobox"
    },
    {
      "page_id": 142549,
      "answer_type": "Date",
      "table_type": "infobox"
    },
    {
      "page_id": 142549,
      "answer_type": "Number",
      "table_type": "infobox"
    },
    {
      "page_id": 142549,
      "answer_type": "Other",
      "table_type": "infobox"
    },
    {
      "page_id": 142549,
      "answer_type": "Person",
      "table_type": "infobox"
    },
    {
      "page_id": 142549,
      "answer_type": "Place",
      "table_type": "infobox"
    },
    {
      "page_id": 143117,
      "answer_type": "",
      "table_type": ""
    },
    {
      "page_id": 152333,
      "answer_type": "",
      "table_type": ""
    },
    {
      "page_id": 157774,
      "answer_type": "",
      "table_type": ""
    },
    {
      "page_id": 171623,
      "answer_type": "Date",
      "table_type": "infobox"
    },
    {
      "page_id": 171623,
      "answer_type": "Number",
      "table_type": "infobox"
    },
    {
      "page_id": 171623,
      "answer_type": "Other",
      "table_type": "infobox"
    },
    {
      "page_id": 171623,
      "answer_type": "Person",
      "table_type": "infobox"
    },
    {
      "page_id": 171623,
      "answer_type": "Place",
      "table_type": "infobox"
    },
    {
      "page_id": 173652,
      "answer_type": "",
      "table_type": ""
    },
    {
      "page_id": 176871,
      "answer_type": "",
      "table_type": ""
    },
    {
      "page_id": 180174,
      "answer_type": "",
      "table_type": ""
    },
    {
      "page_id": 182283,
      "answer_type": "",
      "table_type": ""
    },
    {
      "page_id": 186191,
      "answer_type": "Date",
      "table_type": "infobox"
    },
    {
      "page_id": 186191,
      "answer_type": "Number",
      "table_type": "infobox"
    },
    {
      "page_id": 186191,
      "answer_type": "Other",
      "table_type": "infobox"
    },
    {
      "page_id": 186191,
      "answer_type": "Person",
      "table_type": "infobox"
    },
    {
      "page_id": 186191,
      "answer_type": "Place",
      "table_type": "infobox"
    },
    {
      "page_id": 187544,
      "answer_type": "",
      "table_type": ""
    },
    {
      "page_id": 188497,
      "answer_type": "Date",
      "table_type": "infobox"
    },
    {
      "page_id": 188497,
      "answer_type": "Number",
      "table_type": "infobox"
    },
    {
      "page_id": 188497,
      "answer_type": "Other",
      "table_type": "infobox"
    },
    {
      "page_id": 188497,
      "answer_type": "Person",
      "table_type": "infobox"
    },
    {
      "page_id": 188497,
      "answer_type": "Place",
      "table_type": "infobox"
    },
    {
      "page_id": 190884,
      "answer_type": "",
      "table_type": ""
    },
    {
      "page_id": 199445,
      "answer_type": "Date",
      "table_type": "infobox"
    },
    {
      "page_id": 199445,
      "answer_type": "Number",
      "table_type": "infobox"
    },
    {
      "page_id": 199445,
      "answer_type": "Other",
      "table_type": "infobox"
    },
    {
      "page_id": 199445,
      "answer_type": "Person",
      "table_type": "infobox"
    },
    {
      "page_id": 199445,
      "answer_type": "Place",
      "table_type": "infobox"
    },
    {
      "page_id": 200152,
      "answer_type": "Date",
      "table_type": "infobox"
    },
    {
      "page_id": 200152,
      "answer_type": "Number",
      "table_type": "infobox"
    },
    {
      "page_id": 200152,
      "answer_type": "Other",
      "table_type": "infobox"
    },
    {
      "page_id": 200152,
      "answer_type": "Person",
      "table_type": "infobox"
    },
    {
      "page_id": 200152,
      "answer_type": "Place",
      "table_type": "infobox"
    },
    {
      "page_id": 204971,
      "answer_type": "",
      "table_type": ""
    },
    {
      "page_id": 205058,
      "answer_type": "",
      "table_type": ""
    },
    {
      "page_id": 206997,
      "answer_type": "",
      "table_type": ""
    },
    {
      "page_id": 219424,
      "answer_type": "",
      "table_type": ""
    },
    {
      "page_id": 226734,
      "answer_type": "Date",
      "table_type": "infobox"
    },
    {
      "page_id": 226734,
      "answer_type": "Number",
      "table_type": "infobox"
    },
    {
      "page_id": 226734,
      "answer_type": "Other",
      "table_type": "infobox"
    },
    {
      "page_id": 226734,
      "answer_type": "Person",
      "table_type": "infobox"
    },
    {
      "page_id": 226734,
      "answer_type": "Place",
      "table_type": "infobox"
    },
    {
      "page_id": 228600,
      "answer_type": "Date",
      "table_type": "infobox"
    },
    {
      "page_id": 228600,
      "answer_type": "Number",
      "table_type": "infobox"
    },
    {
      "page_id": 228600,
      "answer_type": "Other",
      "table_type": "infobox"
    },
    {
      "page_id": 228600,
      "answer_type": "Person",
      "table_type": "infobox"
    },
    {
      "page_id": 228600,
      "answer_type": "Place",
      "table_type": "infobox"
    },
    {
      "page_id": 231031,
      "answer_type": "Date",
      "table_type": "infobox"
    },
    {
      "page_id": 231031,
      "answer_type": "Number",
      "table_type": "infobox"
    },
    {
      "page_id": 231031,
      "answer_type": "Other",
      "table_type": "infobox"
    },
    {
      "page_id": 231031,
      "answer_type": "Person",
      "table_type": "infobox"
    },
    {
      "page_id": 231031,
      "answer_type": "Place",
      "table_type": "infobox"
    },
    {
      "page_id": 235916,
      "answer_type": "Date",
      "table_type": "infobox"
    },
    {
      "page_id": 235916,
      "answer_type": "Number",
      "table_type": "infobox"
    },
    {
      "page_id": 235916,
      "answer_type": "Other",
      "table_type": "infobox"
    },
    {
      "page_id": 235916,
      "answer_type": "Person",
      "table_type": "infobox"
    },
    {
      "page_id": 235916,
      "answer_type": "Place",
      "table_type": "infobox"
    },
    {
      "page_id": 240432,
      "answer_type": "Date",
      "table_type": "infobox"
    },
    {
      "page_id": 240432,
      "answer_type": "Number",
      "table_type": "infobox"
    },
    {
      "page_id": 240432,
      "answer_type": "Other",
      "table_type": "infobox"
    },
    {
      "page_id": 240432,
      "answer_type": "Person",
      "table_type": "infobox"
    },
    {
      "page_id": 240432,
      "answer_type": "Place",
      "table_type": "infobox"
    },
    {
      "page_id": 246305,
      "answer_type": "",
      "table_type": ""
    },
    {
      "page_id": 248339,
      "answer_type": "",
      "table_type": ""
    },
    {
      "page_id": 255999,
      "answer_type": "",
      "table_type": ""
    },
    {
      "page_id": 257453,
      "answer_type": "",
      "table_type": ""
    },
    {
      "page_id": 269408,
      "answer_type": "Date",
      "table_type": "infobox"
    },
    {
      "page_id": 269408,
      "answer_type": "Number",
      "table_type": "infobox"
    },
    {
      "page_id": 269408,
      "answer_type": "Other",
      "table_type": "infobox"
    },
    {
      "page_id": 269408,
      "answer_type": "Person",
      "table_type": "infobox"
    },
    {
      "page_id": 269408,
      "answer_type": "Place",
      "table_type": "infobox"
    },
    {
      "page_id": 277011,
      "answer_type": "Date",
      "table_type": "infobox"
    },
    {
      "page_id": 277011,
      "answer_type": "Number",
      "table_type": "infobox"
    },
    {
      "page_id": 277011,
      "answer_type": "Other",
      "table_type": "infobox"
    },
    {
      "page_id": 277011,
      "answer_type": "Person",
      "table_type": "infobox"
    },
    {
      "page_id": 277011,
      "answer_type": "Place",
      "table_type": "infobox"
    },
    {
      "page_id": 287299,
      "answer_type": "Date",
      "table_type": "infobox"
    },
    {
      "page_id": 287299,
      "answer_type": "Number",
      "table_type": "infobox"
    },
    {
      "page_id": 287299,
      "answer_type": "Other",
      "table_type": "infobox"
    },
    {
      "page_id": 287299,
      "answer_type": "Person",
      "table_type": "infobox"
    },
    {
      "page_id": 287299,
      "answer_type": "Place",
      "table_type": "infobox"
    },
    {
      "page_id": 288514,
      "answer_type": "Date",
      "table_type": "infobox"
    },
    {
      "page_id": 288514,
      "answer_type": "Number",
      "table_type": "infobox"
    },
    {
      "page_id": 288514,
      "answer_type": "Other",
      "table_type": "infobox"
    },
    {
      "page_id": 288514,
      "answer_type": "Person",
      "table_type": "infobox"
    },
    {
      "page_id": 288514,
      "answer_type": "Place",
      "table_type": "infobox"
    },
    {
      "page_id": 292259,
      "answer_type": "Date",
      "table_type": "infobox"
    },
    {
      "page_id": 292259,
      "answer_type": "Number",
      "table_type": "infobox"
    },
    {
      "page_id": 292259,
      "answer_type": "Other",
      "table_type": "infobox"
    },
    {
      "page_id": 292259,
      "answer_type": "Person",
      "table_type": "infobox"
    },
    {
      "page_id": 292259,
      "answer_type": "Place",
      "table_type": "infobox"
    },
    {
      "page_id": 295691,
      "answer_type": "Date",
      "table_type": "infobox"
    },
    {
      "page_id": 295691,
      "answer_type": "Number",
      "table_type": "infobox"
    },
    {
      "page_id": 295691,
      "answer_type": "Other",
      "table_type": "infobox"
    },
    {
      "page_id": 295691,
      "answer_type": "Person",
      "table_type": "infobox"
    },
    {
      "page_id": 295691,
      "answer_type": "Place",
      "table_type": "infobox"
    },
    {
      "page_id": 306853,
      "answer_type": "Date",
      "table_type": "infobox"
    },
    {
      "page_id": 306853,
      "answer_type": "Number",
      "table_type": "infobox"
    },
    {
      "page_id": 306853,
      "answer_type": "Other",
      "table_type": "infobox"
    },
    {
      "page_id": 306853,
      "answer_type": "Person",
      "table_type": "infobox"
    },
    {
      "page_id": 306853,
      "answer_type": "Place",
      "table_type": "infobox"
    },
    {
      "page_id": 306966,
      "answer_type": "",
      "table_type": ""
    },
    {
      "page_id": 309294,
      "answer_type": "",
      "table_type": ""
    },
    {
      "page_id": 312038,
      "answer_type": "Date",
      "table_type": "infobox"
    },
    {
      "page_id": 312038,
      "answer_type": "Number",
      "table_type": "infobox"
    },
    {
      "page_id": 312038,
      "answer_type": "Other",
      "table_type": "infobox"
    },
    {
      "page_id": 312038,
      "answer_type": "Person",
      "table_type": "infobox"
    },
    {
      "page_id": 312038,
      "answer_type": "Place",
      "table_type": "infobox"
    },
    {
      "page_id": 313647,
      "answer_type": "",
      "table_type": ""
    },
    {
      "page_id": 329529,
      "answer_type": "Date",
      "table_type": "infobox"
    },
    {
      "page_id": 329529,
      "answer_type": "Number",
      "table_type": "infobox"
    },
    {
      "page_id": 329529,
      "answer_type": "Other",
      "table_type": "infobox"
    },
    {
      "page_id": 329529,
      "answer_type": "Person",
      "table_type": "infobox"
    },
    {
      "page_id": 329529,
      "answer_type": "Place",
      "table_type": "infobox"
    },
    {
      "page_id": 368989,
      "answer_type": "",
      "table_type": ""
    },
    {
      "page_id": 372315,
      "answer_type": "",
      "table_type": ""
    },
    {
      "page_id": 380167,
      "answer_type": "Date",
      "table_type": "infobox"
    },
    {
      "page_id": 380167,
      "answer_type": "Number",
      "table_type": "infobox"
    },
    {
      "page_id": 380167,
      "answer_type": "Other",
      "table_type": "infobox"
    },
    {
      "page_id": 380167,
      "answer_type": "Person",
      "table_type": "infobox"
    },
    {
      "page_id": 380167,
      "answer_type": "Place",
      "table_type": "infobox"
    },
    {
      "page_id": 404204,
      "answer_type": "Date",
      "table_type": "infobox"
    },
    {
      "page_id": 404204,
      "answer_type": "Number",
      "table_type": "infobox"
    },
    {
      "page_id": 404204,
      "answer_type": "Other",
      "table_type": "infobox"
    },
    {
      "page_id": 404204,
      "answer_type": "Person",
      "table_type": "infobox"
    },
    {
      "page_id": 404204,
      "answer_type": "Place",
      "table_type": "infobox"
    },
    {
      "page_id": 404595,
      "answer_type": "Date",
      "table_type": "infobox"
    },
    {
      "page_id": 404595,
      "answer_type": "Number",
      "table_type": "infobox"
    },
    {
      "page_id": 404595,
      "answer_type": "Other",
      "table_type": "infobox"
    },
    {
      "page_id": 404595,
      "answer_type": "Person",
      "table_type": "infobox"
    },
    {
      "page_id": 404595,
      "answer_type": "Place",
      "table_type": "infobox"
    },
    {
      "page_id": 413714,
      "answer_type": "Date",
      "table_type": "infobox"
    },
    {
      "page_id": 413714,
      "answer_type": "Number",
      "table_type": "infobox"
    },
    {
      "page_id": 413714,
      "answer_type": "Other",
      "table_type": "infobox"
    },
    {
      "page_id": 413714,
      "answer_type": "Person",
      "table_type": "infobox"
    },
    {
      "page_id": 413714,
      "answer_type": "Place",
      "table_type": "infobox"
    },
    {
      "page_id": 415156,
      "answer_type": "Date",
      "table_type": "infobox"
    },
    {
      "page_id": 415156,
      "answer_type": "Number",
      "table_type": "infobox"
    },
    {
      "page_id": 415156,
      "answer_type": "Other",
      "table_type": "infobox"
    },
    {
      "page_id": 415156,
      "answer_type": "Person",
      "table_type": "infobox"
    },
    {
      "page_id": 415156,
      "answer_type": "Place",
      "table_type": "infobox"
    },
    {
      "page_id": 422038,
      "answer_type": "Date",
      "table_type": "infobox"
    },
    {
      "page_id": 422038,
      "answer_type": "Number",
      "table_type": "infobox"
    },
    {
      "page_id": 422038,
      "answer_type": "Other",
      "table_type": "infobox"
    },
    {
      "page_id": 422038,
      "answer_type": "Person",
      "table_type": "infobox"
    },
    {
      "page_id": 422038,
      "answer_type": "Place",
      "table_type": "infobox"
    },
    {
      "page_id": 453433,
      "answer_type": "",
      "table_type": ""
    },
    {
      "page_id": 457055,
      "answer_type": "",
      "table_type": ""
    },
    {
      "page_id": 458762,
      "answer_type": "",
      "table_type": ""
    },
    {
      "page_id": 479512,
      "answer_type": "",
      "table_type": ""
    },
    {
      "page_id": 498538,
      "answer_type": "Date",
      "table_type": "infobox"
    },
    {
      "page_id": 498538,
      "answer_type": "Number",
      "table_type": "infobox"
    },
    {
      "page_id": 498538,
      "answer_type": "Other",
      "table_type": "infobox"
    },
    {
      "page_id": 498538,
      "answer_type": "Person",
      "table_type": "infobox"
    },
    {
      "page_id": 498538,
      "answer_type": "Place",
      "table_type": "infobox"
    },
    {
      "page_id": 500004,
      "answer_type": "Date",
      "table_type": "infobox"
    },
    {
      "page_id": 500004,
      "answer_type": "Number",
      "table_type": "infobox"
    },
    {
      "page_id": 500004,
      "answer_type": "Other",
      "table_type": "infobox"
    },
    {
      "page_id": 500004,
      "answer_type": "Person",
      "table_type": "infobox"
    },
    {
      "page_id": 500004,
      "answer_type": "Place",
      "table_type": "infobox"
    },
    {
      "page_id": 521893,
      "answer_type": "Date",
      "table_type": "infobox"
    },
    {
      "page_id": 521893,
      "answer_type": "Number",
      "table_type": "infobox"
    },
    {
      "page_id": 521893,
      "answer_type": "Other",
      "table_type": "infobox"
    },
    {
      "page_id": 521893,
      "answer_type": "Person",
      "table_type": "infobox"
    },
    {
      "page_id": 521893,
      "answer_type": "Place",
      "table_type": "infobox"
    },
    {
      "page_id": 524482,
      "answer_type": "Date",
      "table_type": "infobox"
    },
    {
      "page_id": 524482,
      "answer_type": "Number",
      "table_type": "infobox"
    },
    {
      "page_id": 524482,
      "answer_type": "Other",
      "table_type": "infobox"
    },
    {
      "page_id": 524482,
      "answer_type": "Person",
      "table_type": "infobox"
    },
    {
      "page_id": 524482,
      "answer_type": "Place",
      "table_type": "infobox"
    },
    {
      "page_id": 524850,
      "answer_type": "Date",
      "table_type": "infobox"
    },
    {
      "page_id": 524850,
      "answer_type": "Number",
      "table_type": "infobox"
    },
    {
      "page_id": 524850,
      "answer_type": "Other",
      "table_type": "infobox"
    },
    {
      "page_id": 524850,
      "answer_type": "Person",
      "table_type": "infobox"
    },
    {
      "page_id": 524850,
      "answer_type": "Place",
      "table_type": "infobox"
    },
    {
      "page_id": 534617,
      "answer_type": "Date",
      "table_type": "infobox"
    },
    {
      "page_id": 534617,
      "answer_type": "Number",
      "table_type": "infobox"
    },
    {
      "page_id": 534617,
      "answer_type": "Other",
      "table_type": "infobox"
    },
    {
      "page_id": 534617,
      "answer_type": "Person",
      "table_type": "infobox"
    },
    {
      "page_id": 534617,
      "answer_type": "Place",
      "table_type": "infobox"
    },
    {
      "page_id": 540034,
      "answer_type": "Date",
      "table_type": "infobox"
    },
    {
      "page_id": 540034,
      "answer_type": "Number",
      "table_type": "infobox"
    },
    {
      "page_id": 540034,
      "answer_type": "Other",
      "table_type": "infobox"
    },
    {
      "page_id": 540034,
      "answer_type": "Person",
      "table_type": "infobox"
    },
    {
      "page_id": 540034,
      "answer_type": "Place",
      "table_type": "infobox"
    },
    {
      "page_id": 588981,
      "answer_type": "",
      "table_type": ""
    },
    {
      "page_id": 601094,
      "answer_type": "Date",
      "table_type": "infobox"
    },
    {
      "page_id": 601094,
      "answer_type": "Number",
      "table_type": "infobox"
    },
    {
      "page_id": 601094,
      "answer_type": "Other",
      "table_type": "infobox"
    },
    {
      "page_id": 601094,
      "answer_type": "Person",
      "table_type": "infobox"
    },
    {
      "page_id": 601094,
      "answer_type": "Place",
      "table_type": "infobox"
    },
    {
      "page_id": 604350,
      "answer_type": "Date",
      "table_type": "infobox"
    },
    {
      "page_id": 604350,
      "answer_type": "Number",
      "table_type": "infobox"
    },
    {
      "page_id": 604350,
      "answer_type": "Other",
      "table_type": "infobox"
    },
    {
      "page_id": 604350,
      "answer_type": "Person",
      "table_type": "infobox"
    },
    {
      "page_id": 604350,
      "answer_type": "Place",
      "table_type": "infobox"
    },
    {
      "page_id": 610522,
      "answer_type": "Date",
      "table_type": "infobox"
    },
    {
      "page_id": 610522,
      "answer_type": "Number",
      "table_type": "infobox"
    },
    {
      "page_id": 610522,
      "answer_type": "Other",
      "table_type": "infobox"
    },
    {
      "page_id": 610522,
      "answer_type": "Person",
      "table_type": "infobox"
    },
    {
      "page_id": 610522,
      "answer_type": "Place",
      "table_type": "infobox"
    },
    {
      "page_id": 615800,
      "answer_type": "Date",
      "table_type": "infobox"
    },
    {
      "page_id": 615800,
      "answer_type": "Number",
      "table_type": "infobox"
    },
    {
      "page_id": 615800,
      "answer_type": "Other",
      "table_type": "infobox"
    },
    {
      "page_id": 615800,
      "answer_type": "Person",
      "table_type": "infobox"
    },
    {
      "page_id": 615800,
      "answer_type": "Place",
      "table_type": "infobox"
    },
    {
      "page_id": 618770,
      "answer_type": "Date",
      "table_type": "infobox"
    },
    {
      "page_id": 618770,
      "answer_type": "Number",
      "table_type": "infobox"
    },
    {
      "page_id": 618770,
      "answer_type": "Other",
      "table_type": "infobox"
    },
    {
      "page_id": 618770,
      "answer_type": "Person",
      "table_type": "infobox"
    },
    {
      "page_id": 618770,
      "answer_type": "Place",
      "table_type": "infobox"
    },
    {
      "page_id": 628232,
      "answer_type": "Date",
      "table_type": "infobox"
    },
    {
      "page_id": 628232,
      "answer_type": "Number",
      "table_type": "infobox"
    },
    {
      "page_id": 628232,
      "answer_type": "Other",
      "table_type": "infobox"
    },
    {
      "page_id": 628232,
      "answer_type": "Person",
      "table_type": "infobox"
    },
    {
      "page_id": 628232,
      "answer_type": "Place",
      "table_type": "infobox"
    },
    {
      "page_id": 637543,
      "answer_type": "",
      "table_type": ""
    },
    {
      "page_id": 650522,
      "answer_type": "",
      "table_type": ""
    },
    {
      "page_id": 697535,
      "answer_type": "Date",
      "table_type": "infobox"
    },
    {
      "page_id": 697535,
      "answer_type": "Number",
      "table_type": "infobox"
    },
    {
      "page_id": 697535,
      "answer_type": "Other",
      "table_type": "infobox"
    },
    {
      "page_id": 697535,
      "answer_type": "Person",
      "table_type": "infobox"
    },
    {
      "page_id": 697535,
      "answer_type": "Place",
      "table_type": "infobox"
    },
    {
      "page_id": 741851,
      "answer_type": "Date",
      "table_type": "infobox"
    },
    {
      "page_id": 741851,
      "answer_type": "Number",
      "table_type": "infobox"
    },
    {
      "page_id": 741851,
      "answer_type": "Other",
      "table_type": "infobox"
    },
    {
      "page_id": 741851,
      "answer_type": "Person",
      "table_type": "infobox"
    },
    {
      "page_id": 741851,
      "answer_type": "Place",
      "table_type": "infobox"
    },
    {
      "page_id": 812281,
      "answer_type": "Date",
      "table_type": "infobox"
    },
    {
      "page_id": 812281,
      "answer_type": "Number",
      "table_type": "infobox"
    },
    {
      "page_id": 812281,
      "answer_type": "Other",
      "table_type": "infobox"
    },
    {
      "page_id": 812281,
      "answer_type": "Person",
      "table_type": "infobox"
    },
    {
      "page_id": 812281,
      "answer_type": "Place",
      "table_type": "infobox"
    },
    {
      "page_id": 880255,
      "answer_type": "Date",
      "table_type": "infobox"
    },
    {
      "page_id": 880255,
      "answer_type": "Number",
      "table_type": "infobox"
    },
    {
      "page_id": 880255,
      "answer_type": "Other",
      "table_type": "infobox"
    },
    {
      "page_id": 880255,
      "answer_type": "Person",
      "table_type": "infobox"
    },
    {
      "page_id": 880255,
      "answer_type": "Place",
      "table_type": "infobox"
    },
    {
      "page_id": 901117,
      "answer_type": "",
      "table_type": ""
    },
    {
      "page_id": 910914,
      "answer_type": "Date",
      "table_type": "infobox"
    },
    {
      "page_id": 910914,
      "answer_type": "Number",
      "table_type": "infobox"
    },
    {
      "page_id": 910914,
      "answer_type": "Other",
      "table_type": "infobox"
    },
    {
      "page_id": 910914,
      "answer_type": "Person",
      "table_type": "infobox"
    },
    {
      "page_id": 910914,
      "answer_type": "Place",
      "table_type": "infobox"
    },
    {
      "page_id": 951393,
      "answer_type": "",
      "table_type": ""
    },
    {
      "page_id": 963152,
      "answer_type": "",
      "table_type": ""
    },
    {
      "page_id": 972904,
      "answer_type": "Date",
      "table_type": "infobox"
    },
    {
      "page_id": 972904,
      "answer_type": "Number",
      "table_type": "infobox"
    },
    {
      "page_id": 972904,
      "answer_type": "Other",
      "table_type": "infobox"
    },
    {
      "page_id": 972904,
      "answer_type": "Person",
      "table_type": "infobox"
    },
    {
      "page_id": 972904,
      "answer_type": "Place",
      "table_type": "infobox"
    },
    {
      "page_id": 1003268,
      "answer_type": "Date",
      "table_type": "infobox"
    },
    {
      "page_id": 1003268,
      "answer_type": "Number",
      "table_type": "infobox"
    },
    {
      "page_id": 1003268,
      "answer_type": "Other",
      "table_type": "infobox"
    },
    {
      "page_id": 1003268,
      "answer_type": "Person",
      "table_type": "infobox"
    },
    {
      "page_id": 1003268,
      "answer_type": "Place",
      "table_type": "infobox"
    },
    {
      "page_id": 1048946,
      "answer_type": "",
      "table_type": ""
    },
    {
      "page_id": 1050340,
      "answer_type": "Date",
      "table_type": "infobox"
    },
    {
      "page_id": 1050340,
      "answer_type": "Number",
      "table_type": "infobox"
    },
    {
      "page_id": 1050340,
      "answer_type": "Other",
      "table_type": "infobox"
    },
    {
      "page_id": 1050340,
      "answer_type": "Person",
      "table_type": "infobox"
    },
    {
      "page_id": 1050340,
      "answer_type": "Place",
      "table_type": "infobox"
    },
    {
      "page_id": 1290366,
      "answer_type": "",
      "table_type": ""
    },
    {
      "page_id": 1582694,
      "answer_type": "Date",
      "table_type": "infobox"
    },
    {
      "page_id": 1582694,
      "answer_type": "Number",
      "table_type": "infobox"
    },
    {
      "page_id": 1582694,
      "answer_type": "Other",
      "table_type": "infobox"
    },
    {
      "page_id": 1582694,
      "answer_type": "Person",
      "table_type": "infobox"
    },
    {
      "page_id": 1582694,
      "answer_type": "Place",
      "table_type": "infobox"
    },
    {
      "page_id": 1674887,
      "answer_type": "Date",
      "table_type": "infobox"
    },
    {
      "page_id": 1674887,
      "answer_type": "Number",
      "table_type": "infobox"
    },
    {
      "page_id": 1674887,
      "answer_type": "Other",
      "table_type": "infobox"
    },
    {
      "page_id": 1674887,
      "answer_type": "Person",
      "table_type": "infobox"
    },
    {
      "page_id": 1674887,
      "answer_type": "Place",
      "table_type": "infobox"
    },
    {
      "page_id": 2043650,
      "answer_type": "Date",
      "table_type": "infobox"
    },
    {
      "page_id": 2043650,
      "answer_type": "Number",
      "table_type": "infobox"
    },
    {
      "page_id": 2043650,
      "answer_type": "Other",
      "table_type": "infobox"
    },
    {
      "page_id": 2043650,
      "answer_type": "Person",
      "table_type": "infobox"
    },
    {
      "page_id": 2043650,
      "answer_type": "Place",
      "table_type": "infobox"
    },
    {
      "page_id": 2186423,
      "answer_type": "",
      "table_type": ""
    },
    {
      "page_id": 2310937,
      "answer_type": "Date",
      "table_type": "infobox"
    },
    {
      "page_id": 2310937,
      "answer_type": "Number",
      "table_type": "infobox"
    },
    {
      "page_id": 2310937,
      "answer_type": "Other",
      "table_type": "infobox"
    },
    {
      "page_id": 2310937,
      "answer_type": "Person",
      "table_type": "infobox"
    },
    {
      "page_id": 2310937,
      "answer_type": "Place",
      "table_type": "infobox"
    },
    {
      "page_id": 2507138,
      "answer_type": "",
      "table_type": ""
    },
    {
      "page_id": 2856052,
      "answer_type": "Date",
      "table_type": "infobox"
    },
    {
      "page_id": 2856052,
      "answer_type": "Number",
      "table_type": "infobox"
    },
    {
      "page_id": 2856052,
      "answer_type": "Other",
      "table_type": "infobox"
    },
    {
      "page_id": 2856052,
      "answer_type": "Person",
      "table_type": "infobox"
    },
    {
      "page_id": 2856052,
      "answer_type": "Place",
      "table_type": "infobox"
    },
    {
      "page_id": 2924002,
      "answer_type": "",
      "table_type": ""
    },
    {
      "page_id": 3351466,
      "answer_type": "",
      "table_type": ""
    },
    {
      "page_id": 4236415,
      "answer_type": "Date",
      "table_type": "infobox"
    },
    {
      "page_id": 4236415,
      "answer_type": "Number",
      "table_type": "infobox"
    },
    {
      "page_id": 4236415,
      "answer_type": "Other",
      "table_type": "infobox"
    },
    {
      "page_id": 4236415,
      "answer_type": "Person",
      "table_type": "infobox"
    },
    {
      "page_id": 4236415,
      "answer_type": "Place",
      "table_type": "infobox"
    },
    {
      "page_id": 4595410,
      "answer_type": "",
      "table_type": ""
    },
    {
      "page_id": 4836072,
      "answer_type": "Date",
      "table_type": "infobox"
    },
    {
      "page_id": 4836072,
      "answer_type": "Number",
      "table_type": "infobox"
    },
    {
      "page_id": 4836072,
      "answer_type": "Other",
      "table_type": "infobox"
    },
    {
      "page_id": 4836072,
      "answer_type": "Person",
      "table_type": "infobox"
    },
    {
      "page_id": 4836072,
      "answer_type": "Place",
      "table_type": "infobox"
    },
    {
      "page_id": 5070109,
      "answer_type": "Date",
      "table_type": "infobox"
    },
    {
      "page_id": 5070109,
      "answer_type": "Number",
      "table_type": "infobox"
    },
    {
      "page_id": 5070109,
      "answer_type": "Other",
      "table_type": "infobox"
    },
    {
      "page_id": 5070109,
      "answer_type": "Person",
      "table_type": "infobox"
    },
    {
      "page_id": 5070109,
      "answer_type": "Place",
      "table_type": "infobox"
    },
    {
      "page_id": 6392374,
      "answer_type": "Date",
      "table_type": "infobox"
    },
    {
      "page_id": 6392374,
      "answer_type": "Number",
      "table_type": "infobox"
    },
    {
      "page_id": 6392374,
      "answer_type": "Other",
      "table_type": "infobox"
    },
    {
      "page_id": 6392374,
      "answer_type": "Person",
      "table_type": "infobox"
    },
    {
      "page_id": 6392374,
      "answer_type": "Place",
      "table_type": "infobox"
    },
    {
      "page_id": 6920895,
      "answer_type": "Date",
      "table_type": "infobox"
    },
    {
      "page_id": 6920895,
      "answer_type": "Number",
      "table_type": "infobox"
    },
    {
      "page_id": 6920895,
      "answer_type": "Other",
      "table_type": "infobox"
    },
    {
      "page_id": 6920895,
      "answer_type": "Person",
      "table_type": "infobox"
    },
    {
      "page_id": 6920895,
      "answer_type": "Place",
      "table_type": "infobox"
    },
    {
      "page_id": 8196151,
      "answer_type": "",
      "table_type": ""
    },
    {
      "page_id": 8318491,
      "answer_type": "",
      "table_type": ""
    },
    {
      "page_id": 8971303,
      "answer_type": "Date",
      "table_type": "infobox"
    },
    {
      "page_id": 8971303,
      "answer_type": "Number",
      "table_type": "infobox"
    },
    {
      "page_id": 8971303,
      "answer_type": "Other",
      "table_type": "infobox"
    },
    {
      "page_id": 8971303,
      "answer_type": "Person",
      "table_type": "infobox"
    },
    {
      "page_id": 8971303,
      "answer_type": "Place",
      "table_type": "infobox"
    },
    {
      "page_id": 10149834,
      "answer_type": "Date",
      "table_type": "infobox"
    },
    {
      "page_id": 10149834,
      "answer_type": "Number",
      "table_type": "infobox"
    },
    {
      "page_id": 10149834,
      "answer_type": "Other",
      "table_type": "infobox"
    },
    {
      "page_id": 10149834,
      "answer_type": "Person",
      "table_type": "infobox"
    },
    {
      "page_id": 10149834,
      "answer_type": "Place",
      "table_type": "infobox"
    },
    {
      "page_id": 10209822,
      "answer_type": "Date",
      "table_type": "infobox"
    },
    {
      "page_id": 10209822,
      "answer_type": "Number",
      "table_type": "infobox"
    },
    {
      "page_id": 10209822,
      "answer_type": "Other",
      "table_type": "infobox"
    },
    {
      "page_id": 10209822,
      "answer_type": "Person",
      "table_type": "infobox"
    },
    {
      "page_id": 10209822,
      "answer_type": "Place",
      "table_type": "infobox"
    },
    {
      "page_id": 10522749,
      "answer_type": "",
      "table_type": ""
    },
    {
      "page_id": 14610495,
      "answer_type": "",
      "table_type": ""
    },
    {
      "page_id": 15355864,
      "answer_type": "",
      "table_type": ""
    },
    {
      "page_id": 17416221,
      "answer_type": "",
      "table_type": ""
    },
    {
      "page_id": 19746798,
      "answer_type": "",
      "table_type": ""
    },
    {
      "page_id": 21355232,
      "answer_type": "",
      "table_type": ""
    },
    {
      "page_id": 24218875,
      "answer_type": "Date",
      "table_type": "infobox"
    },
    {
      "page_id": 24218875,
      "answer_type": "Number",
      "table_type": "infobox"
    },
    {
      "page_id": 24218875,
      "answer_type": "Other",
      "table_type": "infobox"
    },
    {
      "page_id": 24218875,
      "answer_type": "Person",
      "table_type": "infobox"
    },
    {
      "page_id": 24218875,
      "answer_type": "Place",
      "table_type": "infobox"
    },
    {
      "page_id": 28901997,
      "answer_type": "Date",
      "table_type": "infobox"
    },
    {
      "page_id": 28901997,
      "answer_type": "Number",
      "table_type": "infobox"
    },
    {
      "page_id": 28901997,
      "answer_type": "Other",
      "table_type": "infobox"
    },
    {
      "page_id": 28901997,
      "answer_type": "Person",
      "table_type": "infobox"
    },
    {
      "page_id": 28901997,
      "answer_type": "Place",
      "table_type": "infobox"
    },
    {
      "page_id": 29125601,
      "answer_type": "",
      "table_type": ""
    },
    {
      "page_id": 30125638,
      "answer_type": "",
      "table_type": ""
    },
    {
      "page_id": 30450289,
      "answer_type": "",
      "table_type": ""
    },
    {
      "page_id": 33643148,
      "answer_type": "",
      "table_type": ""
    },
    {
      "page_id": 35972636,
      "answer_type": "",
      "table_type": ""
    },
    {
      "page_id": 41853326,
      "answer_type": "",
      "table_type": ""
    },
    {
      "page_id": 42229472,
      "answer_type": "Date",
      "table_type": "infobox"
    },
    {
      "page_id": 42229472,
      "answer_type": "Number",
      "table_type": "infobox"
    },
    {
      "page_id": 42229472,
      "answer_type": "Other",
      "table_type": "infobox"
    },
    {
      "page_id": 42229472,
      "answer_type": "Person",
      "table_type": "infobox"
    },
    {
      "page_id": 42229472,
      "answer_type": "Place",
      "table_type": "infobox"
    },
    {
      "page_id": 45367389,
      "answer_type": "",
      "table_type": ""
    },
    {
      "page_id": 49188979,
      "answer_type": "",
      "table_type": ""
    },
    {
      "page_id": 50762105,
      "answer_type": "Date",
      "table_type": "infobox"
    },
    {
      "page_id": 50762105,
      "answer_type": "Number",
      "table_type": "infobox"
    },
    {
      "page_id": 50762105,
      "answer_type": "Other",
      "table_type": "infobox"
    },
    {
      "page_id": 50762105,
      "answer_type": "Person",
      "table_type": "infobox"
    },
    {
      "page_id": 50762105,
      "answer_type": "Place",
      "table_type": "infobox"
    },
    {
      "page_id": 55417368,
      "answer_type": "",
      "table_type": ""
    },
    {
      "page_id": 55440889,
      "answer_type": "",
      "table_type": ""
    },
    {
      "page_id": 60058274,
      "answer_type": "Date",
      "table_type": "infobox"
    },
    {
      "page_id": 60058274,
      "answer_type": "Number",
      "table_type": "infobox"
    },
    {
      "page_id": 60058274,
      "answer_type": "Other",
      "table_type": "infobox"
    },
    {
      "page_id": 60058274,
      "answer_type": "Person",
      "table_type": "infobox"
    },
    {
      "page_id": 60058274,
      "answer_type": "Place",
      "table_type": "infobox"
    },
    {
      "page_id": 60382764,
      "answer_type": "",
      "table_type": ""
    },
    {
      "page_id": 68481047,
      "answer_type": "Date",
      "table_type": "infobox"
    },
    {
      "page_id": 68481047,
      "answer_type": "Number",
      "table_type": "infobox"
    },
    {
      "page_id": 68481047,
      "answer_type": "Other",
      "table_type": "infobox"
    },
    {
      "page_id": 68481047,
      "answer_type": "Person",
      "table_type": "infobox"
    },
    {
      "page_id": 68481047,
      "answer_type": "Place",
      "table_type": "infobox"
    }
  ],
  "accepted": 30,
  "accepted_total": 30,
  "rejected": 522,
  "rejected_total": 522,
  "rerun": 0,
  "wall_clock_seconds": 1158.0612,
  "output_path": "outputs/recipe_segments/route3_reuse_cached_all5_infobox_only_second_stage_2026_06_11/reuse_cached_all5_infobox_only_second_stage_211_accepted.jsonl",
  "rejected_output_path": "outputs/recipe_segments/route3_reuse_cached_all5_infobox_only_second_stage_2026_06_11/reuse_cached_all5_infobox_only_second_stage_211_rejected.jsonl",
  "summary_output": "outputs/recipe_segments/route3_reuse_cached_all5_infobox_only_second_stage_2026_06_11/reuse_cached_all5_infobox_only_second_stage_211_summary.json",
  "walkthrough_output": "outputs/recipe_segments/route3_reuse_cached_all5_infobox_only_second_stage_2026_06_11/reuse_cached_all5_infobox_only_second_stage_211_walkthrough.md",
  "domain_policy": "domain_and_subdomain_optional_for_page_id_streaming",
  "enabled_routes": [
    "route3_wikipedia_infobox"
  ],
  "rest_summary_fallback_enabled": false,
  "small_model": "openai/gpt-4.1-mini",
  "rewrite_enabled": false,
  "second_stage_grading_enabled": true,
  "duckduckgo_top_k": 5,
  "duckduckgo_parallel_queries": 3,
  "duckduckgo_prefer_ddgs": true,
  "duckduckgo_ddgs_backend": "auto",
  "duckduckgo_ddgs_max_attempts": 2,
  "duckduckgo_disabled_fallbacks": [],
  "duckduckgo_cooldown_enabled": true,
  "duckduckgo_cooldown_failure_threshold": 3,
  "duckduckgo_cooldown_initial_seconds": 60.0,
  "duckduckgo_cooldown_max_seconds": 300.0,
  "generated_search_query_count": 2,
  "min_table_score": 0.0,
  "route3_reasoning_types": [
    "single_fact"
  ],
  "route3_answer_types": [],
  "route3_extra_prompts": [],
  "route3_table_filter_modes": [
    "no_external_links_tables",
    "no_horizontal_companion_tables",
    "no_picture_heavy_tables",
    "no_incomplete_tables",
    "not_number_dominant",
    "no_social_science_research"
  ],
  "route3_table_source_types": [
    "infobox"
  ],
  "route3_prose_leakage_scoring_enabled": true,
  "route3_llm_choose_table": false,
  "route3_answer_type_mode": "all5",
  "route3_page_archive_dir": "cache/route3_pages",
  "route3_pageview_prefilter_enabled": false,
  "route3_pageview_window_months": 12,
  "route3_max_monthly_average_pageviews": 5000.0,
  "route3_max_underfilled_monthly_pageviews": 10000.0,
  "route3_pageview_unavailable_policy": "allow",
  "route3_infobox_max_removed_row_rate": 0.6,
  "route3_infobox_min_remaining_rows": 5,
  "compact_output": false,
  "compact_output_ignored": false,
  "compact_rejected_output": false,
  "compact_rejected_output_ignored": false,
  "survival_by_layer": [
    {
      "stage": "page_id_reservation",
      "layer": "Page-id reservation",
      "entered": 188,
      "failed": 0,
      "survived": 188,
      "survival_rate_from_layer_input": 1.0,
      "cumulative_survival_rate": 1.0
    },
    {
      "stage": "unresolved_rerun",
      "layer": "Unresolved or returned to rerun pool",
      "entered": 188,
      "failed": 0,
      "survived": 188,
      "survival_rate_from_layer_input": 1.0,
      "cumulative_survival_rate": 1.0
    },
    {
      "stage": "route_generation",
      "layer": "Page extraction, table grading, and QA generation",
      "entered": 188,
      "failed": 209,
      "survived": 0,
      "survival_rate_from_layer_input": 0.0,
      "cumulative_survival_rate": 0.0
    },
    {
      "stage": "rewrite_surface",
      "layer": "Rewrite and surface validation",
      "entered": 0,
      "failed": 96,
      "survived": 0,
      "survival_rate_from_layer_input": 0.0,
      "cumulative_survival_rate": 0.0
    },
    {
      "stage": "search_longtail",
      "layer": "DuckDuckGo long-tail filtering",
      "entered": 0,
      "failed": 132,
      "survived": 0,
      "survival_rate_from_layer_input": 0.0,
      "cumulative_survival_rate": 0.0
    },
    {
      "stage": "second_stage_grading",
      "layer": "Second-stage model grading",
      "entered": 0,
      "failed": 66,
      "survived": 0,
      "survival_rate_from_layer_input": 0.0,
      "cumulative_survival_rate": 0.0
    },
    {
      "stage": "shared_validation",
      "layer": "Shared route-aware validation",
      "entered": 0,
      "failed": 19,
      "survived": 0,
      "survival_rate_from_layer_input": 0.0,
      "cumulative_survival_rate": 0.0
    },
    {
      "stage": "deduplication",
      "layer": "Deduplication",
      "entered": 0,
      "failed": 0,
      "survived": 0,
      "survival_rate_from_layer_input": 0.0,
      "cumulative_survival_rate": 0.0
    },
    {
      "stage": "other",
      "layer": "Other rejection",
      "entered": 0,
      "failed": 0,
      "survived": 0,
      "survival_rate_from_layer_input": 0.0,
      "cumulative_survival_rate": 0.0
    }
  ],
  "failure_reason_counts": [
    {
      "stage": "search_longtail",
      "reason": "search_longtail_verifier_rejected",
      "count": 132
    },
    {
      "stage": "second_stage_grading",
      "reason": "second_stage_grading_accuracy_threshold_exceeded",
      "count": 66
    },
    {
      "stage": "route_generation",
      "reason": "wikipedia_infobox_no_allowed_table_source_types:no_allowed_table_source_types:allowed=infobox;available=wikitable",
      "count": 46
    },
    {
      "stage": "route_generation",
      "reason": "wikipedia_infobox_no_tables",
      "count": 30
    },
    {
      "stage": "route_generation",
      "reason": "wikipedia_infobox_answer_type_not_allowed:answer_type_not_allowed:Number; allowed=Number",
      "count": 25
    },
    {
      "stage": "shared_validation",
      "reason": "shared_validation_failed:answer_in_evidence",
      "count": 19
    },
    {
      "stage": "rewrite_surface",
      "reason": "rewrite_guard_rejected:post_rewrite_self_containment_forbidden_phrase:infobox",
      "count": 16
    },
    {
      "stage": "rewrite_surface",
      "reason": "answer_too_popular:United States",
      "count": 13
    },
    {
      "stage": "rewrite_surface",
      "reason": "rewrite_guard_rejected:post_rewrite_self_containment_forbidden_phrase:listed",
      "count": 12
    },
    {
      "stage": "route_generation",
      "reason": "wikipedia_infobox_llm_discarded:No person's name is present in the infobox to form a valid question.",
      "count": 12
    },
    {
      "stage": "rewrite_surface",
      "reason": "rewrite_guard_rejected:answer_leakage",
      "count": 8
    },
    {
      "stage": "rewrite_surface",
      "reason": "rule_based_answer_type_gate_rejected:person_common_words_minus_common_names",
      "count": 8
    },
    {
      "stage": "rewrite_surface",
      "reason": "rule_based_answer_type_gate_rejected:place_question_category_whitelist",
      "count": 8
    },
    {
      "stage": "route_generation",
      "reason": "wikipedia_infobox_llm_discarded:No person's name is present in the infobox to form a valid single-answer question.",
      "count": 7
    },
    {
      "stage": "rewrite_surface",
      "reason": "answer_too_popular:English",
      "count": 6
    },
    {
      "stage": "route_generation",
      "reason": "wikipedia_infobox_single_fact_list_answer:single_fact_list_answer_not_allowed",
      "count": 5
    },
    {
      "stage": "rewrite_surface",
      "reason": "answer_too_popular:London",
      "count": 4
    },
    {
      "stage": "rewrite_surface",
      "reason": "rewrite_guard_rejected:cutoff_year_exceeded",
      "count": 4
    },
    {
      "stage": "rewrite_surface",
      "reason": "rewrite_guard_rejected:post_rewrite_time_invariance_forbidden_phrase:current",
      "count": 4
    },
    {
      "stage": "rewrite_surface",
      "reason": "answer_too_popular:New York City",
      "count": 3
    },
    {
      "stage": "route_generation",
      "reason": "wikipedia_infobox_llm_discarded:No date or year information is present in the infobox to form a valid question.",
      "count": 3
    },
    {
      "stage": "route_generation",
      "reason": "wikipedia_infobox_table_filter_rejected:infobox_remaining_rows_lt_min:remaining_non_header_rows=1;min=5",
      "count": 3
    },
    {
      "stage": "route_generation",
      "reason": "wikipedia_infobox_table_filter_rejected:infobox_remaining_rows_lt_min:remaining_non_header_rows=3;min=5",
      "count": 3
    },
    {
      "stage": "route_generation",
      "reason": "wikipedia_infobox_table_filter_rejected:infobox_remaining_rows_lt_min:remaining_non_header_rows=4;min=5",
      "count": 3
    },
    {
      "stage": "rewrite_surface",
      "reason": "answer_too_popular:Germany",
      "count": 2
    },
    {
      "stage": "rewrite_surface",
      "reason": "rewrite_guard_rejected:post_rewrite_award_year_without_month",
      "count": 2
    },
    {
      "stage": "route_generation",
      "reason": "wikipedia_infobox_llm_discarded:No date or year is present in the infobox to form a valid question.",
      "count": 2
    },
    {
      "stage": "route_generation",
      "reason": "wikipedia_infobox_llm_discarded:No numeric value is present in the infobox to form a valid question.",
      "count": 2
    },
    {
      "stage": "route_generation",
      "reason": "wikipedia_infobox_llm_discarded:No person's name is provided in the infobox.",
      "count": 2
    },
    {
      "stage": "route_generation",
      "reason": "wikipedia_infobox_llm_discarded:No place name or geographic entity is present in the infobox to form a valid question.",
      "count": 2
    },
    {
      "stage": "route_generation",
      "reason": "wikipedia_infobox_llm_discarded:The infobox does not contain any place or geographic entity information.",
      "count": 2
    },
    {
      "stage": "rewrite_surface",
      "reason": "answer_too_popular:China",
      "count": 1
    },
    {
      "stage": "rewrite_surface",
      "reason": "answer_too_popular:Europe",
      "count": 1
    },
    {
      "stage": "rewrite_surface",
      "reason": "answer_too_popular:Japan",
      "count": 1
    },
    {
      "stage": "rewrite_surface",
      "reason": "answer_too_popular:Paris",
      "count": 1
    },
    {
      "stage": "rewrite_surface",
      "reason": "rewrite_guard_rejected:forbidden_temporal_phrase",
      "count": 1
    },
    {
      "stage": "rewrite_surface",
      "reason": "rewrite_guard_rejected:post_rewrite_answer_scope_ambiguous_phrase:meaning",
      "count": 1
    },
    {
      "stage": "route_generation",
      "reason": "wikipedia_infobox_llm_discarded:No date information is available in the infobox.",
      "count": 1
    },
    {
      "stage": "route_generation",
      "reason": "wikipedia_infobox_llm_discarded:No date information is present in the infobox or table content to form a valid question.",
      "count": 1
    },
    {
      "stage": "route_generation",
      "reason": "wikipedia_infobox_llm_discarded:No date or temporal information is present in the infobox to form a valid question and answer.",
      "count": 1
    },
    {
      "stage": "route_generation",
      "reason": "wikipedia_infobox_llm_discarded:No date or temporal information is present in the infobox to form a valid question.",
      "count": 1
    },
    {
      "stage": "route_generation",
      "reason": "wikipedia_infobox_llm_discarded:No date or year information is present in the infobox table to form a valid question and answer.",
      "count": 1
    },
    {
      "stage": "route_generation",
      "reason": "wikipedia_infobox_llm_discarded:No date or year information is present in the infobox to form a valid single answer question.",
      "count": 1
    },
    {
      "stage": "route_generation",
      "reason": "wikipedia_infobox_llm_discarded:No date or year information is present in the infobox.",
      "count": 1
    },
    {
      "stage": "route_generation",
      "reason": "wikipedia_infobox_llm_discarded:No date or year information is present in the table to form a valid date question.",
      "count": 1
    },
    {
      "stage": "route_generation",
      "reason": "wikipedia_infobox_llm_discarded:No date or year information is present or relevant in the infobox for the subject.",
      "count": 1
    },
    {
      "stage": "route_generation",
      "reason": "wikipedia_infobox_llm_discarded:No date or year is present in the infobox table to form a valid question.",
      "count": 1
    },
    {
      "stage": "route_generation",
      "reason": "wikipedia_infobox_llm_discarded:No date or year is present in the infobox to form a valid single-answer question.",
      "count": 1
    },
    {
      "stage": "route_generation",
      "reason": "wikipedia_infobox_llm_discarded:No date or year value is present in the table to form a valid single-answer question.",
      "count": 1
    },
    {
      "stage": "route_generation",
      "reason": "wikipedia_infobox_llm_discarded:No date value available in the infobox to form a valid question.",
      "count": 1
    },
    {
      "stage": "route_generation",
      "reason": "wikipedia_infobox_llm_discarded:No date value is present in the infobox suitable for a fixed-date question.",
      "count": 1
    },
    {
      "stage": "route_generation",
      "reason": "wikipedia_infobox_llm_discarded:No date value is present in the table to form a valid date question.",
      "count": 1
    },
    {
      "stage": "route_generation",
      "reason": "wikipedia_infobox_llm_discarded:No date, year, or month information is present in the infobox to form a valid single-answer question.",
      "count": 1
    },
    {
      "stage": "route_generation",
      "reason": "wikipedia_infobox_llm_discarded:No explicit numeric value is provided for lymph nodes count in the infobox.",
      "count": 1
    },
    {
      "stage": "route_generation",
      "reason": "wikipedia_infobox_llm_discarded:No full calendar date or month and year information is available in the table.",
      "count": 1
    },
    {
      "stage": "route_generation",
      "reason": "wikipedia_infobox_llm_discarded:No full calendar date or month and year is provided in the infobox.",
      "count": 1
    },
    {
      "stage": "route_generation",
      "reason": "wikipedia_infobox_llm_discarded:No geographic place or location is present in the infobox to form a valid question.",
      "count": 1
    },
    {
      "stage": "route_generation",
      "reason": "wikipedia_infobox_llm_discarded:No numeric strength value is provided in the table.",
      "count": 1
    },
    {
      "stage": "route_generation",
      "reason": "wikipedia_infobox_llm_discarded:No numeric strength values are provided in the table.",
      "count": 1
    },
    {
      "stage": "route_generation",
      "reason": "wikipedia_infobox_llm_discarded:No numeric value is present in the infobox table to form a valid question.",
      "count": 1
    },
    {
      "stage": "route_generation",
      "reason": "wikipedia_infobox_llm_discarded:No numeric value is present in the infobox to form a valid single-answer question.",
      "count": 1
    },
    {
      "stage": "route_generation",
      "reason": "wikipedia_infobox_llm_discarded:No numeric value is present in the table to form a valid single-answer question.",
      "count": 1
    },
    {
      "stage": "route_generation",
      "reason": "wikipedia_infobox_llm_discarded:No person's name is present in the infobox data.",
      "count": 1
    },
    {
      "stage": "route_generation",
      "reason": "wikipedia_infobox_llm_discarded:No person's name is present in the infobox table to form a valid question and answer.",
      "count": 1
    },
    {
      "stage": "route_generation",
      "reason": "wikipedia_infobox_llm_discarded:No person's name is present in the infobox table to form a valid question.",
      "count": 1
    },
    {
      "stage": "route_generation",
      "reason": "wikipedia_infobox_llm_discarded:No person's name is present in the infobox table to form a valid single-answer question.",
      "count": 1
    },
    {
      "stage": "route_generation",
      "reason": "wikipedia_infobox_llm_discarded:No person's name is present in the infobox table to form a valid single-fact question.",
      "count": 1
    },
    {
      "stage": "route_generation",
      "reason": "wikipedia_infobox_llm_discarded:No person's name is present in the infobox to form a valid question and answer.",
      "count": 1
    },
    {
      "stage": "route_generation",
      "reason": "wikipedia_infobox_llm_discarded:No person's name is present in the infobox to form a valid single answer question.",
      "count": 1
    },
    {
      "stage": "route_generation",
      "reason": "wikipedia_infobox_llm_discarded:No person's name is present in the infobox.",
      "count": 1
    },
    {
      "stage": "route_generation",
      "reason": "wikipedia_infobox_llm_discarded:No person's name is present or relevant in the infobox for the subject.",
      "count": 1
    },
    {
      "stage": "route_generation",
      "reason": "wikipedia_infobox_llm_discarded:No person's name is provided in the infobox to form a valid single-answer question.",
      "count": 1
    },
    {
      "stage": "route_generation",
      "reason": "wikipedia_infobox_llm_discarded:No person's name is provided in the infobox; only entities and locations are listed.",
      "count": 1
    },
    {
      "stage": "route_generation",
      "reason": "wikipedia_infobox_llm_discarded:No person's name is provided in the infobox; only organizations and event names are listed.",
      "count": 1
    },
    {
      "stage": "route_generation",
      "reason": "wikipedia_infobox_llm_discarded:No person's name is provided in the infobox; only team names and locations are listed.",
      "count": 1
    },
    {
      "stage": "route_generation",
      "reason": "wikipedia_infobox_llm_discarded:No person's name is provided in the table to form a valid single-answer question.",
      "count": 1
    },
    {
      "stage": "route_generation",
      "reason": "wikipedia_infobox_llm_discarded:No place name or geographic entity is present in the infobox to form a valid single-answer question.",
      "count": 1
    },
    {
      "stage": "route_generation",
      "reason": "wikipedia_infobox_llm_discarded:No place or geographic entity is present in the infobox to form a valid question.",
      "count": 1
    },
    {
      "stage": "route_generation",
      "reason": "wikipedia_infobox_llm_discarded:No place or geographic entity is present in the infobox.",
      "count": 1
    },
    {
      "stage": "route_generation",
      "reason": "wikipedia_infobox_llm_discarded:No place or geographic entity is present or relevant in the infobox for the subject.",
      "count": 1
    },
    {
      "stage": "route_generation",
      "reason": "wikipedia_infobox_llm_discarded:No specific date, month, or year is provided in the infobox to form a valid question.",
      "count": 1
    },
    {
      "stage": "route_generation",
      "reason": "wikipedia_infobox_llm_discarded:No specific date, year, or month is present in the infobox to form a valid question.",
      "count": 1
    },
    {
      "stage": "route_generation",
      "reason": "wikipedia_infobox_llm_discarded:No specific date, year, or month is provided in the infobox to form a valid question.",
      "count": 1
    },
    {
      "stage": "route_generation",
      "reason": "wikipedia_infobox_llm_discarded:No specific person names are provided in the table content.",
      "count": 1
    },
    {
      "stage": "route_generation",
      "reason": "wikipedia_infobox_llm_discarded:No specific person names are provided in the table under commanders and leaders.",
      "count": 1
    },
    {
      "stage": "route_generation",
      "reason": "wikipedia_infobox_llm_discarded:No specific person names are provided in the table.",
      "count": 1
    },
    {
      "stage": "route_generation",
      "reason": "wikipedia_infobox_llm_discarded:No specific place names or countries are provided in the table.",
      "count": 1
    },
    {
      "stage": "route_generation",
      "reason": "wikipedia_infobox_llm_discarded:The infobox does not contain any numeric values suitable for a number-type question.",
      "count": 1
    },
    {
      "stage": "route_generation",
      "reason": "wikipedia_infobox_llm_discarded:The infobox does not contain any place or geographic entity related to the Ashvins.",
      "count": 1
    },
    {
      "stage": "route_generation",
      "reason": "wikipedia_infobox_llm_discarded:The infobox does not contain any specific date, month, or year information suitable for a date-type question.",
      "count": 1
    },
    {
      "stage": "route_generation",
      "reason": "wikipedia_infobox_llm_discarded:The infobox does not provide a full calendar date or month and year for founding, only the year 1976.",
      "count": 1
    },
    {
      "stage": "route_generation",
      "reason": "wikipedia_infobox_llm_discarded:The infobox does not provide a numeric value for team members; only 'Singles or team relay' is given.",
      "count": 1
    },
    {
      "stage": "route_generation",
      "reason": "wikipedia_infobox_llm_discarded:The infobox does not provide any date or year information.",
      "count": 1
    },
    {
      "stage": "route_generation",
      "reason": "wikipedia_infobox_llm_discarded:The infobox does not provide any geographic place name or location on Earth relevant to AllMusic.",
      "count": 1
    },
    {
      "stage": "route_generation",
      "reason": "wikipedia_infobox_llm_discarded:The infobox does not provide any specific date, year, or month related to the Ashvins.",
      "count": 1
    },
    {
      "stage": "route_generation",
      "reason": "wikipedia_infobox_llm_discarded:The table does not contain any person's name as a single indisputable answer.",
      "count": 1
    },
    {
      "stage": "route_generation",
      "reason": "wikipedia_infobox_llm_discarded:The table does not contain any place name or geographic entity on Earth as a single indisputable answer.",
      "count": 1
    },
    {
      "stage": "route_generation",
      "reason": "wikipedia_infobox_table_filter_rejected:infobox_remaining_rows_lt_min:remaining_non_header_rows=2;min=5",
      "count": 1
    },
    {
      "stage": "route_generation",
      "reason": "wikipedia_infobox_table_filter_rejected:infobox_removed_row_rate_gt_max:removed_row_rate=1.0000;max=0.6000;infobox_remaining_rows_lt_min:remaining_non_header_rows=0;min=5",
      "count": 1
    }
  ],
  "phase_timing_stats_seconds": {
    "candidate_processing_seconds": {
      "count": 552,
      "total": 3875.8817,
      "average": 7.0215,
      "max": 80.2976
    },
    "duckduckgo_search_seconds": {
      "count": 228,
      "total": 3413.882,
      "average": 14.9732,
      "max": 71.6266
    },
    "first_paragraph_extract_seconds": {
      "count": 465,
      "total": 16.0076,
      "average": 0.0344,
      "max": 0.1394
    },
    "llm_question_generation_seconds": {
      "count": 465,
      "total": 3011.6593,
      "average": 6.4767,
      "max": 14.0022
    },
    "number_reference_margin_seconds": {
      "count": 247,
      "total": 0.0,
      "average": 0.0,
      "max": 0.0
    },
    "page_fetch_seconds": {
      "count": 552,
      "total": 0.0,
      "average": 0.0,
      "max": 0.0
    },
    "pageview_prefilter_seconds": {
      "count": 552,
      "total": 0.0007,
      "average": 0.0,
      "max": 0.0001
    },
    "rewrite_seconds": {
      "count": 343,
      "total": 0.0,
      "average": 0.0,
      "max": 0.0
    },
    "second_stage_grading_seconds": {
      "count": 96,
      "total": 461.2921,
      "average": 4.8051,
      "max": 12.8264
    },
    "table_parse_seconds": {
      "count": 552,
      "total": 48.204,
      "average": 0.0873,
      "max": 0.5315
    },
    "total_generation_seconds": {
      "count": 552,
      "total": 3197.0212,
      "average": 5.7917,
      "max": 14.0387
    },
    "total_processing_seconds": {
      "count": 552,
      "total": 3875.8817,
      "average": 7.0215,
      "max": 80.2976
    }
  },
  "aggregate_phase_timings_seconds": {
    "page_fetch_seconds": 0.0,
    "table_parse_seconds": 48.204,
    "pageview_prefilter_seconds": 0.0007,
    "first_paragraph_extract_seconds": 16.0076,
    "llm_question_generation_seconds": 3011.6593,
    "total_generation_seconds": 3197.0212,
    "rewrite_seconds": 0.0,
    "number_reference_margin_seconds": 0.0,
    "duckduckgo_search_seconds": 3413.882,
    "second_stage_grading_seconds": 461.2921,
    "total_processing_seconds": 3875.8817,
    "candidate_processing_seconds": 3875.8817
  },
  "telemetry": {
    "wikipedia": [],
    "search": [
      {
        "url": "https://html.duckduckgo.com/html/?q=What+is+one+of+the+diagnostic+methods+used+to+detect+brain+tumors%3F",
        "query": "What is one of the diagnostic methods used to detect brain tumors?",
        "cache_hit": false,
        "duration_ms": 1219,
        "used_ddgs": true,
        "used_legacy_fallback": false,
        "used_direct_fallback": false,
        "used_lite_fallback": false,
        "failed": false,
        "backend": "ddgs",
        "attempts": [
          {
            "attempt": 1,
            "path": "ddgs",
            "proxy_configured": false,
            "timeout_seconds": 30.0,
            "duration_ms": 1218,
            "ok": true,
            "endpoint": "ddgs",
            "status": 200,
            "result_count": 5
          }
        ]
      },
      {
        "url": "https://html.duckduckgo.com/html/?q=number+of+siblings+of+Eos+Greek+mythology",
        "query": "number of siblings of Eos Greek mythology",
        "cache_hit": false,
        "duration_ms": 753,
        "used_ddgs": true,
        "used_legacy_fallback": false,
        "used_direct_fallback": false,
        "used_lite_fallback": false,
        "failed": false,
        "backend": "ddgs",
        "attempts": [
          {
            "attempt": 1,
            "path": "ddgs",
            "proxy_configured": false,
            "timeout_seconds": 30.0,
            "duration_ms": 753,
            "ok": true,
            "endpoint": "ddgs",
            "status": 200,
            "result_count": 5
          }
        ]
      },
      {
        "url": "https://html.duckduckgo.com/html/?q=How+many+siblings+does+the+goddess+and+personification+of+the+dawn+have+according+to+ancient+Greek+mythology%3F",
        "query": "How many siblings does the goddess and personification of the dawn have according to ancient Greek mythology?",
        "cache_hit": false,
        "duration_ms": 1345,
        "used_ddgs": true,
        "used_legacy_fallback": false,
        "used_direct_fallback": false,
        "used_lite_fallback": false,
        "failed": false,
        "backend": "ddgs",
        "attempts": [
          {
            "attempt": 1,
            "path": "ddgs",
            "proxy_configured": false,
            "timeout_seconds": 30.0,
            "duration_ms": 1345,
            "ok": true,
            "endpoint": "ddgs",
            "status": 200,
            "result_count": 5
          }
        ]
      },
      {
        "url": "https://html.duckduckgo.com/html/?q=how+to+diagnose+brain+tumor",
        "query": "how to diagnose brain tumor",
        "cache_hit": false,
        "duration_ms": 2545,
        "used_ddgs": true,
        "used_legacy_fallback": false,
        "used_direct_fallback": false,
        "used_lite_fallback": false,
        "failed": false,
        "backend": "ddgs",
        "attempts": [
          {
            "attempt": 1,
            "path": "ddgs",
            "proxy_configured": false,
            "timeout_seconds": 30.0,
            "duration_ms": 2544,
            "ok": true,
            "endpoint": "ddgs",
            "status": 200,
            "result_count": 5
          }
        ]
      },
      {
        "url": "https://html.duckduckgo.com/html/?q=diagnostic+methods+for+brain+tumor",
        "query": "diagnostic methods for brain tumor",
        "cache_hit": false,
        "duration_ms": 2745,
        "used_ddgs": true,
        "used_legacy_fallback": false,
        "used_direct_fallback": false,
        "used_lite_fallback": false,
        "failed": false,
        "backend": "ddgs",
        "attempts": [
          {
            "attempt": 1,
            "path": "ddgs",
            "proxy_configured": false,
            "timeout_seconds": 30.0,
            "duration_ms": 2744,
            "ok": true,
            "endpoint": "ddgs",
            "status": 200,
            "result_count": 5
          }
        ]
      },
      {
        "url": "https://html.duckduckgo.com/html/?q=siblings+of+goddess+of+dawn",
        "query": "siblings of goddess of dawn",
        "cache_hit": false,
        "duration_ms": 826,
        "used_ddgs": true,
        "used_legacy_fallback": false,
        "used_direct_fallback": false,
        "used_lite_fallback": false,
        "failed": false,
        "backend": "ddgs",
        "attempts": [
          {
            "attempt": 1,
            "path": "ddgs",
            "proxy_configured": false,
            "timeout_seconds": 30.0,
            "duration_ms": 826,
            "ok": true,
            "endpoint": "ddgs",
            "status": 200,
            "result_count": 5
          }
        ]
      },
      {
        "url": "https://html.duckduckgo.com/html/?q=Who+is+the+Chancellor+of+the+University+of+Western+Australia%3F",
        "query": "Who is the Chancellor of the University of Western Australia?",
        "cache_hit": false,
        "duration_ms": 1309,
        "used_ddgs": true,
        "used_legacy_fallback": false,
        "used_direct_fallback": false,
        "used_lite_fallback": false,
        "failed": false,
        "backend": "ddgs",
        "attempts": [
          {
            "attempt": 1,
            "path": "ddgs",
            "proxy_configured": false,
            "timeout_seconds": 30.0,
            "duration_ms": 1309,
            "ok": true,
            "endpoint": "ddgs",
            "status": 200,
            "result_count": 5
          }
        ]
      },
      {
        "url": "https://html.duckduckgo.com/html/?q=University+of+Western+Australia+Chancellor",
        "query": "University of Western Australia Chancellor",
        "cache_hit": false,
        "duration_ms": 1495,
        "used_ddgs": true,
        "used_legacy_fallback": false,
        "used_direct_fallback": false,
        "used_lite_fallback": false,
        "failed": false,
        "backend": "ddgs",
        "attempts": [
          {
            "attempt": 1,
            "path": "ddgs",
            "proxy_configured": false,
            "timeout_seconds": 30.0,
            "duration_ms": 1495,
            "ok": true,
            "endpoint": "ddgs",
            "status": 200,
            "result_count": 5
          }
        ]
      },
      {
        "url": "https://html.duckduckgo.com/html/?q=Which+person+was+a+key+figure+associated+with+Pontiac+automobile+brand%3F",
        "query": "Which person was a key figure associated with Pontiac automobile brand?",
        "cache_hit": false,
        "duration_ms": 1415,
        "used_ddgs": true,
        "used_legacy_fallback": false,
        "used_direct_fallback": false,
        "used_lite_fallback": false,
        "failed": false,
        "backend": "ddgs",
        "attempts": [
          {
            "attempt": 1,
            "path": "ddgs",
            "proxy_configured": false,
            "timeout_seconds": 30.0,
            "duration_ms": 1415,
            "ok": true,
            "endpoint": "ddgs",
            "status": 200,
            "result_count": 5
          }
        ]
      },
      {
        "url": "https://html.duckduckgo.com/html/?q=Who+is+the+Chancellor+of+UWA",
        "query": "Who is the Chancellor of UWA",
        "cache_hit": false,
        "duration_ms": 1607,
        "used_ddgs": true,
        "used_legacy_fallback": false,
        "used_direct_fallback": false,
        "used_lite_fallback": false,
        "failed": false,
        "backend": "ddgs",
        "attempts": [
          {
            "attempt": 1,
            "path": "ddgs",
            "proxy_configured": false,
            "timeout_seconds": 30.0,
            "duration_ms": 1607,
            "ok": true,
            "endpoint": "ddgs",
            "status": 200,
            "result_count": 5
          }
        ]
      },
      {
        "url": "https://html.duckduckgo.com/html/?q=important+individuals+Pontiac+car+company",
        "query": "important individuals Pontiac car company",
        "cache_hit": false,
        "duration_ms": 607,
        "used_ddgs": true,
        "used_legacy_fallback": false,
        "used_direct_fallback": false,
        "used_lite_fallback": false,
        "failed": false,
        "backend": "ddgs",
        "attempts": [
          {
            "attempt": 1,
            "path": "ddgs",
            "proxy_configured": false,
            "timeout_seconds": 30.0,
            "duration_ms": 607,
            "ok": true,
            "endpoint": "ddgs",
            "status": 200,
            "result_count": 5
          }
        ]
      },
      {
        "url": "https://html.duckduckgo.com/html/?q=key+people+Pontiac+automobile+brand",
        "query": "key people Pontiac automobile brand",
        "cache_hit": false,
        "duration_ms": 1585,
        "used_ddgs": true,
        "used_legacy_fallback": false,
        "used_direct_fallback": false,
        "used_lite_fallback": false,
        "failed": false,
        "backend": "ddgs",
        "attempts": [
          {
            "attempt": 1,
            "path": "ddgs",
            "proxy_configured": false,
            "timeout_seconds": 30.0,
            "duration_ms": 1585,
            "ok": true,
            "endpoint": "ddgs",
            "status": 200,
            "result_count": 5
          }
        ]
      },
      {
        "url": "https://html.duckduckgo.com/html/?q=symbols+of+Eos+Greek+mythology",
        "query": "symbols of Eos Greek mythology",
        "cache_hit": false,
        "duration_ms": 874,
        "used_ddgs": true,
        "used_legacy_fallback": false,
        "used_direct_fallback": false,
        "used_lite_fallback": false,
        "failed": false,
        "backend": "ddgs",
        "attempts": [
          {
            "attempt": 1,
            "path": "ddgs",
            "proxy_configured": false,
            "timeout_seconds": 30.0,
            "duration_ms": 874,
            "ok": true,
            "endpoint": "ddgs",
            "status": 200,
            "result_count": 5
          }
        ]
      },
      {
        "url": "https://html.duckduckgo.com/html/?q=What+is+one+of+the+symbols+associated+with+the+goddess+and+personification+of+the+dawn+in+ancient+Greek+mythology%3F",
        "query": "What is one of the symbols associated with the goddess and personification of the dawn in ancient Greek mythology?",
        "cache_hit": false,
        "duration_ms": 1488,
        "used_ddgs": true,
        "used_legacy_fallback": false,
        "used_direct_fallback": false,
        "used_lite_fallback": false,
        "failed": false,
        "backend": "ddgs",
        "attempts": [
          {
            "attempt": 1,
            "path": "ddgs",
            "proxy_configured": false,
            "timeout_seconds": 30.0,
            "duration_ms": 1488,
            "ok": true,
            "endpoint": "ddgs",
            "status": 200,
            "result_count": 5
          }
        ]
      },
      {
        "url": "https://html.duckduckgo.com/html/?q=What+month%2C+day%2C+and+year+was+the+University+of+Western+Australia+established%3F",
        "query": "What month, day, and year was the University of Western Australia established?",
        "cache_hit": false,
        "duration_ms": 1203,
        "used_ddgs": true,
        "used_legacy_fallback": false,
        "used_direct_fallback": false,
        "used_lite_fallback": false,
        "failed": false,
        "backend": "ddgs",
        "attempts": [
          {
            "attempt": 1,
            "path": "ddgs",
            "proxy_configured": false,
            "timeout_seconds": 30.0,
            "duration_ms": 1203,
            "ok": true,
            "endpoint": "ddgs",
            "status": 200,
            "result_count": 5
          }
        ]
      },
      {
        "url": "https://html.duckduckgo.com/html/?q=Exact+establishment+date+of+University+of+Western+Australia",
        "query": "Exact establishment date of University of Western Australia",
        "cache_hit": false,
        "duration_ms": 758,
        "used_ddgs": true,
        "used_legacy_fallback": false,
        "used_direct_fallback": false,
        "used_lite_fallback": false,
        "failed": false,
        "backend": "ddgs",
        "attempts": [
          {
            "attempt": 1,
            "path": "ddgs",
            "proxy_configured": false,
            "timeout_seconds": 30.0,
            "duration_ms": 758,
            "ok": true,
            "endpoint": "ddgs",
            "status": 200,
            "result_count": 5
          }
        ]
      },
      {
        "url": "https://html.duckduckgo.com/html/?q=University+of+Western+Australia+founding+date",
        "query": "University of Western Australia founding date",
        "cache_hit": false,
        "duration_ms": 2153,
        "used_ddgs": true,
        "used_legacy_fallback": false,
        "used_direct_fallback": false,
        "used_lite_fallback": false,
        "failed": false,
        "backend": "ddgs",
        "attempts": [
          {
            "attempt": 1,
            "path": "ddgs",
            "proxy_configured": false,
            "timeout_seconds": 30.0,
            "duration_ms": 2153,
            "ok": true,
            "endpoint": "ddgs",
            "status": 200,
            "result_count": 5
          }
        ]
      },
      {
        "url": "https://html.duckduckgo.com/html/?q=emblems+representing+goddess+of+dawn",
        "query": "emblems representing goddess of dawn",
        "cache_hit": false,
        "duration_ms": 3160,
        "used_ddgs": true,
        "used_legacy_fallback": false,
        "used_direct_fallback": false,
        "used_lite_fallback": false,
        "failed": false,
        "backend": "ddgs",
        "attempts": [
          {
            "attempt": 1,
            "path": "ddgs",
            "proxy_configured": false,
            "timeout_seconds": 30.0,
            "duration_ms": 3160,
            "ok": true,
            "endpoint": "ddgs",
            "status": 200,
            "result_count": 5
          }
        ]
      },
      {
        "url": "https://html.duckduckgo.com/html/?q=University+of+Western+Australia+motto",
        "query": "University of Western Australia motto",
        "cache_hit": false,
        "duration_ms": 915,
        "used_ddgs": true,
        "used_legacy_fallback": false,
        "used_direct_fallback": false,
        "used_lite_fallback": false,
        "failed": false,
        "backend": "ddgs",
        "attempts": [
          {
            "attempt": 1,
            "path": "ddgs",
            "proxy_configured": false,
            "timeout_seconds": 30.0,
            "duration_ms": 915,
            "ok": true,
            "endpoint": "ddgs",
            "status": 200,
            "result_count": 5
          }
        ]
      },
      {
        "url": "https://html.duckduckgo.com/html/?q=What+is+the+motto+of+UWA",
        "query": "What is the motto of UWA",
        "cache_hit": false,
        "duration_ms": 939,
        "used_ddgs": true,
        "used_legacy_fallback": false,
        "used_direct_fallback": false,
        "used_lite_fallback": false,
        "failed": false,
        "backend": "ddgs",
        "attempts": [
          {
            "attempt": 1,
            "path": "ddgs",
            "proxy_configured": false,
            "timeout_seconds": 30.0,
            "duration_ms": 939,
            "ok": true,
            "endpoint": "ddgs",
            "status": 200,
            "result_count": 5
          }
        ]
      },
      {
        "url": "https://html.duckduckgo.com/html/?q=What+is+the+motto+of+the+University+of+Western+Australia%3F",
        "query": "What is the motto of the University of Western Australia?",
        "cache_hit": false,
        "duration_ms": 1508,
        "used_ddgs": true,
        "used_legacy_fallback": false,
        "used_direct_fallback": false,
        "used_lite_fallback": false,
        "failed": false,
        "backend": "ddgs",
        "attempts": [
          {
            "attempt": 1,
            "path": "ddgs",
            "proxy_configured": false,
            "timeout_seconds": 30.0,
            "duration_ms": 1508,
            "ok": true,
            "endpoint": "ddgs",
            "status": 200,
            "result_count": 5
          }
        ]
      },
      {
        "url": "https://html.duckduckgo.com/html/?q=How+many+teams+are+in+the+Midwest+League%3F",
        "query": "How many teams are in the Midwest League?",
        "cache_hit": false,
        "duration_ms": 921,
        "used_ddgs": true,
        "used_legacy_fallback": false,
        "used_direct_fallback": false,
        "used_lite_fallback": false,
        "failed": false,
        "backend": "ddgs",
        "attempts": [
          {
            "attempt": 1,
            "path": "ddgs",
            "proxy_configured": false,
            "timeout_seconds": 30.0,
            "duration_ms": 921,
            "ok": true,
            "endpoint": "ddgs",
            "status": 200,
            "result_count": 5
          }
        ]
      },
      {
        "url": "https://html.duckduckgo.com/html/?q=Midwest+League+total+teams",
        "query": "Midwest League total teams",
        "cache_hit": false,
        "duration_ms": 1617,
        "used_ddgs": true,
        "used_legacy_fallback": false,
        "used_direct_fallback": false,
        "used_lite_fallback": false,
        "failed": false,
        "backend": "ddgs",
        "attempts": [
          {
            "attempt": 1,
            "path": "ddgs",
            "proxy_configured": false,
            "timeout_seconds": 30.0,
            "duration_ms": 1617,
            "ok": true,
            "endpoint": "ddgs",
            "status": 200,
            "result_count": 5
          }
        ]
      },
      {
        "url": "https://html.duckduckgo.com/html/?q=Number+of+teams+in+Midwest+League",
        "query": "Number of teams in Midwest League",
        "cache_hit": false,
        "duration_ms": 2404,
        "used_ddgs": true,
        "used_legacy_fallback": false,
        "used_direct_fallback": false,
        "used_lite_fallback": false,
        "failed": false,
        "backend": "ddgs",
        "attempts": [
          {
            "attempt": 1,
            "path": "ddgs",
            "proxy_configured": false,
            "timeout_seconds": 30.0,
            "duration_ms": 2404,
            "ok": true,
            "endpoint": "ddgs",
            "status": 200,
            "result_count": 5
          }
        ]
      },
      {
        "url": "https://html.duckduckgo.com/html/?q=What+city+is+the+headquarters+of+EBSCO+Information+Services+located+in%3F",
        "query": "What city is the headquarters of EBSCO Information Services located in?",
        "cache_hit": false,
        "duration_ms": 1063,
        "used_ddgs": true,
        "used_legacy_fallback": false,
        "used_direct_fallback": false,
        "used_lite_fallback": false,
        "failed": false,
        "backend": "ddgs",
        "attempts": [
          {
            "attempt": 1,
            "path": "ddgs",
            "proxy_configured": false,
            "timeout_seconds": 30.0,
            "duration_ms": 1063,
            "ok": true,
            "endpoint": "ddgs",
            "status": 200,
            "result_count": 5
          }
        ]
      },
      {
        "url": "https://html.duckduckgo.com/html/?q=EBSCO+Information+Services+headquarters+city",
        "query": "EBSCO Information Services headquarters city",
        "cache_hit": false,
        "duration_ms": 1242,
        "used_ddgs": true,
        "used_legacy_fallback": false,
        "used_direct_fallback": false,
        "used_lite_fallback": false,
        "failed": false,
        "backend": "ddgs",
        "attempts": [
          {
            "attempt": 1,
            "path": "ddgs",
            "proxy_configured": false,
            "timeout_seconds": 30.0,
            "duration_ms": 1242,
            "ok": true,
            "endpoint": "ddgs",
            "status": 200,
            "result_count": 5
          }
        ]
      },
      {
        "url": "https://html.duckduckgo.com/html/?q=location+of+EBSCO+Information+Services+headquarters",
        "query": "location of EBSCO Information Services headquarters",
        "cache_hit": false,
        "duration_ms": 1305,
        "used_ddgs": true,
        "used_legacy_fallback": false,
        "used_direct_fallback": false,
        "used_lite_fallback": false,
        "failed": false,
        "backend": "ddgs",
        "attempts": [
          {
            "attempt": 1,
            "path": "ddgs",
            "proxy_configured": false,
            "timeout_seconds": 30.0,
            "duration_ms": 1305,
            "ok": true,
            "endpoint": "ddgs",
            "status": 200,
            "result_count": 5
          }
        ]
      },
      {
        "url": "https://html.duckduckgo.com/html/?q=Midwest+League+founding+year",
        "query": "Midwest League founding year",
        "cache_hit": false,
        "duration_ms": 531,
        "used_ddgs": true,
        "used_legacy_fallback": false,
        "used_direct_fallback": false,
        "used_lite_fallback": false,
        "failed": false,
        "backend": "ddgs",
        "attempts": [
          {
            "attempt": 1,
            "path": "ddgs",
            "proxy_configured": false,
            "timeout_seconds": 30.0,
            "duration_ms": 531,
            "ok": true,
            "endpoint": "ddgs",
            "status": 200,
            "result_count": 5
          }
        ]
      },
      {
        "url": "https://html.duckduckgo.com/html/?q=What+is+the+company+type+of+EBSCO+Information+Services%3F",
        "query": "What is the company type of EBSCO Information Services?",
        "cache_hit": false,
        "duration_ms": 710,
        "used_ddgs": true,
        "used_legacy_fallback": false,
        "used_direct_fallback": false,
        "used_lite_fallback": false,
        "failed": false,
        "backend": "ddgs",
        "attempts": [
          {
            "attempt": 1,
            "path": "ddgs",
            "proxy_configured": false,
            "timeout_seconds": 30.0,
            "duration_ms": 710,
            "ok": true,
            "endpoint": "ddgs",
            "status": 200,
            "result_count": 5
          }
        ]
      },
      {
        "url": "https://html.duckduckgo.com/html/?q=In+what+year+was+the+Midwest+League+founded%3F",
        "query": "In what year was the Midwest League founded?",
        "cache_hit": false,
        "duration_ms": 2022,
        "used_ddgs": true,
        "used_legacy_fallback": false,
        "used_direct_fallback": false,
        "used_lite_fallback": false,
        "failed": false,
        "backend": "ddgs",
        "attempts": [
          {
            "attempt": 1,
            "path": "ddgs",
            "proxy_configured": false,
            "timeout_seconds": 30.0,
            "duration_ms": 2022,
            "ok": true,
            "endpoint": "ddgs",
            "status": 200,
            "result_count": 5
          }
        ]
      },
      {
        "url": "https://html.duckduckgo.com/html/?q=When+was+Midwest+League+established",
        "query": "When was Midwest League established",
        "cache_hit": false,
        "duration_ms": 2078,
        "used_ddgs": true,
        "used_legacy_fallback": false,
        "used_direct_fallback": false,
        "used_lite_fallback": false,
        "failed": false,
        "backend": "ddgs",
        "attempts": [
          {
            "attempt": 1,
            "path": "ddgs",
            "proxy_configured": false,
            "timeout_seconds": 30.0,
            "duration_ms": 2078,
            "ok": true,
            "endpoint": "ddgs",
            "status": 200,
            "result_count": 5
          }
        ]
      },
      {
        "url": "https://html.duckduckgo.com/html/?q=EBSCO+Information+Services+company+type",
        "query": "EBSCO Information Services company type",
        "cache_hit": false,
        "duration_ms": 1962,
        "used_ddgs": true,
        "used_legacy_fallback": false,
        "used_direct_fallback": false,
        "used_lite_fallback": false,
        "failed": false,
        "backend": "ddgs",
        "attempts": [
          {
            "attempt": 1,
            "path": "ddgs",
            "proxy_configured": false,
            "timeout_seconds": 30.0,
            "duration_ms": 1962,
            "ok": true,
            "endpoint": "ddgs",
            "status": 200,
            "result_count": 5
          }
        ]
      },
      {
        "url": "https://html.duckduckgo.com/html/?q=business+classification+of+EBSCO+Information+Services",
        "query": "business classification of EBSCO Information Services",
        "cache_hit": false,
        "duration_ms": 2521,
        "used_ddgs": true,
        "used_legacy_fallback": false,
        "used_direct_fallback": false,
        "used_lite_fallback": false,
        "failed": false,
        "backend": "ddgs",
        "attempts": [
          {
            "attempt": 1,
            "path": "ddgs",
            "proxy_configured": false,
            "timeout_seconds": 30.0,
            "duration_ms": 2521,
            "ok": true,
            "endpoint": "ddgs",
            "status": 200,
            "result_count": 5
          }
        ]
      },
      {
        "url": "https://html.duckduckgo.com/html/?q=Who+is+the+founder+of+Deadline+Hollywood%3F",
        "query": "Who is the founder of Deadline Hollywood?",
        "cache_hit": false,
        "duration_ms": 852,
        "used_ddgs": true,
        "used_legacy_fallback": false,
        "used_direct_fallback": false,
        "used_lite_fallback": false,
        "failed": false,
        "backend": "ddgs",
        "attempts": [
          {
            "attempt": 1,
            "path": "ddgs",
            "proxy_configured": false,
            "timeout_seconds": 30.0,
            "duration_ms": 852,
            "ok": true,
            "endpoint": "ddgs",
            "status": 200,
            "result_count": 5
          }
        ]
      },
      {
        "url": "https://html.duckduckgo.com/html/?q=University+of+New+Hampshire+president",
        "query": "University of New Hampshire president",
        "cache_hit": false,
        "duration_ms": 1401,
        "used_ddgs": true,
        "used_legacy_fallback": false,
        "used_direct_fallback": false,
        "used_lite_fallback": false,
        "failed": false,
        "backend": "ddgs",
        "attempts": [
          {
            "attempt": 1,
            "path": "ddgs",
            "proxy_configured": false,
            "timeout_seconds": 30.0,
            "duration_ms": 1401,
            "ok": true,
            "endpoint": "ddgs",
            "status": 200,
            "result_count": 5
          }
        ]
      },
      {
        "url": "https://html.duckduckgo.com/html/?q=current+president+of+University+of+New+Hampshire",
        "query": "current president of University of New Hampshire",
        "cache_hit": false,
        "duration_ms": 1496,
        "used_ddgs": true,
        "used_legacy_fallback": false,
        "used_direct_fallback": false,
        "used_lite_fallback": false,
        "failed": false,
        "backend": "ddgs",
        "attempts": [
          {
            "attempt": 1,
            "path": "ddgs",
            "proxy_configured": false,
            "timeout_seconds": 30.0,
            "duration_ms": 1496,
            "ok": true,
            "endpoint": "ddgs",
            "status": 200,
            "result_count": 5
          }
        ]
      },
      {
        "url": "https://html.duckduckgo.com/html/?q=Who+is+the+president+of+the+University+of+New+Hampshire%3F",
        "query": "Who is the president of the University of New Hampshire?",
        "cache_hit": false,
        "duration_ms": 1791,
        "used_ddgs": true,
        "used_legacy_fallback": false,
        "used_direct_fallback": false,
        "used_lite_fallback": false,
        "failed": false,
        "backend": "ddgs",
        "attempts": [
          {
            "attempt": 1,
            "path": "ddgs",
            "proxy_configured": false,
            "timeout_seconds": 30.0,
            "duration_ms": 1791,
            "ok": true,
            "endpoint": "ddgs",
            "status": 200,
            "result_count": 5
          }
        ]
      },
      {
        "url": "https://html.duckduckgo.com/html/?q=Who+founded+Deadline+Hollywood",
        "query": "Who founded Deadline Hollywood",
        "cache_hit": false,
        "duration_ms": 685,
        "used_ddgs": true,
        "used_legacy_fallback": false,
        "used_direct_fallback": false,
        "used_lite_fallback": false,
        "failed": false,
        "backend": "ddgs",
        "attempts": [
          {
            "attempt": 1,
            "path": "ddgs",
            "proxy_configured": false,
            "timeout_seconds": 30.0,
            "duration_ms": 685,
            "ok": true,
            "endpoint": "ddgs",
            "status": 200,
            "result_count": 5
          }
        ]
      },
      {
        "url": "https://html.duckduckgo.com/html/?q=Who+is+the+full+name+of+the+South+Korean+footballer+born+on+March+30%2C+1981%3F",
        "query": "Who is the full name of the South Korean footballer born on March 30, 1981?",
        "cache_hit": false,
        "duration_ms": 758,
        "used_ddgs": true,
        "used_legacy_fallback": false,
        "used_direct_fallback": false,
        "used_lite_fallback": false,
        "failed": false,
        "backend": "ddgs",
        "attempts": [
          {
            "attempt": 1,
            "path": "ddgs",
            "proxy_configured": false,
            "timeout_seconds": 30.0,
            "duration_ms": 758,
            "ok": true,
            "endpoint": "ddgs",
            "status": 200,
            "result_count": 5
          }
        ]
      },
      {
        "url": "https://html.duckduckgo.com/html/?q=South+Korean+footballer+born+March+30+1981+full+name",
        "query": "South Korean footballer born March 30 1981 full name",
        "cache_hit": false,
        "duration_ms": 1532,
        "used_ddgs": true,
        "used_legacy_fallback": false,
        "used_direct_fallback": false,
        "used_lite_fallback": false,
        "failed": false,
        "backend": "ddgs",
        "attempts": [
          {
            "attempt": 1,
            "path": "ddgs",
            "proxy_configured": false,
            "timeout_seconds": 30.0,
            "duration_ms": 1532,
            "ok": true,
            "endpoint": "ddgs",
            "status": 200,
            "result_count": 5
          }
        ]
      },
      {
        "url": "https://html.duckduckgo.com/html/?q=How+many+academic+staff+did+the+University+of+New+Hampshire+have+in+2019%3F",
        "query": "How many academic staff did the University of New Hampshire have in 2019?",
        "cache_hit": false,
        "duration_ms": 1147,
        "used_ddgs": true,
        "used_legacy_fallback": false,
        "used_direct_fallback": false,
        "used_lite_fallback": false,
        "failed": false,
        "backend": "ddgs",
        "attempts": [
          {
            "attempt": 1,
            "path": "ddgs",
            "proxy_configured": false,
            "timeout_seconds": 30.0,
            "duration_ms": 1147,
            "ok": true,
            "endpoint": "ddgs",
            "status": 200,
            "result_count": 5
          }
        ]
      },
      {
        "url": "https://html.duckduckgo.com/html/?q=Deadline+Hollywood+founder",
        "query": "Deadline Hollywood founder",
        "cache_hit": false,
        "duration_ms": 2140,
        "used_ddgs": true,
        "used_legacy_fallback": false,
        "used_direct_fallback": false,
        "used_lite_fallback": false,
        "failed": false,
        "backend": "ddgs",
        "attempts": [
          {
            "attempt": 1,
            "path": "ddgs",
            "proxy_configured": false,
            "timeout_seconds": 30.0,
            "duration_ms": 2140,
            "ok": true,
            "endpoint": "ddgs",
            "status": 200,
            "result_count": 5
          }
        ]
      },
      {
        "url": "https://html.duckduckgo.com/html/?q=full+name+of+footballer+born+1981-03-30+South+Korea",
        "query": "full name of footballer born 1981-03-30 South Korea",
        "cache_hit": false,
        "duration_ms": 1673,
        "used_ddgs": true,
        "used_legacy_fallback": false,
        "used_direct_fallback": false,
        "used_lite_fallback": false,
        "failed": false,
        "backend": "ddgs",
        "attempts": [
          {
            "attempt": 1,
            "path": "ddgs",
            "proxy_configured": false,
            "timeout_seconds": 30.0,
            "duration_ms": 1673,
            "ok": true,
            "endpoint": "ddgs",
            "status": 200,
            "result_count": 5
          }
        ]
      },
      {
        "url": "https://html.duckduckgo.com/html/?q=University+of+New+Hampshire+academic+staff+2019",
        "query": "University of New Hampshire academic staff 2019",
        "cache_hit": false,
        "duration_ms": 1207,
        "used_ddgs": true,
        "used_legacy_fallback": false,
        "used_direct_fallback": false,
        "used_lite_fallback": false,
        "failed": false,
        "backend": "ddgs",
        "attempts": [
          {
            "attempt": 1,
            "path": "ddgs",
            "proxy_configured": false,
            "timeout_seconds": 30.0,
            "duration_ms": 1207,
            "ok": true,
            "endpoint": "ddgs",
            "status": 200,
            "result_count": 5
          }
        ]
      },
      {
        "url": "https://html.duckduckgo.com/html/?q=Deadline+Hollywood+launch+date",
        "query": "Deadline Hollywood launch date",
        "cache_hit": false,
        "duration_ms": 915,
        "used_ddgs": true,
        "used_legacy_fallback": false,
        "used_direct_fallback": false,
        "used_lite_fallback": false,
        "failed": false,
        "backend": "ddgs",
        "attempts": [
          {
            "attempt": 1,
            "path": "ddgs",
            "proxy_configured": false,
            "timeout_seconds": 30.0,
            "duration_ms": 915,
            "ok": true,
            "endpoint": "ddgs",
            "status": 200,
            "result_count": 5
          }
        ]
      },
      {
        "url": "https://html.duckduckgo.com/html/?q=What+month%2C+day%2C+and+year+was+Deadline+Hollywood+launched%3F",
        "query": "What month, day, and year was Deadline Hollywood launched?",
        "cache_hit": false,
        "duration_ms": 1413,
        "used_ddgs": true,
        "used_legacy_fallback": false,
        "used_direct_fallback": false,
        "used_lite_fallback": false,
        "failed": false,
        "backend": "ddgs",
        "attempts": [
          {
            "attempt": 1,
            "path": "ddgs",
            "proxy_configured": false,
            "timeout_seconds": 30.0,
            "duration_ms": 1413,
            "ok": true,
            "endpoint": "ddgs",
            "status": 200,
            "result_count": 5
          }
        ]
      },
      {
        "url": "https://html.duckduckgo.com/html/?q=number+of+faculty+University+of+New+Hampshire+2019",
        "query": "number of faculty University of New Hampshire 2019",
        "cache_hit": false,
        "duration_ms": 1873,
        "used_ddgs": true,
        "used_legacy_fallback": false,
        "used_direct_fallback": false,
        "used_lite_fallback": false,
        "failed": false,
        "backend": "ddgs",
        "attempts": [
          {
            "attempt": 1,
            "path": "ddgs",
            "proxy_configured": false,
            "timeout_seconds": 30.0,
            "duration_ms": 1873,
            "ok": true,
            "endpoint": "ddgs",
            "status": 200,
            "result_count": 5
          }
        ]
      },
      {
        "url": "https://html.duckduckgo.com/html/?q=birthplace+city+of+Park+Ji-sung",
        "query": "birthplace city of Park Ji-sung",
        "cache_hit": false,
        "duration_ms": 609,
        "used_ddgs": true,
        "used_legacy_fallback": false,
        "used_direct_fallback": false,
        "used_lite_fallback": false,
        "failed": false,
        "backend": "ddgs",
        "attempts": [
          {
            "attempt": 1,
            "path": "ddgs",
            "proxy_configured": false,
            "timeout_seconds": 30.0,
            "duration_ms": 609,
            "ok": true,
            "endpoint": "ddgs",
            "status": 200,
            "result_count": 5
          }
        ]
      },
      {
        "url": "https://html.duckduckgo.com/html/?q=When+was+Deadline+Hollywood+founded",
        "query": "When was Deadline Hollywood founded",
        "cache_hit": false,
        "duration_ms": 1408,
        "used_ddgs": true,
        "used_legacy_fallback": false,
        "used_direct_fallback": false,
        "used_lite_fallback": false,
        "failed": false,
        "backend": "ddgs",
        "attempts": [
          {
            "attempt": 1,
            "path": "ddgs",
            "proxy_configured": false,
            "timeout_seconds": 30.0,
            "duration_ms": 1408,
            "ok": true,
            "endpoint": "ddgs",
            "status": 200,
            "result_count": 5
          }
        ]
      },
      {
        "url": "https://html.duckduckgo.com/html/?q=where+was+Park+Ji-sung+born+city",
        "query": "where was Park Ji-sung born city",
        "cache_hit": false,
        "duration_ms": 1530,
        "used_ddgs": true,
        "used_legacy_fallback": false,
        "used_direct_fallback": false,
        "used_lite_fallback": false,
        "failed": false,
        "backend": "ddgs",
        "attempts": [
          {
            "attempt": 1,
            "path": "ddgs",
            "proxy_configured": false,
            "timeout_seconds": 30.0,
            "duration_ms": 1530,
            "ok": true,
            "endpoint": "ddgs",
            "status": 200,
            "result_count": 5
          }
        ]
      },
      {
        "url": "https://html.duckduckgo.com/html/?q=Who+is+the+editor-in-chief+of+Vibe+magazine%3F",
        "query": "Who is the editor-in-chief of Vibe magazine?",
        "cache_hit": false,
        "duration_ms": 1367,
        "used_ddgs": true,
        "used_legacy_fallback": false,
        "used_direct_fallback": false,
        "used_lite_fallback": false,
        "failed": false,
        "backend": "ddgs",
        "attempts": [
          {
            "attempt": 1,
            "path": "ddgs",
            "proxy_configured": false,
            "timeout_seconds": 30.0,
            "duration_ms": 1367,
            "ok": true,
            "endpoint": "ddgs",
            "status": 200,
            "result_count": 5
          }
        ]
      },
      {
        "url": "https://html.duckduckgo.com/html/?q=Vibe+magazine+editor-in-chief",
        "query": "Vibe magazine editor-in-chief",
        "cache_hit": false,
        "duration_ms": 1483,
        "used_ddgs": true,
        "used_legacy_fallback": false,
        "used_direct_fallback": false,
        "used_lite_fallback": false,
        "failed": false,
        "backend": "ddgs",
        "attempts": [
          {
            "attempt": 1,
            "path": "ddgs",
            "proxy_configured": false,
            "timeout_seconds": 30.0,
            "duration_ms": 1483,
            "ok": true,
            "endpoint": "ddgs",
            "status": 200,
            "result_count": 5
          }
        ]
      },
      {
        "url": "https://html.duckduckgo.com/html/?q=What+city+is+the+birthplace+of+Park+Ji-sung%3F",
        "query": "What city is the birthplace of Park Ji-sung?",
        "cache_hit": false,
        "duration_ms": 3011,
        "used_ddgs": true,
        "used_legacy_fallback": false,
        "used_direct_fallback": false,
        "used_lite_fallback": false,
        "failed": false,
        "backend": "ddgs",
        "attempts": [
          {
            "attempt": 1,
            "path": "ddgs",
            "proxy_configured": false,
            "timeout_seconds": 30.0,
            "duration_ms": 3011,
            "ok": true,
            "endpoint": "ddgs",
            "status": 200,
            "result_count": 5
          }
        ]
      },
      {
        "url": "https://html.duckduckgo.com/html/?q=Who+is+the+editor-in-chief+of+Vibe+magazine",
        "query": "Who is the editor-in-chief of Vibe magazine",
        "cache_hit": false,
        "duration_ms": 1519,
        "used_ddgs": true,
        "used_legacy_fallback": false,
        "used_direct_fallback": false,
        "used_lite_fallback": false,
        "failed": false,
        "backend": "ddgs",
        "attempts": [
          {
            "attempt": 1,
            "path": "ddgs",
            "proxy_configured": false,
            "timeout_seconds": 30.0,
            "duration_ms": 1519,
            "ok": true,
            "endpoint": "ddgs",
            "status": 200,
            "result_count": 5
          }
        ]
      },
      {
        "url": "https://html.duckduckgo.com/html/?q=total+club+league+appearances+Park+Ji-sung",
        "query": "total club league appearances Park Ji-sung",
        "cache_hit": false,
        "duration_ms": 710,
        "used_ddgs": true,
        "used_legacy_fallback": false,
        "used_direct_fallback": false,
        "used_lite_fallback": false,
        "failed": false,
        "backend": "ddgs",
        "attempts": [
          {
            "attempt": 1,
            "path": "ddgs",
            "proxy_configured": false,
            "timeout_seconds": 30.0,
            "duration_ms": 710,
            "ok": true,
            "endpoint": "ddgs",
            "status": 200,
            "result_count": 5
          }
        ]
      },
      {
        "url": "https://html.duckduckgo.com/html/?q=Park+Ji-sung+senior+career+total+apps",
        "query": "Park Ji-sung senior career total apps",
        "cache_hit": false,
        "duration_ms": 1608,
        "used_ddgs": true,
        "used_legacy_fallback": false,
        "used_direct_fallback": false,
        "used_lite_fallback": false,
        "failed": false,
        "backend": "ddgs",
        "attempts": [
          {
            "attempt": 1,
            "path": "ddgs",
            "proxy_configured": false,
            "timeout_seconds": 30.0,
            "duration_ms": 1608,
            "ok": true,
            "endpoint": "ddgs",
            "status": 200,
            "result_count": 5
          }
        ]
      },
      {
        "url": "https://html.duckduckgo.com/html/?q=How+many+total+club+domestic+league+appearances+did+Park+Ji-sung+make+in+his+senior+career%3F",
        "query": "How many total club domestic league appearances did Park Ji-sung make in his senior career?",
        "cache_hit": false,
        "duration_ms": 2560,
        "used_ddgs": true,
        "used_legacy_fallback": false,
        "used_direct_fallback": false,
        "used_lite_fallback": false,
        "failed": false,
        "backend": "ddgs",
        "attempts": [
          {
            "attempt": 1,
            "path": "ddgs",
            "proxy_configured": false,
            "timeout_seconds": 30.0,
            "duration_ms": 2560,
            "ok": true,
            "endpoint": "ddgs",
            "status": 200,
            "result_count": 5
          }
        ]
      },
      {
        "url": "https://html.duckduckgo.com/html/?q=What+month+and+year+was+Vibe+magazine+founded%3F",
        "query": "What month and year was Vibe magazine founded?",
        "cache_hit": false,
        "duration_ms": 1230,
        "used_ddgs": true,
        "used_legacy_fallback": false,
        "used_direct_fallback": false,
        "used_lite_fallback": false,
        "failed": false,
        "backend": "ddgs",
        "attempts": [
          {
            "attempt": 1,
            "path": "ddgs",
            "proxy_configured": false,
            "timeout_seconds": 30.0,
            "duration_ms": 1230,
            "ok": true,
            "endpoint": "ddgs",
            "status": 200,
            "result_count": 5
          }
        ]
      },
      {
        "url": "https://html.duckduckgo.com/html/?q=When+was+Vibe+magazine+first+published",
        "query": "When was Vibe magazine first published",
        "cache_hit": false,
        "duration_ms": 2622,
        "used_ddgs": true,
        "used_legacy_fallback": false,
        "used_direct_fallback": false,
        "used_lite_fallback": false,
        "failed": false,
        "backend": "ddgs",
        "attempts": [
          {
            "attempt": 1,
            "path": "ddgs",
            "proxy_configured": false,
            "timeout_seconds": 30.0,
            "duration_ms": 2622,
            "ok": true,
            "endpoint": "ddgs",
            "status": 200,
            "result_count": 5
          }
        ]
      },
      {
        "url": "https://html.duckduckgo.com/html/?q=Vibe+magazine+founding+date",
        "query": "Vibe magazine founding date",
        "cache_hit": false,
        "duration_ms": 2729,
        "used_ddgs": true,
        "used_legacy_fallback": false,
        "used_direct_fallback": false,
        "used_lite_fallback": false,
        "failed": false,
        "backend": "ddgs",
        "attempts": [
          {
            "attempt": 1,
            "path": "ddgs",
            "proxy_configured": false,
            "timeout_seconds": 30.0,
            "duration_ms": 2729,
            "ok": true,
            "endpoint": "ddgs",
            "status": 200,
            "result_count": 5
          }
        ]
      },
      {
        "url": "https://html.duckduckgo.com/html/?q=birth+date+of+Park+Ji-sung",
        "query": "birth date of Park Ji-sung",
        "cache_hit": false,
        "duration_ms": 1053,
        "used_ddgs": true,
        "used_legacy_fallback": false,
        "used_direct_fallback": false,
        "used_lite_fallback": false,
        "failed": false,
        "backend": "ddgs",
        "attempts": [
          {
            "attempt": 1,
            "path": "ddgs",
            "proxy_configured": false,
            "timeout_seconds": 30.0,
            "duration_ms": 1053,
            "ok": true,
            "endpoint": "ddgs",
            "status": 200,
            "result_count": 5
          }
        ]
      },
      {
        "url": "https://html.duckduckgo.com/html/?q=Park+Ji-sung+date+of+birth",
        "query": "Park Ji-sung date of birth",
        "cache_hit": false,
        "duration_ms": 1610,
        "used_ddgs": true,
        "used_legacy_fallback": false,
        "used_direct_fallback": false,
        "used_lite_fallback": false,
        "failed": false,
        "backend": "ddgs",
        "attempts": [
          {
            "attempt": 1,
            "path": "ddgs",
            "proxy_configured": false,
            "timeout_seconds": 30.0,
            "duration_ms": 1610,
            "ok": true,
            "endpoint": "ddgs",
            "status": 200,
            "result_count": 5
          }
        ]
      },
      {
        "url": "https://html.duckduckgo.com/html/?q=What+is+the+full+birth+date+of+Park+Ji-sung+including+month%2C+day%2C+and+year%3F",
        "query": "What is the full birth date of Park Ji-sung including month, day, and year?",
        "cache_hit": false,
        "duration_ms": 1649,
        "used_ddgs": true,
        "used_legacy_fallback": false,
        "used_direct_fallback": false,
        "used_lite_fallback": false,
        "failed": false,
        "backend": "ddgs",
        "attempts": [
          {
            "attempt": 1,
            "path": "ddgs",
            "proxy_configured": false,
            "timeout_seconds": 30.0,
            "duration_ms": 1649,
            "ok": true,
            "endpoint": "ddgs",
            "status": 200,
            "result_count": 5
          }
        ]
      },
      {
        "url": "https://html.duckduckgo.com/html/?q=which+specialty+treats+emphysema",
        "query": "which specialty treats emphysema",
        "cache_hit": false,
        "duration_ms": 676,
        "used_ddgs": true,
        "used_legacy_fallback": false,
        "used_direct_fallback": false,
        "used_lite_fallback": false,
        "failed": false,
        "backend": "ddgs",
        "attempts": [
          {
            "attempt": 1,
            "path": "ddgs",
            "proxy_configured": false,
            "timeout_seconds": 30.0,
            "duration_ms": 676,
            "ok": true,
            "endpoint": "ddgs",
            "status": 200,
            "result_count": 5
          }
        ]
      },
      {
        "url": "https://html.duckduckgo.com/html/?q=medical+specialty+for+emphysema",
        "query": "medical specialty for emphysema",
        "cache_hit": false,
        "duration_ms": 1354,
        "used_ddgs": true,
        "used_legacy_fallback": false,
        "used_direct_fallback": false,
        "used_lite_fallback": false,
        "failed": false,
        "backend": "ddgs",
        "attempts": [
          {
            "attempt": 1,
            "path": "ddgs",
            "proxy_configured": false,
            "timeout_seconds": 30.0,
            "duration_ms": 1354,
            "ok": true,
            "endpoint": "ddgs",
            "status": 200,
            "result_count": 5
          }
        ]
      },
      {
        "url": "https://html.duckduckgo.com/html/?q=What+is+the+running+time+in+minutes+of+the+1964+film+My+Fair+Lady%3F",
        "query": "What is the running time in minutes of the 1964 film My Fair Lady?",
        "cache_hit": false,
        "duration_ms": 1671,
        "used_ddgs": true,
        "used_legacy_fallback": false,
        "used_direct_fallback": false,
        "used_lite_fallback": false,
        "failed": false,
        "backend": "ddgs",
        "attempts": [
          {
            "attempt": 1,
            "path": "ddgs",
            "proxy_configured": false,
            "timeout_seconds": 30.0,
            "duration_ms": 1671,
            "ok": true,
            "endpoint": "ddgs",
            "status": 200,
            "result_count": 5
          }
        ]
      },
      {
        "url": "https://html.duckduckgo.com/html/?q=My+Fair+Lady+1964+film+running+time+minutes",
        "query": "My Fair Lady 1964 film running time minutes",
        "cache_hit": false,
        "duration_ms": 1632,
        "used_ddgs": true,
        "used_legacy_fallback": false,
        "used_direct_fallback": false,
        "used_lite_fallback": false,
        "failed": false,
        "backend": "ddgs",
        "attempts": [
          {
            "attempt": 1,
            "path": "ddgs",
            "proxy_configured": false,
            "timeout_seconds": 30.0,
            "duration_ms": 1632,
            "ok": true,
            "endpoint": "ddgs",
            "status": 200,
            "result_count": 5
          }
        ]
      },
      {
        "url": "https://html.duckduckgo.com/html/?q=Duration+in+minutes+of+My+Fair+Lady+movie+1964",
        "query": "Duration in minutes of My Fair Lady movie 1964",
        "cache_hit": false,
        "duration_ms": 1012,
        "used_ddgs": true,
        "used_legacy_fallback": false,
        "used_direct_fallback": false,
        "used_lite_fallback": false,
        "failed": false,
        "backend": "ddgs",
        "attempts": [
          {
            "attempt": 1,
            "path": "ddgs",
            "proxy_configured": false,
            "timeout_seconds": 30.0,
            "duration_ms": 1012,
            "ok": true,
            "endpoint": "ddgs",
            "status": 200,
            "result_count": 5
          }
        ]
      },
      {
        "url": "https://html.duckduckgo.com/html/?q=What+is+the+primary+medical+specialty+that+deals+with+emphysema%3F",
        "query": "What is the primary medical specialty that deals with emphysema?",
        "cache_hit": false,
        "duration_ms": 2958,
        "used_ddgs": true,
        "used_legacy_fallback": false,
        "used_direct_fallback": false,
        "used_lite_fallback": false,
        "failed": false,
        "backend": "ddgs",
        "attempts": [
          {
            "attempt": 1,
            "path": "ddgs",
            "proxy_configured": false,
            "timeout_seconds": 30.0,
            "duration_ms": 2958,
            "ok": true,
            "endpoint": "ddgs",
            "status": 200,
            "result_count": 5
          }
        ]
      },
      {
        "url": "https://html.duckduckgo.com/html/?q=Who+is+the+consort+of+the+protector+of+seafarers+and+the+guardian+of+many+Hellenic+cities+and+colonies%3F",
        "query": "Who is the consort of the protector of seafarers and the guardian of many Hellenic cities and colonies?",
        "cache_hit": false,
        "duration_ms": 1178,
        "used_ddgs": true,
        "used_legacy_fallback": false,
        "used_direct_fallback": false,
        "used_lite_fallback": false,
        "failed": false,
        "backend": "ddgs",
        "attempts": [
          {
            "attempt": 1,
            "path": "ddgs",
            "proxy_configured": false,
            "timeout_seconds": 30.0,
            "duration_ms": 1178,
            "ok": true,
            "endpoint": "ddgs",
            "status": 200,
            "result_count": 5
          }
        ]
      },
      {
        "url": "https://html.duckduckgo.com/html/?q=protector+of+seafarers+consort+name",
        "query": "protector of seafarers consort name",
        "cache_hit": false,
        "duration_ms": 1988,
        "used_ddgs": true,
        "used_legacy_fallback": false,
        "used_direct_fallback": false,
        "used_lite_fallback": false,
        "failed": false,
        "backend": "ddgs",
        "attempts": [
          {
            "attempt": 1,
            "path": "ddgs",
            "proxy_configured": false,
            "timeout_seconds": 30.0,
            "duration_ms": 1988,
            "ok": true,
            "endpoint": "ddgs",
            "status": 200,
            "result_count": 5
          }
        ]
      },
      {
        "url": "https://html.duckduckgo.com/html/?q=Poseidon+consort",
        "query": "Poseidon consort",
        "cache_hit": false,
        "duration_ms": 2076,
        "used_ddgs": true,
        "used_legacy_fallback": false,
        "used_direct_fallback": false,
        "used_lite_fallback": false,
        "failed": false,
        "backend": "ddgs",
        "attempts": [
          {
            "attempt": 1,
            "path": "ddgs",
            "proxy_configured": false,
            "timeout_seconds": 30.0,
            "duration_ms": 2076,
            "ok": true,
            "endpoint": "ddgs",
            "status": 200,
            "result_count": 5
          }
        ]
      },
      {
        "url": "https://html.duckduckgo.com/html/?q=Poseidon+symbols",
        "query": "Poseidon symbols",
        "cache_hit": false,
        "duration_ms": 1183,
        "used_ddgs": true,
        "used_legacy_fallback": false,
        "used_direct_fallback": false,
        "used_lite_fallback": false,
        "failed": false,
        "backend": "ddgs",
        "attempts": [
          {
            "attempt": 1,
            "path": "ddgs",
            "proxy_configured": false,
            "timeout_seconds": 30.0,
            "duration_ms": 1183,
            "ok": true,
            "endpoint": "ddgs",
            "status": 200,
            "result_count": 5
          }
        ]
      },
      {
        "url": "https://html.duckduckgo.com/html/?q=symbols+of+god+of+sea+and+horses",
        "query": "symbols of god of sea and horses",
        "cache_hit": false,
        "duration_ms": 1342,
        "used_ddgs": true,
        "used_legacy_fallback": false,
        "used_direct_fallback": false,
        "used_lite_fallback": false,
        "failed": false,
        "backend": "ddgs",
        "attempts": [
          {
            "attempt": 1,
            "path": "ddgs",
            "proxy_configured": false,
            "timeout_seconds": 30.0,
            "duration_ms": 1342,
            "ok": true,
            "endpoint": "ddgs",
            "status": 200,
            "result_count": 5
          }
        ]
      },
      {
        "url": "https://html.duckduckgo.com/html/?q=What+is+one+of+the+symbols+associated+with+the+god+of+the+sea%2C+storms%2C+earthquakes%2C+and+horses%3F",
        "query": "What is one of the symbols associated with the god of the sea, storms, earthquakes, and horses?",
        "cache_hit": false,
        "duration_ms": 2617,
        "used_ddgs": true,
        "used_legacy_fallback": false,
        "used_direct_fallback": false,
        "used_lite_fallback": false,
        "failed": false,
        "backend": "ddgs",
        "attempts": [
          {
            "attempt": 1,
            "path": "ddgs",
            "proxy_configured": false,
            "timeout_seconds": 30.0,
            "duration_ms": 2617,
            "ok": true,
            "endpoint": "ddgs",
            "status": 200,
            "result_count": 5
          }
        ]
      },
      {
        "url": "https://html.duckduckgo.com/html/?q=current+president+University+of+Michigan",
        "query": "current president University of Michigan",
        "cache_hit": false,
        "duration_ms": 1000,
        "used_ddgs": true,
        "used_legacy_fallback": false,
        "used_direct_fallback": false,
        "used_lite_fallback": false,
        "failed": false,
        "backend": "ddgs",
        "attempts": [
          {
            "attempt": 1,
            "path": "ddgs",
            "proxy_configured": false,
            "timeout_seconds": 30.0,
            "duration_ms": 1000,
            "ok": true,
            "endpoint": "ddgs",
            "status": 200,
            "result_count": 5
          }
        ]
      },
      {
        "url": "https://html.duckduckgo.com/html/?q=president+of+University+of+Michigan",
        "query": "president of University of Michigan",
        "cache_hit": false,
        "duration_ms": 1347,
        "used_ddgs": true,
        "used_legacy_fallback": false,
        "used_direct_fallback": false,
        "used_lite_fallback": false,
        "failed": false,
        "backend": "ddgs",
        "attempts": [
          {
            "attempt": 1,
            "path": "ddgs",
            "proxy_configured": false,
            "timeout_seconds": 30.0,
            "duration_ms": 1347,
            "ok": true,
            "endpoint": "ddgs",
            "status": 200,
            "result_count": 5
          }
        ]
      },
      {
        "url": "https://html.duckduckgo.com/html/?q=Who+is+the+president+of+the+oldest+institution+of+higher+education+in+the+state+of+Michigan%3F",
        "query": "Who is the president of the oldest institution of higher education in the state of Michigan?",
        "cache_hit": false,
        "duration_ms": 1609,
        "used_ddgs": true,
        "used_legacy_fallback": false,
        "used_direct_fallback": false,
        "used_lite_fallback": false,
        "failed": false,
        "backend": "ddgs",
        "attempts": [
          {
            "attempt": 1,
            "path": "ddgs",
            "proxy_configured": false,
            "timeout_seconds": 30.0,
            "duration_ms": 1609,
            "ok": true,
            "endpoint": "ddgs",
            "status": 200,
            "result_count": 5
          }
        ]
      },
      {
        "url": "https://html.duckduckgo.com/html/?q=Who+is+the+brother+of+Tony+Sirico%3F",
        "query": "Who is the brother of Tony Sirico?",
        "cache_hit": false,
        "duration_ms": 1436,
        "used_ddgs": true,
        "used_legacy_fallback": false,
        "used_direct_fallback": false,
        "used_lite_fallback": false,
        "failed": false,
        "backend": "ddgs",
        "attempts": [
          {
            "attempt": 1,
            "path": "ddgs",
            "proxy_configured": false,
            "timeout_seconds": 30.0,
            "duration_ms": 1436,
            "ok": true,
            "endpoint": "ddgs",
            "status": 200,
            "result_count": 5
          }
        ]
      },
      {
        "url": "https://html.duckduckgo.com/html/?q=Tony+Sirico+brother",
        "query": "Tony Sirico brother",
        "cache_hit": false,
        "duration_ms": 1225,
        "used_ddgs": true,
        "used_legacy_fallback": false,
        "used_direct_fallback": false,
        "used_lite_fallback": false,
        "failed": false,
        "backend": "ddgs",
        "attempts": [
          {
            "attempt": 1,
            "path": "ddgs",
            "proxy_configured": false,
            "timeout_seconds": 30.0,
            "duration_ms": 1225,
            "ok": true,
            "endpoint": "ddgs",
            "status": 200,
            "result_count": 5
          }
        ]
      },
      {
        "url": "https://html.duckduckgo.com/html/?q=What+month%2C+day%2C+and+year+was+the+oldest+institution+of+higher+education+in+the+state+of+Michigan+established%3F",
        "query": "What month, day, and year was the oldest institution of higher education in the state of Michigan established?",
        "cache_hit": false,
        "duration_ms": 903,
        "used_ddgs": true,
        "used_legacy_fallback": false,
        "used_direct_fallback": false,
        "used_lite_fallback": false,
        "failed": false,
        "backend": "ddgs",
        "attempts": [
          {
            "attempt": 1,
            "path": "ddgs",
            "proxy_configured": false,
            "timeout_seconds": 30.0,
            "duration_ms": 903,
            "ok": true,
            "endpoint": "ddgs",
            "status": 200,
            "result_count": 5
          }
        ]
      },
      {
        "url": "https://html.duckduckgo.com/html/?q=Who+is+the+person+after+whom+the+city+of+Jackson%2C+Tennessee+was+named%3F",
        "query": "Who is the person after whom the city of Jackson, Tennessee was named?",
        "cache_hit": false,
        "duration_ms": 814,
        "used_ddgs": true,
        "used_legacy_fallback": false,
        "used_direct_fallback": false,
        "used_lite_fallback": false,
        "failed": false,
        "backend": "ddgs",
        "attempts": [
          {
            "attempt": 1,
            "path": "ddgs",
            "proxy_configured": false,
            "timeout_seconds": 30.0,
            "duration_ms": 814,
            "ok": true,
            "endpoint": "ddgs",
            "status": 200,
            "result_count": 5
          }
        ]
      },
      {
        "url": "https://html.duckduckgo.com/html/?q=Jackson+Tennessee+named+after",
        "query": "Jackson Tennessee named after",
        "cache_hit": false,
        "duration_ms": 753,
        "used_ddgs": true,
        "used_legacy_fallback": false,
        "used_direct_fallback": false,
        "used_lite_fallback": false,
        "failed": false,
        "backend": "ddgs",
        "attempts": [
          {
            "attempt": 1,
            "path": "ddgs",
            "proxy_configured": false,
            "timeout_seconds": 30.0,
            "duration_ms": 753,
            "ok": true,
            "endpoint": "ddgs",
            "status": 200,
            "result_count": 5
          }
        ]
      },
      {
        "url": "https://html.duckduckgo.com/html/?q=exact+founding+date+University+of+Michigan",
        "query": "exact founding date University of Michigan",
        "cache_hit": false,
        "duration_ms": 1689,
        "used_ddgs": true,
        "used_legacy_fallback": false,
        "used_direct_fallback": false,
        "used_lite_fallback": false,
        "failed": false,
        "backend": "ddgs",
        "attempts": [
          {
            "attempt": 1,
            "path": "ddgs",
            "proxy_configured": false,
            "timeout_seconds": 30.0,
            "duration_ms": 1689,
            "ok": true,
            "endpoint": "ddgs",
            "status": 200,
            "result_count": 5
          }
        ]
      },
      {
        "url": "https://html.duckduckgo.com/html/?q=University+of+Michigan+established+date",
        "query": "University of Michigan established date",
        "cache_hit": false,
        "duration_ms": 2015,
        "used_ddgs": true,
        "used_legacy_fallback": false,
        "used_direct_fallback": false,
        "used_lite_fallback": false,
        "failed": false,
        "backend": "ddgs",
        "attempts": [
          {
            "attempt": 1,
            "path": "ddgs",
            "proxy_configured": false,
            "timeout_seconds": 30.0,
            "duration_ms": 2015,
            "ok": true,
            "endpoint": "ddgs",
            "status": 200,
            "result_count": 5
          }
        ]
      },
      {
        "url": "https://html.duckduckgo.com/html/?q=How+many+children+did+Tony+Sirico+have%3F",
        "query": "How many children did Tony Sirico have?",
        "cache_hit": false,
        "duration_ms": 1106,
        "used_ddgs": true,
        "used_legacy_fallback": false,
        "used_direct_fallback": false,
        "used_lite_fallback": false,
        "failed": false,
        "backend": "ddgs",
        "attempts": [
          {
            "attempt": 1,
            "path": "ddgs",
            "proxy_configured": false,
            "timeout_seconds": 30.0,
            "duration_ms": 1106,
            "ok": true,
            "endpoint": "ddgs",
            "status": 200,
            "result_count": 5
          }
        ]
      },
      {
        "url": "https://html.duckduckgo.com/html/?q=Tony+Sirico+number+of+children",
        "query": "Tony Sirico number of children",
        "cache_hit": false,
        "duration_ms": 1148,
        "used_ddgs": true,
        "used_legacy_fallback": false,
        "used_direct_fallback": false,
        "used_lite_fallback": false,
        "failed": false,
        "backend": "ddgs",
        "attempts": [
          {
            "attempt": 1,
            "path": "ddgs",
            "proxy_configured": false,
            "timeout_seconds": 30.0,
            "duration_ms": 1148,
            "ok": true,
            "endpoint": "ddgs",
            "status": 200,
            "result_count": 5
          }
        ]
      },
      {
        "url": "https://html.duckduckgo.com/html/?q=How+many+children+did+Tony+Sirico+have",
        "query": "How many children did Tony Sirico have",
        "cache_hit": false,
        "duration_ms": 1020,
        "used_ddgs": true,
        "used_legacy_fallback": false,
        "used_direct_fallback": false,
        "used_lite_fallback": false,
        "failed": false,
        "backend": "ddgs",
        "attempts": [
          {
            "attempt": 1,
            "path": "ddgs",
            "proxy_configured": false,
            "timeout_seconds": 30.0,
            "duration_ms": 1020,
            "ok": true,
            "endpoint": "ddgs",
            "status": 200,
            "result_count": 5
          }
        ]
      },
      {
        "url": "https://html.duckduckgo.com/html/?q=Polybius+birthplace+city",
        "query": "Polybius birthplace city",
        "cache_hit": false,
        "duration_ms": 685,
        "used_ddgs": true,
        "used_legacy_fallback": false,
        "used_direct_fallback": false,
        "used_lite_fallback": false,
        "failed": false,
        "backend": "ddgs",
        "attempts": [
          {
            "attempt": 1,
            "path": "ddgs",
            "proxy_configured": false,
            "timeout_seconds": 30.0,
            "duration_ms": 685,
            "ok": true,
            "endpoint": "ddgs",
            "status": 200,
            "result_count": 5
          }
        ]
      },
      {
        "url": "https://html.duckduckgo.com/html/?q=origin+of+Jackson+Tennessee+city+name",
        "query": "origin of Jackson Tennessee city name",
        "cache_hit": false,
        "duration_ms": 2440,
        "used_ddgs": true,
        "used_legacy_fallback": false,
        "used_direct_fallback": false,
        "used_lite_fallback": false,
        "failed": false,
        "backend": "ddgs",
        "attempts": [
          {
            "attempt": 1,
            "path": "ddgs",
            "proxy_configured": false,
            "timeout_seconds": 30.0,
            "duration_ms": 2440,
            "ok": true,
            "endpoint": "ddgs",
            "status": 200,
            "result_count": 5
          }
        ]
      },
      {
        "url": "https://html.duckduckgo.com/html/?q=where+was+Polybius+born",
        "query": "where was Polybius born",
        "cache_hit": false,
        "duration_ms": 945,
        "used_ddgs": true,
        "used_legacy_fallback": false,
        "used_direct_fallback": false,
        "used_lite_fallback": false,
        "failed": false,
        "backend": "ddgs",
        "attempts": [
          {
            "attempt": 1,
            "path": "ddgs",
            "proxy_configured": false,
            "timeout_seconds": 30.0,
            "duration_ms": 945,
            "ok": true,
            "endpoint": "ddgs",
            "status": 200,
            "result_count": 5
          }
        ]
      },
      {
        "url": "https://html.duckduckgo.com/html/?q=What+month%2C+day%2C+and+year+did+Tony+Sirico+die%3F",
        "query": "What month, day, and year did Tony Sirico die?",
        "cache_hit": false,
        "duration_ms": 754,
        "used_ddgs": true,
        "used_legacy_fallback": false,
        "used_direct_fallback": false,
        "used_lite_fallback": false,
        "failed": false,
        "backend": "ddgs",
        "attempts": [
          {
            "attempt": 1,
            "path": "ddgs",
            "proxy_configured": false,
            "timeout_seconds": 30.0,
            "duration_ms": 754,
            "ok": true,
            "endpoint": "ddgs",
            "status": 200,
            "result_count": 5
          }
        ]
      },
      {
        "url": "https://html.duckduckgo.com/html/?q=What+city+was+Polybius+born+in%3F",
        "query": "What city was Polybius born in?",
        "cache_hit": false,
        "duration_ms": 2277,
        "used_ddgs": true,
        "used_legacy_fallback": false,
        "used_direct_fallback": false,
        "used_lite_fallback": false,
        "failed": false,
        "backend": "ddgs",
        "attempts": [
          {
            "attempt": 1,
            "path": "ddgs",
            "proxy_configured": false,
            "timeout_seconds": 30.0,
            "duration_ms": 2277,
            "ok": true,
            "endpoint": "ddgs",
            "status": 200,
            "result_count": 5
          }
        ]
      },
      {
        "url": "https://html.duckduckgo.com/html/?q=In+which+county+is+the+city+of+Jackson%2C+Tennessee+located%3F",
        "query": "In which county is the city of Jackson, Tennessee located?",
        "cache_hit": false,
        "duration_ms": 1141,
        "used_ddgs": true,
        "used_legacy_fallback": false,
        "used_direct_fallback": false,
        "used_lite_fallback": false,
        "failed": false,
        "backend": "ddgs",
        "attempts": [
          {
            "attempt": 1,
            "path": "ddgs",
            "proxy_configured": false,
            "timeout_seconds": 30.0,
            "duration_ms": 1141,
            "ok": true,
            "endpoint": "ddgs",
            "status": 200,
            "result_count": 5
          }
        ]
      },
      {
        "url": "https://html.duckduckgo.com/html/?q=Tony+Sirico+date+of+death",
        "query": "Tony Sirico date of death",
        "cache_hit": false,
        "duration_ms": 1578,
        "used_ddgs": true,
        "used_legacy_fallback": false,
        "used_direct_fallback": false,
        "used_lite_fallback": false,
        "failed": false,
        "backend": "ddgs",
        "attempts": [
          {
            "attempt": 1,
            "path": "ddgs",
            "proxy_configured": false,
            "timeout_seconds": 30.0,
            "duration_ms": 1578,
            "ok": true,
            "endpoint": "ddgs",
            "status": 200,
            "result_count": 5
          }
        ]
      },
      {
        "url": "https://html.duckduckgo.com/html/?q=When+did+Tony+Sirico+die",
        "query": "When did Tony Sirico die",
        "cache_hit": false,
        "duration_ms": 1591,
        "used_ddgs": true,
        "used_legacy_fallback": false,
        "used_direct_fallback": false,
        "used_lite_fallback": false,
        "failed": false,
        "backend": "ddgs",
        "attempts": [
          {
            "attempt": 1,
            "path": "ddgs",
            "proxy_configured": false,
            "timeout_seconds": 30.0,
            "duration_ms": 1591,
            "ok": true,
            "endpoint": "ddgs",
            "status": 200,
            "result_count": 5
          }
        ]
      },
      {
        "url": "https://html.duckduckgo.com/html/?q=Jackson+Tennessee+county+location",
        "query": "Jackson Tennessee county location",
        "cache_hit": false,
        "duration_ms": 1476,
        "used_ddgs": true,
        "used_legacy_fallback": false,
        "used_direct_fallback": false,
        "used_lite_fallback": false,
        "failed": false,
        "backend": "ddgs",
        "attempts": [
          {
            "attempt": 1,
            "path": "ddgs",
            "proxy_configured": false,
            "timeout_seconds": 30.0,
            "duration_ms": 1476,
            "ok": true,
            "endpoint": "ddgs",
            "status": 200,
            "result_count": 5
          }
        ]
      },
      {
        "url": "https://html.duckduckgo.com/html/?q=Polybius+notable+philosophical+idea",
        "query": "Polybius notable philosophical idea",
        "cache_hit": false,
        "duration_ms": 1107,
        "used_ddgs": true,
        "used_legacy_fallback": false,
        "used_direct_fallback": false,
        "used_lite_fallback": false,
        "failed": false,
        "backend": "ddgs",
        "attempts": [
          {
            "attempt": 1,
            "path": "ddgs",
            "proxy_configured": false,
            "timeout_seconds": 30.0,
            "duration_ms": 1107,
            "ok": true,
            "endpoint": "ddgs",
            "status": 200,
            "result_count": 5
          }
        ]
      },
      {
        "url": "https://html.duckduckgo.com/html/?q=What+is+the+notable+philosophical+idea+attributed+to+Polybius%3F",
        "query": "What is the notable philosophical idea attributed to Polybius?",
        "cache_hit": false,
        "duration_ms": 1813,
        "used_ddgs": true,
        "used_legacy_fallback": false,
        "used_direct_fallback": false,
        "used_lite_fallback": false,
        "failed": false,
        "backend": "ddgs",
        "attempts": [
          {
            "attempt": 1,
            "path": "ddgs",
            "proxy_configured": false,
            "timeout_seconds": 30.0,
            "duration_ms": 1813,
            "ok": true,
            "endpoint": "ddgs",
            "status": 200,
            "result_count": 5
          }
        ]
      },
      {
        "url": "https://html.duckduckgo.com/html/?q=What+was+Tony+Sirico%27s+occupation%3F",
        "query": "What was Tony Sirico's occupation?",
        "cache_hit": false,
        "duration_ms": 623,
        "used_ddgs": true,
        "used_legacy_fallback": false,
        "used_direct_fallback": false,
        "used_lite_fallback": false,
        "failed": false,
        "backend": "ddgs",
        "attempts": [
          {
            "attempt": 1,
            "path": "ddgs",
            "proxy_configured": false,
            "timeout_seconds": 30.0,
            "duration_ms": 623,
            "ok": true,
            "endpoint": "ddgs",
            "status": 200,
            "result_count": 5
          }
        ]
      },
      {
        "url": "https://html.duckduckgo.com/html/?q=county+of+Jackson+Tennessee",
        "query": "county of Jackson Tennessee",
        "cache_hit": false,
        "duration_ms": 2426,
        "used_ddgs": true,
        "used_legacy_fallback": false,
        "used_direct_fallback": false,
        "used_lite_fallback": false,
        "failed": false,
        "backend": "ddgs",
        "attempts": [
          {
            "attempt": 1,
            "path": "ddgs",
            "proxy_configured": false,
            "timeout_seconds": 30.0,
            "duration_ms": 2426,
            "ok": true,
            "endpoint": "ddgs",
            "status": 200,
            "result_count": 5
          }
        ]
      },
      {
        "url": "https://html.duckduckgo.com/html/?q=philosophical+ideas+of+Polybius",
        "query": "philosophical ideas of Polybius",
        "cache_hit": false,
        "duration_ms": 1517,
        "used_ddgs": true,
        "used_legacy_fallback": false,
        "used_direct_fallback": false,
        "used_lite_fallback": false,
        "failed": false,
        "backend": "ddgs",
        "attempts": [
          {
            "attempt": 1,
            "path": "ddgs",
            "proxy_configured": false,
            "timeout_seconds": 30.0,
            "duration_ms": 1517,
            "ok": true,
            "endpoint": "ddgs",
            "status": 200,
            "result_count": 5
          }
        ]
      },
      {
        "url": "https://html.duckduckgo.com/html/?q=Tony+Sirico+occupation",
        "query": "Tony Sirico occupation",
        "cache_hit": false,
        "duration_ms": 933,
        "used_ddgs": true,
        "used_legacy_fallback": false,
        "used_direct_fallback": false,
        "used_lite_fallback": false,
        "failed": false,
        "backend": "ddgs",
        "attempts": [
          {
            "attempt": 1,
            "path": "ddgs",
            "proxy_configured": false,
            "timeout_seconds": 30.0,
            "duration_ms": 933,
            "ok": true,
            "endpoint": "ddgs",
            "status": 200,
            "result_count": 5
          }
        ]
      },
      {
        "url": "https://html.duckduckgo.com/html/?q=University+of+Michigan+motto+in+English",
        "query": "University of Michigan motto in English",
        "cache_hit": false,
        "duration_ms": 608,
        "used_ddgs": true,
        "used_legacy_fallback": false,
        "used_direct_fallback": false,
        "used_lite_fallback": false,
        "failed": false,
        "backend": "ddgs",
        "attempts": [
          {
            "attempt": 1,
            "path": "ddgs",
            "proxy_configured": false,
            "timeout_seconds": 30.0,
            "duration_ms": 608,
            "ok": true,
            "endpoint": "ddgs",
            "status": 200,
            "result_count": 5
          }
        ]
      },
      {
        "url": "https://html.duckduckgo.com/html/?q=What+was+Tony+Sirico%27s+profession",
        "query": "What was Tony Sirico's profession",
        "cache_hit": false,
        "duration_ms": 1517,
        "used_ddgs": true,
        "used_legacy_fallback": false,
        "used_direct_fallback": false,
        "used_lite_fallback": false,
        "failed": false,
        "backend": "ddgs",
        "attempts": [
          {
            "attempt": 1,
            "path": "ddgs",
            "proxy_configured": false,
            "timeout_seconds": 30.0,
            "duration_ms": 1517,
            "ok": true,
            "endpoint": "ddgs",
            "status": 200,
            "result_count": 5
          }
        ]
      },
      {
        "url": "https://html.duckduckgo.com/html/?q=What+is+the+motto+in+English+of+the+oldest+institution+of+higher+education+in+the+state+of+Michigan%3F",
        "query": "What is the motto in English of the oldest institution of higher education in the state of Michigan?",
        "cache_hit": false,
        "duration_ms": 1168,
        "used_ddgs": true,
        "used_legacy_fallback": false,
        "used_direct_fallback": false,
        "used_lite_fallback": false,
        "failed": false,
        "backend": "ddgs",
        "attempts": [
          {
            "attempt": 1,
            "path": "ddgs",
            "proxy_configured": false,
            "timeout_seconds": 30.0,
            "duration_ms": 1168,
            "ok": true,
            "endpoint": "ddgs",
            "status": 200,
            "result_count": 5
          }
        ]
      },
      {
        "url": "https://html.duckduckgo.com/html/?q=motto+of+University+of+Michigan",
        "query": "motto of University of Michigan",
        "cache_hit": false,
        "duration_ms": 1348,
        "used_ddgs": true,
        "used_legacy_fallback": false,
        "used_direct_fallback": false,
        "used_lite_fallback": false,
        "failed": false,
        "backend": "ddgs",
        "attempts": [
          {
            "attempt": 1,
            "path": "ddgs",
            "proxy_configured": false,
            "timeout_seconds": 30.0,
            "duration_ms": 1348,
            "ok": true,
            "endpoint": "ddgs",
            "status": 200,
            "result_count": 5
          }
        ]
      },
      {
        "url": "https://html.duckduckgo.com/html/?q=year+Jackson+Tennessee+became+incorporated",
        "query": "year Jackson Tennessee became incorporated",
        "cache_hit": false,
        "duration_ms": 1306,
        "used_ddgs": true,
        "used_legacy_fallback": false,
        "used_direct_fallback": false,
        "used_lite_fallback": false,
        "failed": false,
        "backend": "ddgs",
        "attempts": [
          {
            "attempt": 1,
            "path": "ddgs",
            "proxy_configured": false,
            "timeout_seconds": 30.0,
            "duration_ms": 1306,
            "ok": true,
            "endpoint": "ddgs",
            "status": 200,
            "result_count": 5
          }
        ]
      },
      {
        "url": "https://html.duckduckgo.com/html/?q=In+what+year+was+the+city+of+Jackson%2C+Tennessee+incorporated%3F",
        "query": "In what year was the city of Jackson, Tennessee incorporated?",
        "cache_hit": false,
        "duration_ms": 1749,
        "used_ddgs": true,
        "used_legacy_fallback": false,
        "used_direct_fallback": false,
        "used_lite_fallback": false,
        "failed": false,
        "backend": "ddgs",
        "attempts": [
          {
            "attempt": 1,
            "path": "ddgs",
            "proxy_configured": false,
            "timeout_seconds": 30.0,
            "duration_ms": 1749,
            "ok": true,
            "endpoint": "ddgs",
            "status": 200,
            "result_count": 5
          }
        ]
      },
      {
        "url": "https://html.duckduckgo.com/html/?q=Jackson+Tennessee+incorporation+year",
        "query": "Jackson Tennessee incorporation year",
        "cache_hit": false,
        "duration_ms": 2049,
        "used_ddgs": true,
        "used_legacy_fallback": false,
        "used_direct_fallback": false,
        "used_lite_fallback": false,
        "failed": false,
        "backend": "ddgs",
        "attempts": [
          {
            "attempt": 1,
            "path": "ddgs",
            "proxy_configured": false,
            "timeout_seconds": 30.0,
            "duration_ms": 2049,
            "ok": true,
            "endpoint": "ddgs",
            "status": 200,
            "result_count": 5
          }
        ]
      },
      {
        "url": "https://html.duckduckgo.com/html/?q=conflicts+involved+in+2021+Taliban+offensive",
        "query": "conflicts involved in 2021 Taliban offensive",
        "cache_hit": false,
        "duration_ms": 1466,
        "used_ddgs": true,
        "used_legacy_fallback": false,
        "used_direct_fallback": false,
        "used_lite_fallback": false,
        "failed": false,
        "backend": "ddgs",
        "attempts": [
          {
            "attempt": 1,
            "path": "ddgs",
            "proxy_configured": false,
            "timeout_seconds": 30.0,
            "duration_ms": 1466,
            "ok": true,
            "endpoint": "ddgs",
            "status": 200,
            "result_count": 5
          }
        ]
      },
      {
        "url": "https://html.duckduckgo.com/html/?q=How+many+wars+are+referenced+in+the+context+of+the+Fall+of+Kabul+%282021%29%3F",
        "query": "How many wars are referenced in the context of the Fall of Kabul (2021)?",
        "cache_hit": false,
        "duration_ms": 2218,
        "used_ddgs": true,
        "used_legacy_fallback": false,
        "used_direct_fallback": false,
        "used_lite_fallback": false,
        "failed": false,
        "backend": "ddgs",
        "attempts": [
          {
            "attempt": 1,
            "path": "ddgs",
            "proxy_configured": false,
            "timeout_seconds": 30.0,
            "duration_ms": 2217,
            "ok": true,
            "endpoint": "ddgs",
            "status": 200,
            "result_count": 5
          }
        ]
      },
      {
        "url": "https://html.duckduckgo.com/html/?q=wars+referenced+in+Fall+of+Kabul+2021",
        "query": "wars referenced in Fall of Kabul 2021",
        "cache_hit": false,
        "duration_ms": 2693,
        "used_ddgs": true,
        "used_legacy_fallback": false,
        "used_direct_fallback": false,
        "used_lite_fallback": false,
        "failed": false,
        "backend": "ddgs",
        "attempts": [
          {
            "attempt": 1,
            "path": "ddgs",
            "proxy_configured": false,
            "timeout_seconds": 30.0,
            "duration_ms": 2693,
            "ok": true,
            "endpoint": "ddgs",
            "status": 200,
            "result_count": 5
          }
        ]
      },
      {
        "url": "https://html.duckduckgo.com/html/?q=Cenozoic+Era+time+span+million+years",
        "query": "Cenozoic Era time span million years",
        "cache_hit": false,
        "duration_ms": 1402,
        "used_ddgs": true,
        "used_legacy_fallback": false,
        "used_direct_fallback": false,
        "used_lite_fallback": false,
        "failed": false,
        "backend": "ddgs",
        "attempts": [
          {
            "attempt": 1,
            "path": "ddgs",
            "proxy_configured": false,
            "timeout_seconds": 30.0,
            "duration_ms": 1402,
            "ok": true,
            "endpoint": "ddgs",
            "status": 200,
            "result_count": 5
          }
        ]
      },
      {
        "url": "https://html.duckduckgo.com/html/?q=What+is+the+time+span+in+million+years+of+the+Cenozoic+Era%3F",
        "query": "What is the time span in million years of the Cenozoic Era?",
        "cache_hit": false,
        "duration_ms": 1481,
        "used_ddgs": true,
        "used_legacy_fallback": false,
        "used_direct_fallback": false,
        "used_lite_fallback": false,
        "failed": false,
        "backend": "ddgs",
        "attempts": [
          {
            "attempt": 1,
            "path": "ddgs",
            "proxy_configured": false,
            "timeout_seconds": 30.0,
            "duration_ms": 1481,
            "ok": true,
            "endpoint": "ddgs",
            "status": 200,
            "result_count": 5
          }
        ]
      },
      {
        "url": "https://html.duckduckgo.com/html/?q=What+is+the+name+of+the+bone%27s+superior+articulation+place+in+the+pelvis%3F",
        "query": "What is the name of the bone's superior articulation place in the pelvis?",
        "cache_hit": false,
        "duration_ms": 632,
        "used_ddgs": true,
        "used_legacy_fallback": false,
        "used_direct_fallback": false,
        "used_lite_fallback": false,
        "failed": false,
        "backend": "ddgs",
        "attempts": [
          {
            "attempt": 1,
            "path": "ddgs",
            "proxy_configured": false,
            "timeout_seconds": 30.0,
            "duration_ms": 632,
            "ok": true,
            "endpoint": "ddgs",
            "status": 200,
            "result_count": 5
          }
        ]
      },
      {
        "url": "https://html.duckduckgo.com/html/?q=Duration+of+Cenozoic+Era+in+million+years",
        "query": "Duration of Cenozoic Era in million years",
        "cache_hit": false,
        "duration_ms": 2493,
        "used_ddgs": true,
        "used_legacy_fallback": false,
        "used_direct_fallback": false,
        "used_lite_fallback": false,
        "failed": false,
        "backend": "ddgs",
        "attempts": [
          {
            "attempt": 1,
            "path": "ddgs",
            "proxy_configured": false,
            "timeout_seconds": 30.0,
            "duration_ms": 2493,
            "ok": true,
            "endpoint": "ddgs",
            "status": 200,
            "result_count": 5
          }
        ]
      },
      {
        "url": "https://html.duckduckgo.com/html/?q=femur+superior+articulation+place+pelvis",
        "query": "femur superior articulation place pelvis",
        "cache_hit": false,
        "duration_ms": 1406,
        "used_ddgs": true,
        "used_legacy_fallback": false,
        "used_direct_fallback": false,
        "used_lite_fallback": false,
        "failed": false,
        "backend": "ddgs",
        "attempts": [
          {
            "attempt": 1,
            "path": "ddgs",
            "proxy_configured": false,
            "timeout_seconds": 30.0,
            "duration_ms": 1406,
            "ok": true,
            "endpoint": "ddgs",
            "status": 200,
            "result_count": 5
          }
        ]
      },
      {
        "url": "https://html.duckduckgo.com/html/?q=What+year+did+the+Fall+of+Kabul+occur%3F",
        "query": "What year did the Fall of Kabul occur?",
        "cache_hit": false,
        "duration_ms": 2734,
        "used_ddgs": true,
        "used_legacy_fallback": false,
        "used_direct_fallback": false,
        "used_lite_fallback": false,
        "failed": false,
        "backend": "ddgs",
        "attempts": [
          {
            "attempt": 1,
            "path": "ddgs",
            "proxy_configured": false,
            "timeout_seconds": 30.0,
            "duration_ms": 2734,
            "ok": true,
            "endpoint": "ddgs",
            "status": 200,
            "result_count": 5
          }
        ]
      },
      {
        "url": "https://html.duckduckgo.com/html/?q=year+of+Fall+of+Kabul",
        "query": "year of Fall of Kabul",
        "cache_hit": false,
        "duration_ms": 2632,
        "used_ddgs": true,
        "used_legacy_fallback": false,
        "used_direct_fallback": false,
        "used_lite_fallback": false,
        "failed": false,
        "backend": "ddgs",
        "attempts": [
          {
            "attempt": 1,
            "path": "ddgs",
            "proxy_configured": false,
            "timeout_seconds": 30.0,
            "duration_ms": 2632,
            "ok": true,
            "endpoint": "ddgs",
            "status": 200,
            "result_count": 5
          }
        ]
      },
      {
        "url": "https://html.duckduckgo.com/html/?q=femur+bone+hip+articulation",
        "query": "femur bone hip articulation",
        "cache_hit": false,
        "duration_ms": 1752,
        "used_ddgs": true,
        "used_legacy_fallback": false,
        "used_direct_fallback": false,
        "used_lite_fallback": false,
        "failed": false,
        "backend": "ddgs",
        "attempts": [
          {
            "attempt": 1,
            "path": "ddgs",
            "proxy_configured": false,
            "timeout_seconds": 30.0,
            "duration_ms": 1752,
            "ok": true,
            "endpoint": "ddgs",
            "status": 200,
            "result_count": 5
          }
        ]
      },
      {
        "url": "https://html.duckduckgo.com/html/?q=Cenozoic+Era+lower+GSSP+ratification+year",
        "query": "Cenozoic Era lower GSSP ratification year",
        "cache_hit": false,
        "duration_ms": 1132,
        "used_ddgs": true,
        "used_legacy_fallback": false,
        "used_direct_fallback": false,
        "used_lite_fallback": false,
        "failed": false,
        "backend": "ddgs",
        "attempts": [
          {
            "attempt": 1,
            "path": "ddgs",
            "proxy_configured": false,
            "timeout_seconds": 30.0,
            "duration_ms": 1132,
            "ok": true,
            "endpoint": "ddgs",
            "status": 200,
            "result_count": 5
          }
        ]
      },
      {
        "url": "https://html.duckduckgo.com/html/?q=In+what+year+was+the+lower+GSSP+of+the+Cenozoic+Era+ratified%3F",
        "query": "In what year was the lower GSSP of the Cenozoic Era ratified?",
        "cache_hit": false,
        "duration_ms": 1457,
        "used_ddgs": true,
        "used_legacy_fallback": false,
        "used_direct_fallback": false,
        "used_lite_fallback": false,
        "failed": false,
        "backend": "ddgs",
        "attempts": [
          {
            "attempt": 1,
            "path": "ddgs",
            "proxy_configured": false,
            "timeout_seconds": 30.0,
            "duration_ms": 1457,
            "ok": true,
            "endpoint": "ddgs",
            "status": 200,
            "result_count": 5
          }
        ]
      },
      {
        "url": "https://html.duckduckgo.com/html/?q=Year+when+Cenozoic+lower+boundary+GSSP+was+ratified",
        "query": "Year when Cenozoic lower boundary GSSP was ratified",
        "cache_hit": false,
        "duration_ms": 2203,
        "used_ddgs": true,
        "used_legacy_fallback": false,
        "used_direct_fallback": false,
        "used_lite_fallback": false,
        "failed": false,
        "backend": "ddgs",
        "attempts": [
          {
            "attempt": 1,
            "path": "ddgs",
            "proxy_configured": false,
            "timeout_seconds": 30.0,
            "duration_ms": 2203,
            "ok": true,
            "endpoint": "ddgs",
            "status": 200,
            "result_count": 5
          }
        ]
      },
      {
        "url": "https://html.duckduckgo.com/html/?q=name+of+offensive+including+Fall+of+Kabul+2021",
        "query": "name of offensive including Fall of Kabul 2021",
        "cache_hit": false,
        "duration_ms": 1204,
        "used_ddgs": true,
        "used_legacy_fallback": false,
        "used_direct_fallback": false,
        "used_lite_fallback": false,
        "failed": false,
        "backend": "ddgs",
        "attempts": [
          {
            "attempt": 1,
            "path": "ddgs",
            "proxy_configured": false,
            "timeout_seconds": 30.0,
            "duration_ms": 1204,
            "ok": true,
            "endpoint": "ddgs",
            "status": 200,
            "result_count": 5
          }
        ]
      },
      {
        "url": "https://html.duckduckgo.com/html/?q=first+governor-general+of+Colonial+Brazil",
        "query": "first governor-general of Colonial Brazil",
        "cache_hit": false,
        "duration_ms": 1988,
        "used_ddgs": true,
        "used_legacy_fallback": false,
        "used_direct_fallback": false,
        "used_lite_fallback": false,
        "failed": false,
        "backend": "ddgs",
        "attempts": [
          {
            "attempt": 1,
            "path": "ddgs",
            "proxy_configured": false,
            "timeout_seconds": 30.0,
            "duration_ms": 1988,
            "ok": true,
            "endpoint": "ddgs",
            "status": 200,
            "result_count": 5
          }
        ]
      },
      {
        "url": "https://html.duckduckgo.com/html/?q=What+was+the+name+of+the+offensive+that+included+the+Fall+of+Kabul+in+2021%3F",
        "query": "What was the name of the offensive that included the Fall of Kabul in 2021?",
        "cache_hit": false,
        "duration_ms": 2050,
        "used_ddgs": true,
        "used_legacy_fallback": false,
        "used_direct_fallback": false,
        "used_lite_fallback": false,
        "failed": false,
        "backend": "ddgs",
        "attempts": [
          {
            "attempt": 1,
            "path": "ddgs",
            "proxy_configured": false,
            "timeout_seconds": 30.0,
            "duration_ms": 2050,
            "ok": true,
            "endpoint": "ddgs",
            "status": 200,
            "result_count": 5
          }
        ]
      },
      {
        "url": "https://html.duckduckgo.com/html/?q=Who+was+the+first+governor-general+of+Colonial+Brazil%3F",
        "query": "Who was the first governor-general of Colonial Brazil?",
        "cache_hit": false,
        "duration_ms": 5269,
        "used_ddgs": true,
        "used_legacy_fallback": false,
        "used_direct_fallback": false,
        "used_lite_fallback": false,
        "failed": false,
        "backend": "ddgs",
        "attempts": [
          {
            "attempt": 1,
            "path": "ddgs",
            "proxy_configured": false,
            "timeout_seconds": 30.0,
            "duration_ms": 5269,
            "ok": true,
            "endpoint": "ddgs",
            "status": 200,
            "result_count": 5
          }
        ]
      },
      {
        "url": "https://html.duckduckgo.com/html/?q=What+is+the+formal+chronological+unit+classification+of+the+Cenozoic%3F",
        "query": "What is the formal chronological unit classification of the Cenozoic?",
        "cache_hit": false,
        "duration_ms": 687,
        "used_ddgs": true,
        "used_legacy_fallback": false,
        "used_direct_fallback": false,
        "used_lite_fallback": false,
        "failed": false,
        "backend": "ddgs",
        "attempts": [
          {
            "attempt": 1,
            "path": "ddgs",
            "proxy_configured": false,
            "timeout_seconds": 30.0,
            "duration_ms": 687,
            "ok": true,
            "endpoint": "ddgs",
            "status": 200,
            "result_count": 5
          }
        ]
      },
      {
        "url": "https://html.duckduckgo.com/html/?q=On+what+month%2C+day%2C+and+year+did+the+Portuguese+arrive+in+Brazil%3F",
        "query": "On what month, day, and year did the Portuguese arrive in Brazil?",
        "cache_hit": false,
        "duration_ms": 769,
        "used_ddgs": true,
        "used_legacy_fallback": false,
        "used_direct_fallback": false,
        "used_lite_fallback": false,
        "failed": false,
        "backend": "ddgs",
        "attempts": [
          {
            "attempt": 1,
            "path": "ddgs",
            "proxy_configured": false,
            "timeout_seconds": 30.0,
            "duration_ms": 769,
            "ok": true,
            "endpoint": "ddgs",
            "status": 200,
            "result_count": 5
          }
        ]
      },
      {
        "url": "https://html.duckduckgo.com/html/?q=Portuguese+arrival+Colonial+Brazil+date",
        "query": "Portuguese arrival Colonial Brazil date",
        "cache_hit": false,
        "duration_ms": 1261,
        "used_ddgs": true,
        "used_legacy_fallback": false,
        "used_direct_fallback": false,
        "used_lite_fallback": false,
        "failed": false,
        "backend": "ddgs",
        "attempts": [
          {
            "attempt": 1,
            "path": "ddgs",
            "proxy_configured": false,
            "timeout_seconds": 30.0,
            "duration_ms": 1261,
            "ok": true,
            "endpoint": "ddgs",
            "status": 200,
            "result_count": 5
          }
        ]
      },
      {
        "url": "https://html.duckduckgo.com/html/?q=Formal+classification+of+Cenozoic+time+span",
        "query": "Formal classification of Cenozoic time span",
        "cache_hit": false,
        "duration_ms": 2235,
        "used_ddgs": true,
        "used_legacy_fallback": false,
        "used_direct_fallback": false,
        "used_lite_fallback": false,
        "failed": false,
        "backend": "ddgs",
        "attempts": [
          {
            "attempt": 1,
            "path": "ddgs",
            "proxy_configured": false,
            "timeout_seconds": 30.0,
            "duration_ms": 2235,
            "ok": true,
            "endpoint": "ddgs",
            "status": 200,
            "result_count": 5
          }
        ]
      },
      {
        "url": "https://html.duckduckgo.com/html/?q=date+of+Portuguese+arrival+in+Brazil",
        "query": "date of Portuguese arrival in Brazil",
        "cache_hit": false,
        "duration_ms": 1596,
        "used_ddgs": true,
        "used_legacy_fallback": false,
        "used_direct_fallback": false,
        "used_lite_fallback": false,
        "failed": false,
        "backend": "ddgs",
        "attempts": [
          {
            "attempt": 1,
            "path": "ddgs",
            "proxy_configured": false,
            "timeout_seconds": 30.0,
            "duration_ms": 1596,
            "ok": true,
            "endpoint": "ddgs",
            "status": 200,
            "result_count": 5
          }
        ]
      },
      {
        "url": "https://html.duckduckgo.com/html/?q=Cenozoic+chronological+unit",
        "query": "Cenozoic chronological unit",
        "cache_hit": false,
        "duration_ms": 2321,
        "used_ddgs": true,
        "used_legacy_fallback": false,
        "used_direct_fallback": false,
        "used_lite_fallback": false,
        "failed": false,
        "backend": "ddgs",
        "attempts": [
          {
            "attempt": 1,
            "path": "ddgs",
            "proxy_configured": false,
            "timeout_seconds": 30.0,
            "duration_ms": 2321,
            "ok": true,
            "endpoint": "ddgs",
            "status": 200,
            "result_count": 5
          }
        ]
      },
      {
        "url": "https://html.duckduckgo.com/html/?q=What+was+the+official+religion+of+Colonial+Brazil%3F",
        "query": "What was the official religion of Colonial Brazil?",
        "cache_hit": false,
        "duration_ms": 604,
        "used_ddgs": true,
        "used_legacy_fallback": false,
        "used_direct_fallback": false,
        "used_lite_fallback": false,
        "failed": false,
        "backend": "ddgs",
        "attempts": [
          {
            "attempt": 1,
            "path": "ddgs",
            "proxy_configured": false,
            "timeout_seconds": 30.0,
            "duration_ms": 604,
            "ok": true,
            "endpoint": "ddgs",
            "status": 200,
            "result_count": 5
          }
        ]
      },
      {
        "url": "https://html.duckduckgo.com/html/?q=official+religion+of+Colonial+Brazil",
        "query": "official religion of Colonial Brazil",
        "cache_hit": false,
        "duration_ms": 1359,
        "used_ddgs": true,
        "used_legacy_fallback": false,
        "used_direct_fallback": false,
        "used_lite_fallback": false,
        "failed": false,
        "backend": "ddgs",
        "attempts": [
          {
            "attempt": 1,
            "path": "ddgs",
            "proxy_configured": false,
            "timeout_seconds": 30.0,
            "duration_ms": 1359,
            "ok": true,
            "endpoint": "ddgs",
            "status": 200,
            "result_count": 5
          }
        ]
      },
      {
        "url": "https://html.duckduckgo.com/html/?q=religion+in+Colonial+Brazil",
        "query": "religion in Colonial Brazil",
        "cache_hit": false,
        "duration_ms": 1412,
        "used_ddgs": true,
        "used_legacy_fallback": false,
        "used_direct_fallback": false,
        "used_lite_fallback": false,
        "failed": false,
        "backend": "ddgs",
        "attempts": [
          {
            "attempt": 1,
            "path": "ddgs",
            "proxy_configured": false,
            "timeout_seconds": 30.0,
            "duration_ms": 1412,
            "ok": true,
            "endpoint": "ddgs",
            "status": 200,
            "result_count": 5
          }
        ]
      },
      {
        "url": "https://html.duckduckgo.com/html/?q=What+is+the+parent+company+of+Rough+Trade+Records%3F",
        "query": "What is the parent company of Rough Trade Records?",
        "cache_hit": false,
        "duration_ms": 1324,
        "used_ddgs": true,
        "used_legacy_fallback": false,
        "used_direct_fallback": false,
        "used_lite_fallback": false,
        "failed": false,
        "backend": "ddgs",
        "attempts": [
          {
            "attempt": 1,
            "path": "ddgs",
            "proxy_configured": false,
            "timeout_seconds": 30.0,
            "duration_ms": 1324,
            "ok": true,
            "endpoint": "ddgs",
            "status": 200,
            "result_count": 5
          }
        ]
      },
      {
        "url": "https://html.duckduckgo.com/html/?q=Rough+Trade+Records+parent+company",
        "query": "Rough Trade Records parent company",
        "cache_hit": false,
        "duration_ms": 1394,
        "used_ddgs": true,
        "used_legacy_fallback": false,
        "used_direct_fallback": false,
        "used_lite_fallback": false,
        "failed": false,
        "backend": "ddgs",
        "attempts": [
          {
            "attempt": 1,
            "path": "ddgs",
            "proxy_configured": false,
            "timeout_seconds": 30.0,
            "duration_ms": 1394,
            "ok": true,
            "endpoint": "ddgs",
            "status": 200,
            "result_count": 5
          }
        ]
      },
      {
        "url": "https://html.duckduckgo.com/html/?q=In+what+year+did+the+PDC+World+Darts+Championship+first+hold+its+season%3F",
        "query": "In what year did the PDC World Darts Championship first hold its season?",
        "cache_hit": false,
        "duration_ms": 960,
        "used_ddgs": true,
        "used_legacy_fallback": false,
        "used_direct_fallback": false,
        "used_lite_fallback": false,
        "failed": false,
        "backend": "ddgs",
        "attempts": [
          {
            "attempt": 1,
            "path": "ddgs",
            "proxy_configured": false,
            "timeout_seconds": 30.0,
            "duration_ms": 960,
            "ok": true,
            "endpoint": "ddgs",
            "status": 200,
            "result_count": 5
          }
        ]
      },
      {
        "url": "https://html.duckduckgo.com/html/?q=Who+owns+Rough+Trade+Records",
        "query": "Who owns Rough Trade Records",
        "cache_hit": false,
        "duration_ms": 2256,
        "used_ddgs": true,
        "used_legacy_fallback": false,
        "used_direct_fallback": false,
        "used_lite_fallback": false,
        "failed": false,
        "backend": "ddgs",
        "attempts": [
          {
            "attempt": 1,
            "path": "ddgs",
            "proxy_configured": false,
            "timeout_seconds": 30.0,
            "duration_ms": 2256,
            "ok": true,
            "endpoint": "ddgs",
            "status": 200,
            "result_count": 5
          }
        ]
      },
      {
        "url": "https://html.duckduckgo.com/html/?q=PDC+World+Darts+Championship+first+season+year",
        "query": "PDC World Darts Championship first season year",
        "cache_hit": false,
        "duration_ms": 1755,
        "used_ddgs": true,
        "used_legacy_fallback": false,
        "used_direct_fallback": false,
        "used_lite_fallback": false,
        "failed": false,
        "backend": "ddgs",
        "attempts": [
          {
            "attempt": 1,
            "path": "ddgs",
            "proxy_configured": false,
            "timeout_seconds": 30.0,
            "duration_ms": 1755,
            "ok": true,
            "endpoint": "ddgs",
            "status": 200,
            "result_count": 5
          }
        ]
      },
      {
        "url": "https://html.duckduckgo.com/html/?q=What+is+the+Latin+term+for+the+external+body+orifice+at+the+exit+end+of+the+digestive+tract%3F",
        "query": "What is the Latin term for the external body orifice at the exit end of the digestive tract?",
        "cache_hit": false,
        "duration_ms": 1415,
        "used_ddgs": true,
        "used_legacy_fallback": false,
        "used_direct_fallback": false,
        "used_lite_fallback": false,
        "failed": false,
        "backend": "ddgs",
        "attempts": [
          {
            "attempt": 1,
            "path": "ddgs",
            "proxy_configured": false,
            "timeout_seconds": 30.0,
            "duration_ms": 1415,
            "ok": true,
            "endpoint": "ddgs",
            "status": 200,
            "result_count": 5
          }
        ]
      },
      {
        "url": "https://html.duckduckgo.com/html/?q=When+was+the+first+PDC+World+Darts+Championship+season",
        "query": "When was the first PDC World Darts Championship season",
        "cache_hit": false,
        "duration_ms": 2002,
        "used_ddgs": true,
        "used_legacy_fallback": false,
        "used_direct_fallback": false,
        "used_lite_fallback": false,
        "failed": false,
        "backend": "ddgs",
        "attempts": [
          {
            "attempt": 1,
            "path": "ddgs",
            "proxy_configured": false,
            "timeout_seconds": 30.0,
            "duration_ms": 2002,
            "ok": true,
            "endpoint": "ddgs",
            "status": 200,
            "result_count": 5
          }
        ]
      },
      {
        "url": "https://html.duckduckgo.com/html/?q=Latin+name+for+external+body+orifice+at+digestive+tract+exit",
        "query": "Latin name for external body orifice at digestive tract exit",
        "cache_hit": false,
        "duration_ms": 3016,
        "used_ddgs": true,
        "used_legacy_fallback": false,
        "used_direct_fallback": false,
        "used_lite_fallback": false,
        "failed": false,
        "backend": "ddgs",
        "attempts": [
          {
            "attempt": 1,
            "path": "ddgs",
            "proxy_configured": false,
            "timeout_seconds": 30.0,
            "duration_ms": 3016,
            "ok": true,
            "endpoint": "ddgs",
            "status": 200,
            "result_count": 5
          }
        ]
      },
      {
        "url": "https://html.duckduckgo.com/html/?q=creator+of+On-Line+Encyclopedia+of+Integer+Sequences",
        "query": "creator of On-Line Encyclopedia of Integer Sequences",
        "cache_hit": false,
        "duration_ms": 1506,
        "used_ddgs": true,
        "used_legacy_fallback": false,
        "used_direct_fallback": false,
        "used_lite_fallback": false,
        "failed": false,
        "backend": "ddgs",
        "attempts": [
          {
            "attempt": 1,
            "path": "ddgs",
            "proxy_configured": false,
            "timeout_seconds": 30.0,
            "duration_ms": 1506,
            "ok": true,
            "endpoint": "ddgs",
            "status": 200,
            "result_count": 5
          }
        ]
      },
      {
        "url": "https://html.duckduckgo.com/html/?q=who+founded+OEIS",
        "query": "who founded OEIS",
        "cache_hit": false,
        "duration_ms": 1725,
        "used_ddgs": true,
        "used_legacy_fallback": false,
        "used_direct_fallback": false,
        "used_lite_fallback": false,
        "failed": false,
        "backend": "ddgs",
        "attempts": [
          {
            "attempt": 1,
            "path": "ddgs",
            "proxy_configured": false,
            "timeout_seconds": 30.0,
            "duration_ms": 1725,
            "ok": true,
            "endpoint": "ddgs",
            "status": 200,
            "result_count": 5
          }
        ]
      },
      {
        "url": "https://html.duckduckgo.com/html/?q=Who+created+the+On-Line+Encyclopedia+of+Integer+Sequences%3F",
        "query": "Who created the On-Line Encyclopedia of Integer Sequences?",
        "cache_hit": false,
        "duration_ms": 2211,
        "used_ddgs": true,
        "used_legacy_fallback": false,
        "used_direct_fallback": false,
        "used_lite_fallback": false,
        "failed": false,
        "backend": "ddgs",
        "attempts": [
          {
            "attempt": 1,
            "path": "ddgs",
            "proxy_configured": false,
            "timeout_seconds": 30.0,
            "duration_ms": 2211,
            "ok": true,
            "endpoint": "ddgs",
            "status": 200,
            "result_count": 5
          }
        ]
      },
      {
        "url": "https://html.duckduckgo.com/html/?q=What+is+the+tournament+format+used+in+the+PDC+World+Darts+Championship%3F",
        "query": "What is the tournament format used in the PDC World Darts Championship?",
        "cache_hit": false,
        "duration_ms": 712,
        "used_ddgs": true,
        "used_legacy_fallback": false,
        "used_direct_fallback": false,
        "used_lite_fallback": false,
        "failed": false,
        "backend": "ddgs",
        "attempts": [
          {
            "attempt": 1,
            "path": "ddgs",
            "proxy_configured": false,
            "timeout_seconds": 30.0,
            "duration_ms": 712,
            "ok": true,
            "endpoint": "ddgs",
            "status": 200,
            "result_count": 5
          }
        ]
      },
      {
        "url": "https://html.duckduckgo.com/html/?q=Format+of+PDC+World+Darts+Championship+matches",
        "query": "Format of PDC World Darts Championship matches",
        "cache_hit": false,
        "duration_ms": 1469,
        "used_ddgs": true,
        "used_legacy_fallback": false,
        "used_direct_fallback": false,
        "used_lite_fallback": false,
        "failed": false,
        "backend": "ddgs",
        "attempts": [
          {
            "attempt": 1,
            "path": "ddgs",
            "proxy_configured": false,
            "timeout_seconds": 30.0,
            "duration_ms": 1469,
            "ok": true,
            "endpoint": "ddgs",
            "status": 200,
            "result_count": 5
          }
        ]
      },
      {
        "url": "https://html.duckduckgo.com/html/?q=PDC+World+Darts+Championship+tournament+format",
        "query": "PDC World Darts Championship tournament format",
        "cache_hit": false,
        "duration_ms": 1896,
        "used_ddgs": true,
        "used_legacy_fallback": false,
        "used_direct_fallback": false,
        "used_lite_fallback": false,
        "failed": false,
        "backend": "ddgs",
        "attempts": [
          {
            "attempt": 1,
            "path": "ddgs",
            "proxy_configured": false,
            "timeout_seconds": 30.0,
            "duration_ms": 1896,
            "ok": true,
            "endpoint": "ddgs",
            "status": 200,
            "result_count": 5
          }
        ]
      },
      {
        "url": "https://html.duckduckgo.com/html/?q=What+year+was+the+On-Line+Encyclopedia+of+Integer+Sequences+launched%3F",
        "query": "What year was the On-Line Encyclopedia of Integer Sequences launched?",
        "cache_hit": false,
        "duration_ms": 1862,
        "used_ddgs": true,
        "used_legacy_fallback": false,
        "used_direct_fallback": false,
        "used_lite_fallback": false,
        "failed": false,
        "backend": "ddgs",
        "attempts": [
          {
            "attempt": 1,
            "path": "ddgs",
            "proxy_configured": false,
            "timeout_seconds": 30.0,
            "duration_ms": 1862,
            "ok": true,
            "endpoint": "ddgs",
            "status": 200,
            "result_count": 5
          }
        ]
      },
      {
        "url": "https://html.duckduckgo.com/html/?q=launch+year+of+On-Line+Encyclopedia+of+Integer+Sequences",
        "query": "launch year of On-Line Encyclopedia of Integer Sequences",
        "cache_hit": false,
        "duration_ms": 2120,
        "used_ddgs": true,
        "used_legacy_fallback": false,
        "used_direct_fallback": false,
        "used_lite_fallback": false,
        "failed": false,
        "backend": "ddgs",
        "attempts": [
          {
            "attempt": 1,
            "path": "ddgs",
            "proxy_configured": false,
            "timeout_seconds": 30.0,
            "duration_ms": 2120,
            "ok": true,
            "endpoint": "ddgs",
            "status": 200,
            "result_count": 5
          }
        ]
      },
      {
        "url": "https://html.duckduckgo.com/html/?q=when+was+OEIS+launched",
        "query": "when was OEIS launched",
        "cache_hit": false,
        "duration_ms": 2253,
        "used_ddgs": true,
        "used_legacy_fallback": false,
        "used_direct_fallback": false,
        "used_lite_fallback": false,
        "failed": false,
        "backend": "ddgs",
        "attempts": [
          {
            "attempt": 1,
            "path": "ddgs",
            "proxy_configured": false,
            "timeout_seconds": 30.0,
            "duration_ms": 2253,
            "ok": true,
            "endpoint": "ddgs",
            "status": 200,
            "result_count": 5
          }
        ]
      },
      {
        "url": "https://html.duckduckgo.com/html/?q=What+is+the+grouping+classification+of+a+pixie+in+British+folklore%3F",
        "query": "What is the grouping classification of a pixie in British folklore?",
        "cache_hit": false,
        "duration_ms": 792,
        "used_ddgs": true,
        "used_legacy_fallback": false,
        "used_direct_fallback": false,
        "used_lite_fallback": false,
        "failed": false,
        "backend": "ddgs",
        "attempts": [
          {
            "attempt": 1,
            "path": "ddgs",
            "proxy_configured": false,
            "timeout_seconds": 30.0,
            "duration_ms": 792,
            "ok": true,
            "endpoint": "ddgs",
            "status": 200,
            "result_count": 5
          }
        ]
      },
      {
        "url": "https://html.duckduckgo.com/html/?q=what+type+of+creature+is+a+pixie",
        "query": "what type of creature is a pixie",
        "cache_hit": false,
        "duration_ms": 1321,
        "used_ddgs": true,
        "used_legacy_fallback": false,
        "used_direct_fallback": false,
        "used_lite_fallback": false,
        "failed": false,
        "backend": "ddgs",
        "attempts": [
          {
            "attempt": 1,
            "path": "ddgs",
            "proxy_configured": false,
            "timeout_seconds": 30.0,
            "duration_ms": 1321,
            "ok": true,
            "endpoint": "ddgs",
            "status": 200,
            "result_count": 5
          }
        ]
      },
      {
        "url": "https://html.duckduckgo.com/html/?q=pixie+grouping+classification+folklore",
        "query": "pixie grouping classification folklore",
        "cache_hit": false,
        "duration_ms": 1496,
        "used_ddgs": true,
        "used_legacy_fallback": false,
        "used_direct_fallback": false,
        "used_lite_fallback": false,
        "failed": false,
        "backend": "ddgs",
        "attempts": [
          {
            "attempt": 1,
            "path": "ddgs",
            "proxy_configured": false,
            "timeout_seconds": 30.0,
            "duration_ms": 1496,
            "ok": true,
            "endpoint": "ddgs",
            "status": 200,
            "result_count": 5
          }
        ]
      },
      {
        "url": "https://html.duckduckgo.com/html/?q=Who+directed+the+1974+film+The+Texas+Chain+Saw+Massacre%3F",
        "query": "Who directed the 1974 film The Texas Chain Saw Massacre?",
        "cache_hit": false,
        "duration_ms": 1174,
        "used_ddgs": true,
        "used_legacy_fallback": false,
        "used_direct_fallback": false,
        "used_lite_fallback": false,
        "failed": false,
        "backend": "ddgs",
        "attempts": [
          {
            "attempt": 1,
            "path": "ddgs",
            "proxy_configured": false,
            "timeout_seconds": 30.0,
            "duration_ms": 1174,
            "ok": true,
            "endpoint": "ddgs",
            "status": 200,
            "result_count": 5
          }
        ]
      },
      {
        "url": "https://html.duckduckgo.com/html/?q=who+directed+The+Texas+Chain+Saw+Massacre+film",
        "query": "who directed The Texas Chain Saw Massacre film",
        "cache_hit": false,
        "duration_ms": 1316,
        "used_ddgs": true,
        "used_legacy_fallback": false,
        "used_direct_fallback": false,
        "used_lite_fallback": false,
        "failed": false,
        "backend": "ddgs",
        "attempts": [
          {
            "attempt": 1,
            "path": "ddgs",
            "proxy_configured": false,
            "timeout_seconds": 30.0,
            "duration_ms": 1316,
            "ok": true,
            "endpoint": "ddgs",
            "status": 200,
            "result_count": 5
          }
        ]
      },
      {
        "url": "https://html.duckduckgo.com/html/?q=director+of+The+Texas+Chain+Saw+Massacre+1974",
        "query": "director of The Texas Chain Saw Massacre 1974",
        "cache_hit": false,
        "duration_ms": 1513,
        "used_ddgs": true,
        "used_legacy_fallback": false,
        "used_direct_fallback": false,
        "used_lite_fallback": false,
        "failed": false,
        "backend": "ddgs",
        "attempts": [
          {
            "attempt": 1,
            "path": "ddgs",
            "proxy_configured": false,
            "timeout_seconds": 30.0,
            "duration_ms": 1513,
            "ok": true,
            "endpoint": "ddgs",
            "status": 200,
            "result_count": 5
          }
        ]
      },
      {
        "url": "https://html.duckduckgo.com/html/?q=running+time+in+minutes+of+The+Texas+Chain+Saw+Massacre+1974",
        "query": "running time in minutes of The Texas Chain Saw Massacre 1974",
        "cache_hit": false,
        "duration_ms": 960,
        "used_ddgs": true,
        "used_legacy_fallback": false,
        "used_direct_fallback": false,
        "used_lite_fallback": false,
        "failed": false,
        "backend": "ddgs",
        "attempts": [
          {
            "attempt": 1,
            "path": "ddgs",
            "proxy_configured": false,
            "timeout_seconds": 30.0,
            "duration_ms": 960,
            "ok": true,
            "endpoint": "ddgs",
            "status": 200,
            "result_count": 5
          }
        ]
      },
      {
        "url": "https://html.duckduckgo.com/html/?q=length+of+The+Texas+Chain+Saw+Massacre+movie",
        "query": "length of The Texas Chain Saw Massacre movie",
        "cache_hit": false,
        "duration_ms": 1048,
        "used_ddgs": true,
        "used_legacy_fallback": false,
        "used_direct_fallback": false,
        "used_lite_fallback": false,
        "failed": false,
        "backend": "ddgs",
        "attempts": [
          {
            "attempt": 1,
            "path": "ddgs",
            "proxy_configured": false,
            "timeout_seconds": 30.0,
            "duration_ms": 1048,
            "ok": true,
            "endpoint": "ddgs",
            "status": 200,
            "result_count": 5
          }
        ]
      },
      {
        "url": "https://html.duckduckgo.com/html/?q=What+is+the+running+time+in+minutes+of+the+1974+film+The+Texas+Chain+Saw+Massacre%3F",
        "query": "What is the running time in minutes of the 1974 film The Texas Chain Saw Massacre?",
        "cache_hit": false,
        "duration_ms": 1510,
        "used_ddgs": true,
        "used_legacy_fallback": false,
        "used_direct_fallback": false,
        "used_lite_fallback": false,
        "failed": false,
        "backend": "ddgs",
        "attempts": [
          {
            "attempt": 1,
            "path": "ddgs",
            "proxy_configured": false,
            "timeout_seconds": 30.0,
            "duration_ms": 1510,
            "ok": true,
            "endpoint": "ddgs",
            "status": 200,
            "result_count": 5
          }
        ]
      },
      {
        "url": "https://html.duckduckgo.com/html/?q=How+many+provinces+are+there+in+Argentina%3F",
        "query": "How many provinces are there in Argentina?",
        "cache_hit": false,
        "duration_ms": 1310,
        "used_ddgs": true,
        "used_legacy_fallback": false,
        "used_direct_fallback": false,
        "used_lite_fallback": false,
        "failed": false,
        "backend": "ddgs",
        "attempts": [
          {
            "attempt": 1,
            "path": "ddgs",
            "proxy_configured": false,
            "timeout_seconds": 30.0,
            "duration_ms": 1310,
            "ok": true,
            "endpoint": "ddgs",
            "status": 200,
            "result_count": 5
          }
        ]
      },
      {
        "url": "https://html.duckduckgo.com/html/?q=number+of+provinces+in+Argentina",
        "query": "number of provinces in Argentina",
        "cache_hit": false,
        "duration_ms": 1477,
        "used_ddgs": true,
        "used_legacy_fallback": false,
        "used_direct_fallback": false,
        "used_lite_fallback": false,
        "failed": false,
        "backend": "ddgs",
        "attempts": [
          {
            "attempt": 1,
            "path": "ddgs",
            "proxy_configured": false,
            "timeout_seconds": 30.0,
            "duration_ms": 1477,
            "ok": true,
            "endpoint": "ddgs",
            "status": 200,
            "result_count": 5
          }
        ]
      },
      {
        "url": "https://html.duckduckgo.com/html/?q=count+of+Argentine+provinces",
        "query": "count of Argentine provinces",
        "cache_hit": false,
        "duration_ms": 1437,
        "used_ddgs": true,
        "used_legacy_fallback": false,
        "used_direct_fallback": false,
        "used_lite_fallback": false,
        "failed": false,
        "backend": "ddgs",
        "attempts": [
          {
            "attempt": 1,
            "path": "ddgs",
            "proxy_configured": false,
            "timeout_seconds": 30.0,
            "duration_ms": 1437,
            "ok": true,
            "endpoint": "ddgs",
            "status": 200,
            "result_count": 5
          }
        ]
      },
      {
        "url": "https://html.duckduckgo.com/html/?q=What+is+the+type+of+government+for+the+provinces+of+Argentina%3F",
        "query": "What is the type of government for the provinces of Argentina?",
        "cache_hit": false,
        "duration_ms": 1331,
        "used_ddgs": true,
        "used_legacy_fallback": false,
        "used_direct_fallback": false,
        "used_lite_fallback": false,
        "failed": false,
        "backend": "ddgs",
        "attempts": [
          {
            "attempt": 1,
            "path": "ddgs",
            "proxy_configured": false,
            "timeout_seconds": 30.0,
            "duration_ms": 1331,
            "ok": true,
            "endpoint": "ddgs",
            "status": 200,
            "result_count": 5
          }
        ]
      },
      {
        "url": "https://html.duckduckgo.com/html/?q=Is+the+On-Line+Encyclopedia+of+Integer+Sequences+a+commercial+website%3F",
        "query": "Is the On-Line Encyclopedia of Integer Sequences a commercial website?",
        "cache_hit": false,
        "duration_ms": 1051,
        "used_ddgs": true,
        "used_legacy_fallback": false,
        "used_direct_fallback": false,
        "used_lite_fallback": false,
        "failed": false,
        "backend": "ddgs",
        "attempts": [
          {
            "attempt": 1,
            "path": "ddgs",
            "proxy_configured": false,
            "timeout_seconds": 30.0,
            "duration_ms": 1051,
            "ok": true,
            "endpoint": "ddgs",
            "status": 200,
            "result_count": 5
          }
        ]
      },
      {
        "url": "https://html.duckduckgo.com/html/?q=government+type+of+Argentine+provinces",
        "query": "government type of Argentine provinces",
        "cache_hit": false,
        "duration_ms": 1601,
        "used_ddgs": true,
        "used_legacy_fallback": false,
        "used_direct_fallback": false,
        "used_lite_fallback": false,
        "failed": false,
        "backend": "ddgs",
        "attempts": [
          {
            "attempt": 1,
            "path": "ddgs",
            "proxy_configured": false,
            "timeout_seconds": 30.0,
            "duration_ms": 1601,
            "ok": true,
            "endpoint": "ddgs",
            "status": 200,
            "result_count": 5
          }
        ]
      },
      {
        "url": "https://html.duckduckgo.com/html/?q=commercial+status+of+On-Line+Encyclopedia+of+Integer+Sequences",
        "query": "commercial status of On-Line Encyclopedia of Integer Sequences",
        "cache_hit": false,
        "duration_ms": 543,
        "used_ddgs": true,
        "used_legacy_fallback": false,
        "used_direct_fallback": false,
        "used_lite_fallback": false,
        "failed": false,
        "backend": "ddgs",
        "attempts": [
          {
            "attempt": 1,
            "path": "ddgs",
            "proxy_configured": false,
            "timeout_seconds": 30.0,
            "duration_ms": 543,
            "ok": true,
            "endpoint": "ddgs",
            "status": 200,
            "result_count": 5
          }
        ]
      },
      {
        "url": "https://html.duckduckgo.com/html/?q=What+month%2C+day%2C+and+year+was+The+Texas+Chain+Saw+Massacre+released%3F",
        "query": "What month, day, and year was The Texas Chain Saw Massacre released?",
        "cache_hit": false,
        "duration_ms": 1151,
        "used_ddgs": true,
        "used_legacy_fallback": false,
        "used_direct_fallback": false,
        "used_lite_fallback": false,
        "failed": false,
        "backend": "ddgs",
        "attempts": [
          {
            "attempt": 1,
            "path": "ddgs",
            "proxy_configured": false,
            "timeout_seconds": 30.0,
            "duration_ms": 1151,
            "ok": true,
            "endpoint": "ddgs",
            "status": 200,
            "result_count": 5
          }
        ]
      },
      {
        "url": "https://html.duckduckgo.com/html/?q=provinces+of+Argentina+government",
        "query": "provinces of Argentina government",
        "cache_hit": false,
        "duration_ms": 3011,
        "used_ddgs": true,
        "used_legacy_fallback": false,
        "used_direct_fallback": false,
        "used_lite_fallback": false,
        "failed": false,
        "backend": "ddgs",
        "attempts": [
          {
            "attempt": 1,
            "path": "ddgs",
            "proxy_configured": false,
            "timeout_seconds": 30.0,
            "duration_ms": 3011,
            "ok": true,
            "endpoint": "ddgs",
            "status": 200,
            "result_count": 5
          }
        ]
      },
      {
        "url": "https://html.duckduckgo.com/html/?q=Is+OEIS+commercial",
        "query": "Is OEIS commercial",
        "cache_hit": false,
        "duration_ms": 1800,
        "used_ddgs": true,
        "used_legacy_fallback": false,
        "used_direct_fallback": false,
        "used_lite_fallback": false,
        "failed": false,
        "backend": "ddgs",
        "attempts": [
          {
            "attempt": 1,
            "path": "ddgs",
            "proxy_configured": false,
            "timeout_seconds": 30.0,
            "duration_ms": 1800,
            "ok": true,
            "endpoint": "ddgs",
            "status": 200,
            "result_count": 5
          }
        ]
      },
      {
        "url": "https://html.duckduckgo.com/html/?q=when+was+The+Texas+Chain+Saw+Massacre+first+released",
        "query": "when was The Texas Chain Saw Massacre first released",
        "cache_hit": false,
        "duration_ms": 1590,
        "used_ddgs": true,
        "used_legacy_fallback": false,
        "used_direct_fallback": false,
        "used_lite_fallback": false,
        "failed": false,
        "backend": "ddgs",
        "attempts": [
          {
            "attempt": 1,
            "path": "ddgs",
            "proxy_configured": false,
            "timeout_seconds": 30.0,
            "duration_ms": 1590,
            "ok": true,
            "endpoint": "ddgs",
            "status": 200,
            "result_count": 5
          }
        ]
      },
      {
        "url": "https://html.duckduckgo.com/html/?q=release+date+of+The+Texas+Chain+Saw+Massacre+1974",
        "query": "release date of The Texas Chain Saw Massacre 1974",
        "cache_hit": false,
        "duration_ms": 3287,
        "used_ddgs": true,
        "used_legacy_fallback": false,
        "used_direct_fallback": false,
        "used_lite_fallback": false,
        "failed": false,
        "backend": "ddgs",
        "attempts": [
          {
            "attempt": 1,
            "path": "ddgs",
            "proxy_configured": false,
            "timeout_seconds": 30.0,
            "duration_ms": 3287,
            "ok": true,
            "endpoint": "ddgs",
            "status": 200,
            "result_count": 5
          }
        ]
      },
      {
        "url": "https://html.duckduckgo.com/html/?q=country+of+Nigerian+states",
        "query": "country of Nigerian states",
        "cache_hit": false,
        "duration_ms": 846,
        "used_ddgs": true,
        "used_legacy_fallback": false,
        "used_direct_fallback": false,
        "used_lite_fallback": false,
        "failed": false,
        "backend": "ddgs",
        "attempts": [
          {
            "attempt": 1,
            "path": "ddgs",
            "proxy_configured": false,
            "timeout_seconds": 30.0,
            "duration_ms": 846,
            "ok": true,
            "endpoint": "ddgs",
            "status": 200,
            "result_count": 5
          }
        ]
      },
      {
        "url": "https://html.duckduckgo.com/html/?q=location+of+federated+states+in+Nigeria",
        "query": "location of federated states in Nigeria",
        "cache_hit": false,
        "duration_ms": 1724,
        "used_ddgs": true,
        "used_legacy_fallback": false,
        "used_direct_fallback": false,
        "used_lite_fallback": false,
        "failed": false,
        "backend": "ddgs",
        "attempts": [
          {
            "attempt": 1,
            "path": "ddgs",
            "proxy_configured": false,
            "timeout_seconds": 30.0,
            "duration_ms": 1724,
            "ok": true,
            "endpoint": "ddgs",
            "status": 200,
            "result_count": 5
          }
        ]
      },
      {
        "url": "https://html.duckduckgo.com/html/?q=What+country+are+the+federated+states+located+in%3F",
        "query": "What country are the federated states located in?",
        "cache_hit": false,
        "duration_ms": 1766,
        "used_ddgs": true,
        "used_legacy_fallback": false,
        "used_direct_fallback": false,
        "used_lite_fallback": false,
        "failed": false,
        "backend": "ddgs",
        "attempts": [
          {
            "attempt": 1,
            "path": "ddgs",
            "proxy_configured": false,
            "timeout_seconds": 30.0,
            "duration_ms": 1766,
            "ok": true,
            "endpoint": "ddgs",
            "status": 200,
            "result_count": 5
          }
        ]
      },
      {
        "url": "https://html.duckduckgo.com/html/?q=Who+was+the+founder+of+the+Coll%C3%A8ge+de+France%3F",
        "query": "Who was the founder of the Collège de France?",
        "cache_hit": false,
        "duration_ms": 856,
        "used_ddgs": true,
        "used_legacy_fallback": false,
        "used_direct_fallback": false,
        "used_lite_fallback": false,
        "failed": false,
        "backend": "ddgs",
        "attempts": [
          {
            "attempt": 1,
            "path": "ddgs",
            "proxy_configured": false,
            "timeout_seconds": 30.0,
            "duration_ms": 856,
            "ok": true,
            "endpoint": "ddgs",
            "status": 200,
            "result_count": 5
          }
        ]
      },
      {
        "url": "https://html.duckduckgo.com/html/?q=founder+of+Coll%C3%A8ge+de+France",
        "query": "founder of Collège de France",
        "cache_hit": false,
        "duration_ms": 1039,
        "used_ddgs": true,
        "used_legacy_fallback": false,
        "used_direct_fallback": false,
        "used_lite_fallback": false,
        "failed": false,
        "backend": "ddgs",
        "attempts": [
          {
            "attempt": 1,
            "path": "ddgs",
            "proxy_configured": false,
            "timeout_seconds": 30.0,
            "duration_ms": 1039,
            "ok": true,
            "endpoint": "ddgs",
            "status": 200,
            "result_count": 5
          }
        ]
      },
      {
        "url": "https://html.duckduckgo.com/html/?q=who+established+Coll%C3%A8ge+de+France",
        "query": "who established Collège de France",
        "cache_hit": false,
        "duration_ms": 1545,
        "used_ddgs": true,
        "used_legacy_fallback": false,
        "used_direct_fallback": false,
        "used_lite_fallback": false,
        "failed": false,
        "backend": "ddgs",
        "attempts": [
          {
            "attempt": 1,
            "path": "ddgs",
            "proxy_configured": false,
            "timeout_seconds": 30.0,
            "duration_ms": 1545,
            "ok": true,
            "endpoint": "ddgs",
            "status": 200,
            "result_count": 5
          }
        ]
      },
      {
        "url": "https://html.duckduckgo.com/html/?q=How+many+academic+chairs+did+the+Coll%C3%A8ge+de+France+have+in+2016%3F",
        "query": "How many academic chairs did the Collège de France have in 2016?",
        "cache_hit": false,
        "duration_ms": 968,
        "used_ddgs": true,
        "used_legacy_fallback": false,
        "used_direct_fallback": false,
        "used_lite_fallback": false,
        "failed": false,
        "backend": "ddgs",
        "attempts": [
          {
            "attempt": 1,
            "path": "ddgs",
            "proxy_configured": false,
            "timeout_seconds": 30.0,
            "duration_ms": 968,
            "ok": true,
            "endpoint": "ddgs",
            "status": 200,
            "result_count": 5
          }
        ]
      },
      {
        "url": "https://html.duckduckgo.com/html/?q=academic+staff+chairs+Coll%C3%A8ge+de+France+2016",
        "query": "academic staff chairs Collège de France 2016",
        "cache_hit": false,
        "duration_ms": 1487,
        "used_ddgs": true,
        "used_legacy_fallback": false,
        "used_direct_fallback": false,
        "used_lite_fallback": false,
        "failed": false,
        "backend": "ddgs",
        "attempts": [
          {
            "attempt": 1,
            "path": "ddgs",
            "proxy_configured": false,
            "timeout_seconds": 30.0,
            "duration_ms": 1487,
            "ok": true,
            "endpoint": "ddgs",
            "status": 200,
            "result_count": 5
          }
        ]
      },
      {
        "url": "https://html.duckduckgo.com/html/?q=number+of+academic+chairs+at+Coll%C3%A8ge+de+France+2016",
        "query": "number of academic chairs at Collège de France 2016",
        "cache_hit": false,
        "duration_ms": 1516,
        "used_ddgs": true,
        "used_legacy_fallback": false,
        "used_direct_fallback": false,
        "used_lite_fallback": false,
        "failed": false,
        "backend": "ddgs",
        "attempts": [
          {
            "attempt": 1,
            "path": "ddgs",
            "proxy_configured": false,
            "timeout_seconds": 30.0,
            "duration_ms": 1516,
            "ok": true,
            "endpoint": "ddgs",
            "status": 200,
            "result_count": 5
          }
        ]
      },
      {
        "url": "https://html.duckduckgo.com/html/?q=How+is+haenyeo+written+in+Hangul",
        "query": "How is haenyeo written in Hangul",
        "cache_hit": false,
        "duration_ms": 959,
        "used_ddgs": true,
        "used_legacy_fallback": false,
        "used_direct_fallback": false,
        "used_lite_fallback": false,
        "failed": false,
        "backend": "ddgs",
        "attempts": [
          {
            "attempt": 1,
            "path": "ddgs",
            "proxy_configured": false,
            "timeout_seconds": 30.0,
            "duration_ms": 959,
            "ok": true,
            "endpoint": "ddgs",
            "status": 200,
            "result_count": 5
          }
        ]
      },
      {
        "url": "https://html.duckduckgo.com/html/?q=What+is+the+Hangul+script+representation+of+the+Korean+term+for+female+divers+known+as+haenyeo%3F",
        "query": "What is the Hangul script representation of the Korean term for female divers known as haenyeo?",
        "cache_hit": false,
        "duration_ms": 1061,
        "used_ddgs": true,
        "used_legacy_fallback": false,
        "used_direct_fallback": false,
        "used_lite_fallback": false,
        "failed": false,
        "backend": "ddgs",
        "attempts": [
          {
            "attempt": 1,
            "path": "ddgs",
            "proxy_configured": false,
            "timeout_seconds": 30.0,
            "duration_ms": 1061,
            "ok": true,
            "endpoint": "ddgs",
            "status": 200,
            "result_count": 5
          }
        ]
      },
      {
        "url": "https://html.duckduckgo.com/html/?q=Haenyeo+Korean+Hangul+spelling",
        "query": "Haenyeo Korean Hangul spelling",
        "cache_hit": false,
        "duration_ms": 1348,
        "used_ddgs": true,
        "used_legacy_fallback": false,
        "used_direct_fallback": false,
        "used_lite_fallback": false,
        "failed": false,
        "backend": "ddgs",
        "attempts": [
          {
            "attempt": 1,
            "path": "ddgs",
            "proxy_configured": false,
            "timeout_seconds": 30.0,
            "duration_ms": 1348,
            "ok": true,
            "endpoint": "ddgs",
            "status": 200,
            "result_count": 5
          }
        ]
      },
      {
        "url": "https://html.duckduckgo.com/html/?q=actress+born+March+28+1948+Kansas+City+Missouri",
        "query": "actress born March 28 1948 Kansas City Missouri",
        "cache_hit": false,
        "duration_ms": 1121,
        "used_ddgs": true,
        "used_legacy_fallback": false,
        "used_direct_fallback": false,
        "used_lite_fallback": false,
        "failed": false,
        "backend": "ddgs",
        "attempts": [
          {
            "attempt": 1,
            "path": "ddgs",
            "proxy_configured": false,
            "timeout_seconds": 30.0,
            "duration_ms": 1121,
            "ok": true,
            "endpoint": "ddgs",
            "status": 200,
            "result_count": 5
          }
        ]
      },
      {
        "url": "https://html.duckduckgo.com/html/?q=Who+is+the+actress+born+on+March+28%2C+1948%2C+in+Kansas+City%2C+Missouri%3F",
        "query": "Who is the actress born on March 28, 1948, in Kansas City, Missouri?",
        "cache_hit": false,
        "duration_ms": 3366,
        "used_ddgs": true,
        "used_legacy_fallback": false,
        "used_direct_fallback": false,
        "used_lite_fallback": false,
        "failed": false,
        "backend": "ddgs",
        "attempts": [
          {
            "attempt": 1,
            "path": "ddgs",
            "proxy_configured": false,
            "timeout_seconds": 30.0,
            "duration_ms": 3366,
            "ok": true,
            "endpoint": "ddgs",
            "status": 200,
            "result_count": 5
          }
        ]
      },
      {
        "url": "https://html.duckduckgo.com/html/?q=What+city+is+the+birthplace+of+Dianne+Wiest%3F",
        "query": "What city is the birthplace of Dianne Wiest?",
        "cache_hit": false,
        "duration_ms": 1136,
        "used_ddgs": true,
        "used_legacy_fallback": false,
        "used_direct_fallback": false,
        "used_lite_fallback": false,
        "failed": false,
        "backend": "ddgs",
        "attempts": [
          {
            "attempt": 1,
            "path": "ddgs",
            "proxy_configured": false,
            "timeout_seconds": 30.0,
            "duration_ms": 1136,
            "ok": true,
            "endpoint": "ddgs",
            "status": 200,
            "result_count": 5
          }
        ]
      },
      {
        "url": "https://html.duckduckgo.com/html/?q=Dianne+Wiest+birthplace+city",
        "query": "Dianne Wiest birthplace city",
        "cache_hit": false,
        "duration_ms": 1245,
        "used_ddgs": true,
        "used_legacy_fallback": false,
        "used_direct_fallback": false,
        "used_lite_fallback": false,
        "failed": false,
        "backend": "ddgs",
        "attempts": [
          {
            "attempt": 1,
            "path": "ddgs",
            "proxy_configured": false,
            "timeout_seconds": 30.0,
            "duration_ms": 1245,
            "ok": true,
            "endpoint": "ddgs",
            "status": 200,
            "result_count": 5
          }
        ]
      },
      {
        "url": "https://html.duckduckgo.com/html/?q=where+was+Dianne+Wiest+born",
        "query": "where was Dianne Wiest born",
        "cache_hit": false,
        "duration_ms": 4204,
        "used_ddgs": true,
        "used_legacy_fallback": false,
        "used_direct_fallback": false,
        "used_lite_fallback": false,
        "failed": false,
        "backend": "ddgs",
        "attempts": [
          {
            "attempt": 1,
            "path": "ddgs",
            "proxy_configured": false,
            "timeout_seconds": 30.0,
            "duration_ms": 4204,
            "ok": true,
            "endpoint": "ddgs",
            "status": 200,
            "result_count": 5
          }
        ]
      },
      {
        "url": "https://html.duckduckgo.com/html/?q=Dianne+Wiest+children+count",
        "query": "Dianne Wiest children count",
        "cache_hit": false,
        "duration_ms": 1076,
        "used_ddgs": true,
        "used_legacy_fallback": false,
        "used_direct_fallback": false,
        "used_lite_fallback": false,
        "failed": false,
        "backend": "ddgs",
        "attempts": [
          {
            "attempt": 1,
            "path": "ddgs",
            "proxy_configured": false,
            "timeout_seconds": 30.0,
            "duration_ms": 1076,
            "ok": true,
            "endpoint": "ddgs",
            "status": 200,
            "result_count": 5
          }
        ]
      },
      {
        "url": "https://html.duckduckgo.com/html/?q=How+many+children+does+Dianne+Wiest+have%3F",
        "query": "How many children does Dianne Wiest have?",
        "cache_hit": false,
        "duration_ms": 1330,
        "used_ddgs": true,
        "used_legacy_fallback": false,
        "used_direct_fallback": false,
        "used_lite_fallback": false,
        "failed": false,
        "backend": "ddgs",
        "attempts": [
          {
            "attempt": 1,
            "path": "ddgs",
            "proxy_configured": false,
            "timeout_seconds": 30.0,
            "duration_ms": 1330,
            "ok": true,
            "endpoint": "ddgs",
            "status": 200,
            "result_count": 5
          }
        ]
      },
      {
        "url": "https://html.duckduckgo.com/html/?q=number+of+children+of+Dianne+Wiest",
        "query": "number of children of Dianne Wiest",
        "cache_hit": false,
        "duration_ms": 2744,
        "used_ddgs": true,
        "used_legacy_fallback": false,
        "used_direct_fallback": false,
        "used_lite_fallback": false,
        "failed": false,
        "backend": "ddgs",
        "attempts": [
          {
            "attempt": 1,
            "path": "ddgs",
            "proxy_configured": false,
            "timeout_seconds": 30.0,
            "duration_ms": 2744,
            "ok": true,
            "endpoint": "ddgs",
            "status": 200,
            "result_count": 5
          }
        ]
      },
      {
        "url": "https://html.duckduckgo.com/html/?q=What+is+the+full+birth+date+of+Dianne+Wiest+including+month%2C+day%2C+and+year%3F",
        "query": "What is the full birth date of Dianne Wiest including month, day, and year?",
        "cache_hit": false,
        "duration_ms": 855,
        "used_ddgs": true,
        "used_legacy_fallback": false,
        "used_direct_fallback": false,
        "used_lite_fallback": false,
        "failed": false,
        "backend": "ddgs",
        "attempts": [
          {
            "attempt": 1,
            "path": "ddgs",
            "proxy_configured": false,
            "timeout_seconds": 30.0,
            "duration_ms": 855,
            "ok": true,
            "endpoint": "ddgs",
            "status": 200,
            "result_count": 5
          }
        ]
      },
      {
        "url": "https://html.duckduckgo.com/html/?q=What+is+an+alternative+eponymous+name+for+sarcoidosis+derived+from+the+names+of+three+physicians%3F",
        "query": "What is an alternative eponymous name for sarcoidosis derived from the names of three physicians?",
        "cache_hit": false,
        "duration_ms": 1063,
        "used_ddgs": true,
        "used_legacy_fallback": false,
        "used_direct_fallback": false,
        "used_lite_fallback": false,
        "failed": false,
        "backend": "ddgs",
        "attempts": [
          {
            "attempt": 1,
            "path": "ddgs",
            "proxy_configured": false,
            "timeout_seconds": 30.0,
            "duration_ms": 1063,
            "ok": true,
            "endpoint": "ddgs",
            "status": 200,
            "result_count": 5
          }
        ]
      },
      {
        "url": "https://html.duckduckgo.com/html/?q=when+was+Dianne+Wiest+born",
        "query": "when was Dianne Wiest born",
        "cache_hit": false,
        "duration_ms": 1437,
        "used_ddgs": true,
        "used_legacy_fallback": false,
        "used_direct_fallback": false,
        "used_lite_fallback": false,
        "failed": false,
        "backend": "ddgs",
        "attempts": [
          {
            "attempt": 1,
            "path": "ddgs",
            "proxy_configured": false,
            "timeout_seconds": 30.0,
            "duration_ms": 1437,
            "ok": true,
            "endpoint": "ddgs",
            "status": 200,
            "result_count": 5
          }
        ]
      },
      {
        "url": "https://html.duckduckgo.com/html/?q=alternative+eponymous+name+for+sarcoidosis",
        "query": "alternative eponymous name for sarcoidosis",
        "cache_hit": false,
        "duration_ms": 1012,
        "used_ddgs": true,
        "used_legacy_fallback": false,
        "used_direct_fallback": false,
        "used_lite_fallback": false,
        "failed": false,
        "backend": "ddgs",
        "attempts": [
          {
            "attempt": 1,
            "path": "ddgs",
            "proxy_configured": false,
            "timeout_seconds": 30.0,
            "duration_ms": 1012,
            "ok": true,
            "endpoint": "ddgs",
            "status": 200,
            "result_count": 5
          }
        ]
      },
      {
        "url": "https://html.duckduckgo.com/html/?q=What+is+the+anatomical+location+of+the+Achilles+tendon+in+the+human+body%3F",
        "query": "What is the anatomical location of the Achilles tendon in the human body?",
        "cache_hit": false,
        "duration_ms": 659,
        "used_ddgs": true,
        "used_legacy_fallback": false,
        "used_direct_fallback": false,
        "used_lite_fallback": false,
        "failed": false,
        "backend": "ddgs",
        "attempts": [
          {
            "attempt": 1,
            "path": "ddgs",
            "proxy_configured": false,
            "timeout_seconds": 30.0,
            "duration_ms": 659,
            "ok": true,
            "endpoint": "ddgs",
            "status": 200,
            "result_count": 5
          }
        ]
      },
      {
        "url": "https://html.duckduckgo.com/html/?q=Dianne+Wiest+birth+date",
        "query": "Dianne Wiest birth date",
        "cache_hit": false,
        "duration_ms": 2532,
        "used_ddgs": true,
        "used_legacy_fallback": false,
        "used_direct_fallback": false,
        "used_lite_fallback": false,
        "failed": false,
        "backend": "ddgs",
        "attempts": [
          {
            "attempt": 1,
            "path": "ddgs",
            "proxy_configured": false,
            "timeout_seconds": 30.0,
            "duration_ms": 2532,
            "ok": true,
            "endpoint": "ddgs",
            "status": 200,
            "result_count": 5
          }
        ]
      },
      {
        "url": "https://html.duckduckgo.com/html/?q=Achilles+tendon+anatomical+location",
        "query": "Achilles tendon anatomical location",
        "cache_hit": false,
        "duration_ms": 836,
        "used_ddgs": true,
        "used_legacy_fallback": false,
        "used_direct_fallback": false,
        "used_lite_fallback": false,
        "failed": false,
        "backend": "ddgs",
        "attempts": [
          {
            "attempt": 1,
            "path": "ddgs",
            "proxy_configured": false,
            "timeout_seconds": 30.0,
            "duration_ms": 836,
            "ok": true,
            "endpoint": "ddgs",
            "status": 200,
            "result_count": 5
          }
        ]
      },
      {
        "url": "https://html.duckduckgo.com/html/?q=physicians+associated+with+sarcoidosis+name",
        "query": "physicians associated with sarcoidosis name",
        "cache_hit": false,
        "duration_ms": 1433,
        "used_ddgs": true,
        "used_legacy_fallback": false,
        "used_direct_fallback": false,
        "used_lite_fallback": false,
        "failed": false,
        "backend": "ddgs",
        "attempts": [
          {
            "attempt": 1,
            "path": "ddgs",
            "proxy_configured": false,
            "timeout_seconds": 30.0,
            "duration_ms": 1433,
            "ok": true,
            "endpoint": "ddgs",
            "status": 200,
            "result_count": 5
          }
        ]
      },
      {
        "url": "https://html.duckduckgo.com/html/?q=Where+is+the+Achilles+tendon+located+in+the+body",
        "query": "Where is the Achilles tendon located in the body",
        "cache_hit": false,
        "duration_ms": 873,
        "used_ddgs": true,
        "used_legacy_fallback": false,
        "used_direct_fallback": false,
        "used_lite_fallback": false,
        "failed": false,
        "backend": "ddgs",
        "attempts": [
          {
            "attempt": 1,
            "path": "ddgs",
            "proxy_configured": false,
            "timeout_seconds": 30.0,
            "duration_ms": 873,
            "ok": true,
            "endpoint": "ddgs",
            "status": 200,
            "result_count": 5
          }
        ]
      },
      {
        "url": "https://html.duckduckgo.com/html/?q=Dianne+Wiest+alma+mater",
        "query": "Dianne Wiest alma mater",
        "cache_hit": false,
        "duration_ms": 904,
        "used_ddgs": true,
        "used_legacy_fallback": false,
        "used_direct_fallback": false,
        "used_lite_fallback": false,
        "failed": false,
        "backend": "ddgs",
        "attempts": [
          {
            "attempt": 1,
            "path": "ddgs",
            "proxy_configured": false,
            "timeout_seconds": 30.0,
            "duration_ms": 904,
            "ok": true,
            "endpoint": "ddgs",
            "status": 200,
            "result_count": 5
          }
        ]
      },
      {
        "url": "https://html.duckduckgo.com/html/?q=where+did+Dianne+Wiest+go+to+university",
        "query": "where did Dianne Wiest go to university",
        "cache_hit": false,
        "duration_ms": 1030,
        "used_ddgs": true,
        "used_legacy_fallback": false,
        "used_direct_fallback": false,
        "used_lite_fallback": false,
        "failed": false,
        "backend": "ddgs",
        "attempts": [
          {
            "attempt": 1,
            "path": "ddgs",
            "proxy_configured": false,
            "timeout_seconds": 30.0,
            "duration_ms": 1030,
            "ok": true,
            "endpoint": "ddgs",
            "status": 200,
            "result_count": 5
          }
        ]
      },
      {
        "url": "https://html.duckduckgo.com/html/?q=What+university+did+Dianne+Wiest+attend%3F",
        "query": "What university did Dianne Wiest attend?",
        "cache_hit": false,
        "duration_ms": 1508,
        "used_ddgs": true,
        "used_legacy_fallback": false,
        "used_direct_fallback": false,
        "used_lite_fallback": false,
        "failed": false,
        "backend": "ddgs",
        "attempts": [
          {
            "attempt": 1,
            "path": "ddgs",
            "proxy_configured": false,
            "timeout_seconds": 30.0,
            "duration_ms": 1508,
            "ok": true,
            "endpoint": "ddgs",
            "status": 200,
            "result_count": 5
          }
        ]
      },
      {
        "url": "https://html.duckduckgo.com/html/?q=Who+is+the+Director-General+of+Deutsche+Welle%3F",
        "query": "Who is the Director-General of Deutsche Welle?",
        "cache_hit": false,
        "duration_ms": 1455,
        "used_ddgs": true,
        "used_legacy_fallback": false,
        "used_direct_fallback": false,
        "used_lite_fallback": false,
        "failed": false,
        "backend": "ddgs",
        "attempts": [
          {
            "attempt": 1,
            "path": "ddgs",
            "proxy_configured": false,
            "timeout_seconds": 30.0,
            "duration_ms": 1455,
            "ok": true,
            "endpoint": "ddgs",
            "status": 200,
            "result_count": 5
          }
        ]
      },
      {
        "url": "https://html.duckduckgo.com/html/?q=Deutsche+Welle+Director-General",
        "query": "Deutsche Welle Director-General",
        "cache_hit": false,
        "duration_ms": 1609,
        "used_ddgs": true,
        "used_legacy_fallback": false,
        "used_direct_fallback": false,
        "used_lite_fallback": false,
        "failed": false,
        "backend": "ddgs",
        "attempts": [
          {
            "attempt": 1,
            "path": "ddgs",
            "proxy_configured": false,
            "timeout_seconds": 30.0,
            "duration_ms": 1609,
            "ok": true,
            "endpoint": "ddgs",
            "status": 200,
            "result_count": 5
          }
        ]
      },
      {
        "url": "https://html.duckduckgo.com/html/?q=In+which+city+is+the+headquarters+of+Deutsche+Welle+located%3F",
        "query": "In which city is the headquarters of Deutsche Welle located?",
        "cache_hit": false,
        "duration_ms": 996,
        "used_ddgs": true,
        "used_legacy_fallback": false,
        "used_direct_fallback": false,
        "used_lite_fallback": false,
        "failed": false,
        "backend": "ddgs",
        "attempts": [
          {
            "attempt": 1,
            "path": "ddgs",
            "proxy_configured": false,
            "timeout_seconds": 30.0,
            "duration_ms": 996,
            "ok": true,
            "endpoint": "ddgs",
            "status": 200,
            "result_count": 5
          }
        ]
      },
      {
        "url": "https://html.duckduckgo.com/html/?q=Where+is+Deutsche+Welle+based",
        "query": "Where is Deutsche Welle based",
        "cache_hit": false,
        "duration_ms": 1300,
        "used_ddgs": true,
        "used_legacy_fallback": false,
        "used_direct_fallback": false,
        "used_lite_fallback": false,
        "failed": false,
        "backend": "ddgs",
        "attempts": [
          {
            "attempt": 1,
            "path": "ddgs",
            "proxy_configured": false,
            "timeout_seconds": 30.0,
            "duration_ms": 1300,
            "ok": true,
            "endpoint": "ddgs",
            "status": 200,
            "result_count": 5
          }
        ]
      },
      {
        "url": "https://html.duckduckgo.com/html/?q=Deutsche+Welle+headquarters+city",
        "query": "Deutsche Welle headquarters city",
        "cache_hit": false,
        "duration_ms": 2566,
        "used_ddgs": true,
        "used_legacy_fallback": false,
        "used_direct_fallback": false,
        "used_lite_fallback": false,
        "failed": false,
        "backend": "ddgs",
        "attempts": [
          {
            "attempt": 1,
            "path": "ddgs",
            "proxy_configured": false,
            "timeout_seconds": 30.0,
            "duration_ms": 2566,
            "ok": true,
            "endpoint": "ddgs",
            "status": 200,
            "result_count": 5
          }
        ]
      },
      {
        "url": "https://html.duckduckgo.com/html/?q=When+was+Deutsche+Welle+founded",
        "query": "When was Deutsche Welle founded",
        "cache_hit": false,
        "duration_ms": 1081,
        "used_ddgs": true,
        "used_legacy_fallback": false,
        "used_direct_fallback": false,
        "used_lite_fallback": false,
        "failed": false,
        "backend": "ddgs",
        "attempts": [
          {
            "attempt": 1,
            "path": "ddgs",
            "proxy_configured": false,
            "timeout_seconds": 30.0,
            "duration_ms": 1081,
            "ok": true,
            "endpoint": "ddgs",
            "status": 200,
            "result_count": 5
          }
        ]
      },
      {
        "url": "https://html.duckduckgo.com/html/?q=Deutsche+Welle+launch+date",
        "query": "Deutsche Welle launch date",
        "cache_hit": false,
        "duration_ms": 1299,
        "used_ddgs": true,
        "used_legacy_fallback": false,
        "used_direct_fallback": false,
        "used_lite_fallback": false,
        "failed": false,
        "backend": "ddgs",
        "attempts": [
          {
            "attempt": 1,
            "path": "ddgs",
            "proxy_configured": false,
            "timeout_seconds": 30.0,
            "duration_ms": 1299,
            "ok": true,
            "endpoint": "ddgs",
            "status": 200,
            "result_count": 5
          }
        ]
      },
      {
        "url": "https://html.duckduckgo.com/html/?q=What+month%2C+day%2C+and+year+was+Deutsche+Welle+launched%3F",
        "query": "What month, day, and year was Deutsche Welle launched?",
        "cache_hit": false,
        "duration_ms": 2881,
        "used_ddgs": true,
        "used_legacy_fallback": false,
        "used_direct_fallback": false,
        "used_lite_fallback": false,
        "failed": false,
        "backend": "ddgs",
        "attempts": [
          {
            "attempt": 1,
            "path": "ddgs",
            "proxy_configured": false,
            "timeout_seconds": 30.0,
            "duration_ms": 2881,
            "ok": true,
            "endpoint": "ddgs",
            "status": 200,
            "result_count": 5
          }
        ]
      },
      {
        "url": "https://html.duckduckgo.com/html/?q=age+range+for+sarcoidosis+onset",
        "query": "age range for sarcoidosis onset",
        "cache_hit": false,
        "duration_ms": 1517,
        "used_ddgs": true,
        "used_legacy_fallback": false,
        "used_direct_fallback": false,
        "used_lite_fallback": false,
        "failed": false,
        "backend": "ddgs",
        "attempts": [
          {
            "attempt": 1,
            "path": "ddgs",
            "proxy_configured": false,
            "timeout_seconds": 30.0,
            "duration_ms": 1517,
            "ok": true,
            "endpoint": "ddgs",
            "status": 200,
            "result_count": 5
          }
        ]
      },
      {
        "url": "https://html.duckduckgo.com/html/?q=What+is+the+typical+age+range+in+years+for+the+usual+onset+of+sarcoidosis%3F",
        "query": "What is the typical age range in years for the usual onset of sarcoidosis?",
        "cache_hit": false,
        "duration_ms": 2009,
        "used_ddgs": true,
        "used_legacy_fallback": false,
        "used_direct_fallback": false,
        "used_lite_fallback": false,
        "failed": false,
        "backend": "ddgs",
        "attempts": [
          {
            "attempt": 1,
            "path": "ddgs",
            "proxy_configured": false,
            "timeout_seconds": 30.0,
            "duration_ms": 2009,
            "ok": true,
            "endpoint": "ddgs",
            "status": 200,
            "result_count": 5
          }
        ]
      },
      {
        "url": "https://html.duckduckgo.com/html/?q=usual+onset+age+range+of+sarcoidosis",
        "query": "usual onset age range of sarcoidosis",
        "cache_hit": false,
        "duration_ms": 2100,
        "used_ddgs": true,
        "used_legacy_fallback": false,
        "used_direct_fallback": false,
        "used_lite_fallback": false,
        "failed": false,
        "backend": "ddgs",
        "attempts": [
          {
            "attempt": 1,
            "path": "ddgs",
            "proxy_configured": false,
            "timeout_seconds": 30.0,
            "duration_ms": 2100,
            "ok": true,
            "endpoint": "ddgs",
            "status": 200,
            "result_count": 5
          }
        ]
      },
      {
        "url": "https://html.duckduckgo.com/html/?q=place+of+origin+of+T-72+tank",
        "query": "place of origin of T-72 tank",
        "cache_hit": false,
        "duration_ms": 697,
        "used_ddgs": true,
        "used_legacy_fallback": false,
        "used_direct_fallback": false,
        "used_lite_fallback": false,
        "failed": false,
        "backend": "ddgs",
        "attempts": [
          {
            "attempt": 1,
            "path": "ddgs",
            "proxy_configured": false,
            "timeout_seconds": 30.0,
            "duration_ms": 697,
            "ok": true,
            "endpoint": "ddgs",
            "status": 200,
            "result_count": 5
          }
        ]
      },
      {
        "url": "https://html.duckduckgo.com/html/?q=What+is+the+place+of+origin+of+the+T-72+tank%3F",
        "query": "What is the place of origin of the T-72 tank?",
        "cache_hit": false,
        "duration_ms": 1585,
        "used_ddgs": true,
        "used_legacy_fallback": false,
        "used_direct_fallback": false,
        "used_lite_fallback": false,
        "failed": false,
        "backend": "ddgs",
        "attempts": [
          {
            "attempt": 1,
            "path": "ddgs",
            "proxy_configured": false,
            "timeout_seconds": 30.0,
            "duration_ms": 1585,
            "ok": true,
            "endpoint": "ddgs",
            "status": 200,
            "result_count": 5
          }
        ]
      },
      {
        "url": "https://html.duckduckgo.com/html/?q=where+was+T-72+tank+made",
        "query": "where was T-72 tank made",
        "cache_hit": false,
        "duration_ms": 1949,
        "used_ddgs": true,
        "used_legacy_fallback": false,
        "used_direct_fallback": false,
        "used_lite_fallback": false,
        "failed": false,
        "backend": "ddgs",
        "attempts": [
          {
            "attempt": 1,
            "path": "ddgs",
            "proxy_configured": false,
            "timeout_seconds": 30.0,
            "duration_ms": 1949,
            "ok": true,
            "endpoint": "ddgs",
            "status": 200,
            "result_count": 5
          }
        ]
      },
      {
        "url": "https://html.duckduckgo.com/html/?q=Broadcast+format+of+Deutsche+Welle",
        "query": "Broadcast format of Deutsche Welle",
        "cache_hit": false,
        "duration_ms": 1394,
        "used_ddgs": true,
        "used_legacy_fallback": false,
        "used_direct_fallback": false,
        "used_lite_fallback": false,
        "failed": false,
        "backend": "ddgs",
        "attempts": [
          {
            "attempt": 1,
            "path": "ddgs",
            "proxy_configured": false,
            "timeout_seconds": 30.0,
            "duration_ms": 1394,
            "ok": true,
            "endpoint": "ddgs",
            "status": 200,
            "result_count": 5
          }
        ]
      },
      {
        "url": "https://html.duckduckgo.com/html/?q=Deutsche+Welle+picture+format",
        "query": "Deutsche Welle picture format",
        "cache_hit": false,
        "duration_ms": 1613,
        "used_ddgs": true,
        "used_legacy_fallback": false,
        "used_direct_fallback": false,
        "used_lite_fallback": false,
        "failed": false,
        "backend": "ddgs",
        "attempts": [
          {
            "attempt": 1,
            "path": "ddgs",
            "proxy_configured": false,
            "timeout_seconds": 30.0,
            "duration_ms": 1613,
            "ok": true,
            "endpoint": "ddgs",
            "status": 200,
            "result_count": 5
          }
        ]
      },
      {
        "url": "https://html.duckduckgo.com/html/?q=What+is+the+picture+format+used+by+Deutsche+Welle+for+its+broadcasts%3F",
        "query": "What is the picture format used by Deutsche Welle for its broadcasts?",
        "cache_hit": false,
        "duration_ms": 1728,
        "used_ddgs": true,
        "used_legacy_fallback": false,
        "used_direct_fallback": false,
        "used_lite_fallback": false,
        "failed": false,
        "backend": "ddgs",
        "attempts": [
          {
            "attempt": 1,
            "path": "ddgs",
            "proxy_configured": false,
            "timeout_seconds": 30.0,
            "duration_ms": 1728,
            "ok": true,
            "endpoint": "ddgs",
            "status": 200,
            "result_count": 5
          }
        ]
      },
      {
        "url": "https://html.duckduckgo.com/html/?q=crew+size+of+T-72+tank",
        "query": "crew size of T-72 tank",
        "cache_hit": false,
        "duration_ms": 1843,
        "used_ddgs": true,
        "used_legacy_fallback": false,
        "used_direct_fallback": false,
        "used_lite_fallback": false,
        "failed": false,
        "backend": "ddgs",
        "attempts": [
          {
            "attempt": 1,
            "path": "ddgs",
            "proxy_configured": false,
            "timeout_seconds": 30.0,
            "duration_ms": 1843,
            "ok": true,
            "endpoint": "ddgs",
            "status": 200,
            "result_count": 5
          }
        ]
      },
      {
        "url": "https://html.duckduckgo.com/html/?q=number+of+crew+in+T-72+tank",
        "query": "number of crew in T-72 tank",
        "cache_hit": false,
        "duration_ms": 1851,
        "used_ddgs": true,
        "used_legacy_fallback": false,
        "used_direct_fallback": false,
        "used_lite_fallback": false,
        "failed": false,
        "backend": "ddgs",
        "attempts": [
          {
            "attempt": 1,
            "path": "ddgs",
            "proxy_configured": false,
            "timeout_seconds": 30.0,
            "duration_ms": 1851,
            "ok": true,
            "endpoint": "ddgs",
            "status": 200,
            "result_count": 5
          }
        ]
      },
      {
        "url": "https://html.duckduckgo.com/html/?q=How+many+crew+members+operate+the+T-72+tank%3F",
        "query": "How many crew members operate the T-72 tank?",
        "cache_hit": false,
        "duration_ms": 2944,
        "used_ddgs": true,
        "used_legacy_fallback": false,
        "used_direct_fallback": false,
        "used_lite_fallback": false,
        "failed": false,
        "backend": "ddgs",
        "attempts": [
          {
            "attempt": 1,
            "path": "ddgs",
            "proxy_configured": false,
            "timeout_seconds": 30.0,
            "duration_ms": 2944,
            "ok": true,
            "endpoint": "ddgs",
            "status": 200,
            "result_count": 5
          }
        ]
      },
      {
        "url": "https://html.duckduckgo.com/html/?q=where+was+Carl+Lewis+born",
        "query": "where was Carl Lewis born",
        "cache_hit": false,
        "duration_ms": 2070,
        "used_ddgs": true,
        "used_legacy_fallback": false,
        "used_direct_fallback": false,
        "used_lite_fallback": false,
        "failed": false,
        "backend": "ddgs",
        "attempts": [
          {
            "attempt": 1,
            "path": "ddgs",
            "proxy_configured": false,
            "timeout_seconds": 30.0,
            "duration_ms": 2070,
            "ok": true,
            "endpoint": "ddgs",
            "status": 200,
            "result_count": 5
          }
        ]
      },
      {
        "url": "https://html.duckduckgo.com/html/?q=In+which+city+was+Carl+Lewis+born%3F",
        "query": "In which city was Carl Lewis born?",
        "cache_hit": false,
        "duration_ms": 2099,
        "used_ddgs": true,
        "used_legacy_fallback": false,
        "used_direct_fallback": false,
        "used_lite_fallback": false,
        "failed": false,
        "backend": "ddgs",
        "attempts": [
          {
            "attempt": 1,
            "path": "ddgs",
            "proxy_configured": false,
            "timeout_seconds": 30.0,
            "duration_ms": 2099,
            "ok": true,
            "endpoint": "ddgs",
            "status": 200,
            "result_count": 5
          }
        ]
      },
      {
        "url": "https://html.duckduckgo.com/html/?q=Carl+Lewis+birthplace+city",
        "query": "Carl Lewis birthplace city",
        "cache_hit": false,
        "duration_ms": 3267,
        "used_ddgs": true,
        "used_legacy_fallback": false,
        "used_direct_fallback": false,
        "used_lite_fallback": false,
        "failed": false,
        "backend": "ddgs",
        "attempts": [
          {
            "attempt": 1,
            "path": "ddgs",
            "proxy_configured": false,
            "timeout_seconds": 30.0,
            "duration_ms": 3267,
            "ok": true,
            "endpoint": "ddgs",
            "status": 200,
            "result_count": 5
          }
        ]
      },
      {
        "url": "https://html.duckduckgo.com/html/?q=In+what+year+did+the+T-72+tank+enter+service%3F",
        "query": "In what year did the T-72 tank enter service?",
        "cache_hit": false,
        "duration_ms": 2540,
        "used_ddgs": true,
        "used_legacy_fallback": false,
        "used_direct_fallback": false,
        "used_lite_fallback": false,
        "failed": false,
        "backend": "ddgs",
        "attempts": [
          {
            "attempt": 1,
            "path": "ddgs",
            "proxy_configured": false,
            "timeout_seconds": 30.0,
            "duration_ms": 2540,
            "ok": true,
            "endpoint": "ddgs",
            "status": 200,
            "result_count": 5
          }
        ]
      },
      {
        "url": "https://html.duckduckgo.com/html/?q=when+was+T-72+tank+first+used",
        "query": "when was T-72 tank first used",
        "cache_hit": false,
        "duration_ms": 1647,
        "used_ddgs": true,
        "used_legacy_fallback": false,
        "used_direct_fallback": false,
        "used_lite_fallback": false,
        "failed": false,
        "backend": "ddgs",
        "attempts": [
          {
            "attempt": 1,
            "path": "ddgs",
            "proxy_configured": false,
            "timeout_seconds": 30.0,
            "duration_ms": 1647,
            "ok": true,
            "endpoint": "ddgs",
            "status": 200,
            "result_count": 5
          }
        ]
      },
      {
        "url": "https://html.duckduckgo.com/html/?q=year+T-72+tank+entered+service",
        "query": "year T-72 tank entered service",
        "cache_hit": false,
        "duration_ms": 2683,
        "used_ddgs": true,
        "used_legacy_fallback": false,
        "used_direct_fallback": false,
        "used_lite_fallback": false,
        "failed": false,
        "backend": "ddgs",
        "attempts": [
          {
            "attempt": 1,
            "path": "ddgs",
            "proxy_configured": false,
            "timeout_seconds": 30.0,
            "duration_ms": 2683,
            "ok": true,
            "endpoint": "ddgs",
            "status": 200,
            "result_count": 5
          }
        ]
      },
      {
        "url": "https://html.duckduckgo.com/html/?q=Ashvins+genealogy+father+name",
        "query": "Ashvins genealogy father name",
        "cache_hit": false,
        "duration_ms": 1050,
        "used_ddgs": true,
        "used_legacy_fallback": false,
        "used_direct_fallback": false,
        "used_lite_fallback": false,
        "failed": false,
        "backend": "ddgs",
        "attempts": [
          {
            "attempt": 1,
            "path": "ddgs",
            "proxy_configured": false,
            "timeout_seconds": 30.0,
            "duration_ms": 1050,
            "ok": true,
            "endpoint": "ddgs",
            "status": 200,
            "result_count": 5
          }
        ]
      },
      {
        "url": "https://html.duckduckgo.com/html/?q=Who+is+the+father+of+the+Ashvins+according+to+their+genealogy%3F",
        "query": "Who is the father of the Ashvins according to their genealogy?",
        "cache_hit": false,
        "duration_ms": 2093,
        "used_ddgs": true,
        "used_legacy_fallback": false,
        "used_direct_fallback": false,
        "used_lite_fallback": false,
        "failed": false,
        "backend": "ddgs",
        "attempts": [
          {
            "attempt": 1,
            "path": "ddgs",
            "proxy_configured": false,
            "timeout_seconds": 30.0,
            "duration_ms": 2093,
            "ok": true,
            "endpoint": "ddgs",
            "status": 200,
            "result_count": 5
          }
        ]
      },
      {
        "url": "https://html.duckduckgo.com/html/?q=how+often+is+Election+Day+held+including+off-years",
        "query": "how often is Election Day held including off-years",
        "cache_hit": false,
        "duration_ms": 687,
        "used_ddgs": true,
        "used_legacy_fallback": false,
        "used_direct_fallback": false,
        "used_lite_fallback": false,
        "failed": false,
        "backend": "ddgs",
        "attempts": [
          {
            "attempt": 1,
            "path": "ddgs",
            "proxy_configured": false,
            "timeout_seconds": 30.0,
            "duration_ms": 687,
            "ok": true,
            "endpoint": "ddgs",
            "status": 200,
            "result_count": 5
          }
        ]
      },
      {
        "url": "https://html.duckduckgo.com/html/?q=frequency+of+Election+Day+in+United+States",
        "query": "frequency of Election Day in United States",
        "cache_hit": false,
        "duration_ms": 738,
        "used_ddgs": true,
        "used_legacy_fallback": false,
        "used_direct_fallback": false,
        "used_lite_fallback": false,
        "failed": false,
        "backend": "ddgs",
        "attempts": [
          {
            "attempt": 1,
            "path": "ddgs",
            "proxy_configured": false,
            "timeout_seconds": 30.0,
            "duration_ms": 738,
            "ok": true,
            "endpoint": "ddgs",
            "status": 200,
            "result_count": 5
          }
        ]
      },
      {
        "url": "https://html.duckduckgo.com/html/?q=What+is+the+Greek+equivalent+name+of+the+Ashvins%3F",
        "query": "What is the Greek equivalent name of the Ashvins?",
        "cache_hit": false,
        "duration_ms": 916,
        "used_ddgs": true,
        "used_legacy_fallback": false,
        "used_direct_fallback": false,
        "used_lite_fallback": false,
        "failed": false,
        "backend": "ddgs",
        "attempts": [
          {
            "attempt": 1,
            "path": "ddgs",
            "proxy_configured": false,
            "timeout_seconds": 30.0,
            "duration_ms": 916,
            "ok": true,
            "endpoint": "ddgs",
            "status": 200,
            "result_count": 5
          }
        ]
      },
      {
        "url": "https://html.duckduckgo.com/html/?q=Ashvins+equivalent+in+Greek+mythology",
        "query": "Ashvins equivalent in Greek mythology",
        "cache_hit": false,
        "duration_ms": 715,
        "used_ddgs": true,
        "used_legacy_fallback": false,
        "used_direct_fallback": false,
        "used_lite_fallback": false,
        "failed": false,
        "backend": "ddgs",
        "attempts": [
          {
            "attempt": 1,
            "path": "ddgs",
            "proxy_configured": false,
            "timeout_seconds": 30.0,
            "duration_ms": 715,
            "ok": true,
            "endpoint": "ddgs",
            "status": 200,
            "result_count": 5
          }
        ]
      },
      {
        "url": "https://html.duckduckgo.com/html/?q=Ashvins+Greek+equivalent",
        "query": "Ashvins Greek equivalent",
        "cache_hit": false,
        "duration_ms": 908,
        "used_ddgs": true,
        "used_legacy_fallback": false,
        "used_direct_fallback": false,
        "used_lite_fallback": false,
        "failed": false,
        "backend": "ddgs",
        "attempts": [
          {
            "attempt": 1,
            "path": "ddgs",
            "proxy_configured": false,
            "timeout_seconds": 30.0,
            "duration_ms": 908,
            "ok": true,
            "endpoint": "ddgs",
            "status": 200,
            "result_count": 5
          }
        ]
      },
      {
        "url": "https://html.duckduckgo.com/html/?q=What+is+the+frequency+of+Election+Day+occurrences+in+the+United+States+including+off-years%3F",
        "query": "What is the frequency of Election Day occurrences in the United States including off-years?",
        "cache_hit": false,
        "duration_ms": 1670,
        "used_ddgs": true,
        "used_legacy_fallback": false,
        "used_direct_fallback": false,
        "used_lite_fallback": false,
        "failed": false,
        "backend": "ddgs",
        "attempts": [
          {
            "attempt": 1,
            "path": "ddgs",
            "proxy_configured": false,
            "timeout_seconds": 30.0,
            "duration_ms": 1670,
            "ok": true,
            "endpoint": "ddgs",
            "status": 200,
            "result_count": 5
          }
        ]
      },
      {
        "url": "https://html.duckduckgo.com/html/?q=What+month%2C+day%2C+and+year+was+Carl+Lewis+born%3F",
        "query": "What month, day, and year was Carl Lewis born?",
        "cache_hit": false,
        "duration_ms": 1280,
        "used_ddgs": true,
        "used_legacy_fallback": false,
        "used_direct_fallback": false,
        "used_lite_fallback": false,
        "failed": false,
        "backend": "ddgs",
        "attempts": [
          {
            "attempt": 1,
            "path": "ddgs",
            "proxy_configured": false,
            "timeout_seconds": 30.0,
            "duration_ms": 1280,
            "ok": true,
            "endpoint": "ddgs",
            "status": 200,
            "result_count": 5
          }
        ]
      },
      {
        "url": "https://html.duckduckgo.com/html/?q=Carl+Lewis+birth+date",
        "query": "Carl Lewis birth date",
        "cache_hit": false,
        "duration_ms": 1718,
        "used_ddgs": true,
        "used_legacy_fallback": false,
        "used_direct_fallback": false,
        "used_lite_fallback": false,
        "failed": false,
        "backend": "ddgs",
        "attempts": [
          {
            "attempt": 1,
            "path": "ddgs",
            "proxy_configured": false,
            "timeout_seconds": 30.0,
            "duration_ms": 1718,
            "ok": true,
            "endpoint": "ddgs",
            "status": 200,
            "result_count": 5
          }
        ]
      },
      {
        "url": "https://html.duckduckgo.com/html/?q=when+was+Carl+Lewis+born",
        "query": "when was Carl Lewis born",
        "cache_hit": false,
        "duration_ms": 1909,
        "used_ddgs": true,
        "used_legacy_fallback": false,
        "used_direct_fallback": false,
        "used_lite_fallback": false,
        "failed": false,
        "backend": "ddgs",
        "attempts": [
          {
            "attempt": 1,
            "path": "ddgs",
            "proxy_configured": false,
            "timeout_seconds": 30.0,
            "duration_ms": 1909,
            "ok": true,
            "endpoint": "ddgs",
            "status": 200,
            "result_count": 5
          }
        ]
      },
      {
        "url": "https://html.duckduckgo.com/html/?q=which+club+did+Carl+Lewis+belong+to",
        "query": "which club did Carl Lewis belong to",
        "cache_hit": false,
        "duration_ms": 1115,
        "used_ddgs": true,
        "used_legacy_fallback": false,
        "used_direct_fallback": false,
        "used_lite_fallback": false,
        "failed": false,
        "backend": "ddgs",
        "attempts": [
          {
            "attempt": 1,
            "path": "ddgs",
            "proxy_configured": false,
            "timeout_seconds": 30.0,
            "duration_ms": 1115,
            "ok": true,
            "endpoint": "ddgs",
            "status": 200,
            "result_count": 5
          }
        ]
      },
      {
        "url": "https://html.duckduckgo.com/html/?q=Carl+Lewis+athletic+club",
        "query": "Carl Lewis athletic club",
        "cache_hit": false,
        "duration_ms": 2022,
        "used_ddgs": true,
        "used_legacy_fallback": false,
        "used_direct_fallback": false,
        "used_lite_fallback": false,
        "failed": false,
        "backend": "ddgs",
        "attempts": [
          {
            "attempt": 1,
            "path": "ddgs",
            "proxy_configured": false,
            "timeout_seconds": 30.0,
            "duration_ms": 2022,
            "ok": true,
            "endpoint": "ddgs",
            "status": 200,
            "result_count": 5
          }
        ]
      },
      {
        "url": "https://html.duckduckgo.com/html/?q=What+is+the+name+of+the+club+Carl+Lewis+was+affiliated+with+during+his+athletic+career%3F",
        "query": "What is the name of the club Carl Lewis was affiliated with during his athletic career?",
        "cache_hit": false,
        "duration_ms": 2184,
        "used_ddgs": true,
        "used_legacy_fallback": false,
        "used_direct_fallback": false,
        "used_lite_fallback": false,
        "failed": false,
        "backend": "ddgs",
        "attempts": [
          {
            "attempt": 1,
            "path": "ddgs",
            "proxy_configured": false,
            "timeout_seconds": 30.0,
            "duration_ms": 2184,
            "ok": true,
            "endpoint": "ddgs",
            "status": 200,
            "result_count": 5
          }
        ]
      },
      {
        "url": "https://html.duckduckgo.com/html/?q=What+is+the+location+where+a+sea+captain+primarily+operates%3F",
        "query": "What is the location where a sea captain primarily operates?",
        "cache_hit": false,
        "duration_ms": 1449,
        "used_ddgs": true,
        "used_legacy_fallback": false,
        "used_direct_fallback": false,
        "used_lite_fallback": false,
        "failed": false,
        "backend": "ddgs",
        "attempts": [
          {
            "attempt": 1,
            "path": "ddgs",
            "proxy_configured": false,
            "timeout_seconds": 30.0,
            "duration_ms": 1449,
            "ok": true,
            "endpoint": "ddgs",
            "status": 200,
            "result_count": 5
          }
        ]
      },
      {
        "url": "https://html.duckduckgo.com/html/?q=where+does+a+sea+captain+operate",
        "query": "where does a sea captain operate",
        "cache_hit": false,
        "duration_ms": 1493,
        "used_ddgs": true,
        "used_legacy_fallback": false,
        "used_direct_fallback": false,
        "used_lite_fallback": false,
        "failed": false,
        "backend": "ddgs",
        "attempts": [
          {
            "attempt": 1,
            "path": "ddgs",
            "proxy_configured": false,
            "timeout_seconds": 30.0,
            "duration_ms": 1493,
            "ok": true,
            "endpoint": "ddgs",
            "status": 200,
            "result_count": 5
          }
        ]
      },
      {
        "url": "https://html.duckduckgo.com/html/?q=What+is+the+Latin+anatomical+term+for+the+female+urethra%3F",
        "query": "What is the Latin anatomical term for the female urethra?",
        "cache_hit": false,
        "duration_ms": 1492,
        "used_ddgs": true,
        "used_legacy_fallback": false,
        "used_direct_fallback": false,
        "used_lite_fallback": false,
        "failed": false,
        "backend": "ddgs",
        "attempts": [
          {
            "attempt": 1,
            "path": "ddgs",
            "proxy_configured": false,
            "timeout_seconds": 30.0,
            "duration_ms": 1492,
            "ok": true,
            "endpoint": "ddgs",
            "status": 200,
            "result_count": 5
          }
        ]
      },
      {
        "url": "https://html.duckduckgo.com/html/?q=sea+captain+primary+location",
        "query": "sea captain primary location",
        "cache_hit": false,
        "duration_ms": 2112,
        "used_ddgs": true,
        "used_legacy_fallback": false,
        "used_direct_fallback": false,
        "used_lite_fallback": false,
        "failed": false,
        "backend": "ddgs",
        "attempts": [
          {
            "attempt": 1,
            "path": "ddgs",
            "proxy_configured": false,
            "timeout_seconds": 30.0,
            "duration_ms": 2112,
            "ok": true,
            "endpoint": "ddgs",
            "status": 200,
            "result_count": 5
          }
        ]
      },
      {
        "url": "https://html.duckduckgo.com/html/?q=anatomical+Latin+name+urethra+female",
        "query": "anatomical Latin name urethra female",
        "cache_hit": false,
        "duration_ms": 1402,
        "used_ddgs": true,
        "used_legacy_fallback": false,
        "used_direct_fallback": false,
        "used_lite_fallback": false,
        "failed": false,
        "backend": "ddgs",
        "attempts": [
          {
            "attempt": 1,
            "path": "ddgs",
            "proxy_configured": false,
            "timeout_seconds": 30.0,
            "duration_ms": 1402,
            "ok": true,
            "endpoint": "ddgs",
            "status": 200,
            "result_count": 5
          }
        ]
      },
      {
        "url": "https://html.duckduckgo.com/html/?q=Who+created+the+AllMusic+online+music+database%3F",
        "query": "Who created the AllMusic online music database?",
        "cache_hit": false,
        "duration_ms": 1215,
        "used_ddgs": true,
        "used_legacy_fallback": false,
        "used_direct_fallback": false,
        "used_lite_fallback": false,
        "failed": false,
        "backend": "ddgs",
        "attempts": [
          {
            "attempt": 1,
            "path": "ddgs",
            "proxy_configured": false,
            "timeout_seconds": 30.0,
            "duration_ms": 1215,
            "ok": true,
            "endpoint": "ddgs",
            "status": 200,
            "result_count": 5
          }
        ]
      },
      {
        "url": "https://html.duckduckgo.com/html/?q=Latin+term+for+female+urethra",
        "query": "Latin term for female urethra",
        "cache_hit": false,
        "duration_ms": 2025,
        "used_ddgs": true,
        "used_legacy_fallback": false,
        "used_direct_fallback": false,
        "used_lite_fallback": false,
        "failed": false,
        "backend": "ddgs",
        "attempts": [
          {
            "attempt": 1,
            "path": "ddgs",
            "proxy_configured": false,
            "timeout_seconds": 30.0,
            "duration_ms": 2025,
            "ok": true,
            "endpoint": "ddgs",
            "status": 200,
            "result_count": 5
          }
        ]
      },
      {
        "url": "https://html.duckduckgo.com/html/?q=creator+of+AllMusic+database",
        "query": "creator of AllMusic database",
        "cache_hit": false,
        "duration_ms": 1932,
        "used_ddgs": true,
        "used_legacy_fallback": false,
        "used_direct_fallback": false,
        "used_lite_fallback": false,
        "failed": false,
        "backend": "ddgs",
        "attempts": [
          {
            "attempt": 1,
            "path": "ddgs",
            "proxy_configured": false,
            "timeout_seconds": 30.0,
            "duration_ms": 1932,
            "ok": true,
            "endpoint": "ddgs",
            "status": 200,
            "result_count": 5
          }
        ]
      },
      {
        "url": "https://html.duckduckgo.com/html/?q=who+founded+AllMusic",
        "query": "who founded AllMusic",
        "cache_hit": false,
        "duration_ms": 1229,
        "used_ddgs": true,
        "used_legacy_fallback": false,
        "used_direct_fallback": false,
        "used_lite_fallback": false,
        "failed": false,
        "backend": "ddgs",
        "attempts": [
          {
            "attempt": 1,
            "path": "ddgs",
            "proxy_configured": false,
            "timeout_seconds": 30.0,
            "duration_ms": 1229,
            "ok": true,
            "endpoint": "ddgs",
            "status": 200,
            "result_count": 5
          }
        ]
      },
      {
        "url": "https://html.duckduckgo.com/html/?q=In+what+year+was+the+AllMusic+website+launched%3F",
        "query": "In what year was the AllMusic website launched?",
        "cache_hit": false,
        "duration_ms": 978,
        "used_ddgs": true,
        "used_legacy_fallback": false,
        "used_direct_fallback": false,
        "used_lite_fallback": false,
        "failed": false,
        "backend": "ddgs",
        "attempts": [
          {
            "attempt": 1,
            "path": "ddgs",
            "proxy_configured": false,
            "timeout_seconds": 30.0,
            "duration_ms": 978,
            "ok": true,
            "endpoint": "ddgs",
            "status": 200,
            "result_count": 5
          }
        ]
      },
      {
        "url": "https://html.duckduckgo.com/html/?q=AllMusic+launch+year",
        "query": "AllMusic launch year",
        "cache_hit": false,
        "duration_ms": 1439,
        "used_ddgs": true,
        "used_legacy_fallback": false,
        "used_direct_fallback": false,
        "used_lite_fallback": false,
        "failed": false,
        "backend": "ddgs",
        "attempts": [
          {
            "attempt": 1,
            "path": "ddgs",
            "proxy_configured": false,
            "timeout_seconds": 30.0,
            "duration_ms": 1439,
            "ok": true,
            "endpoint": "ddgs",
            "status": 200,
            "result_count": 5
          }
        ]
      },
      {
        "url": "https://html.duckduckgo.com/html/?q=when+was+AllMusic+started",
        "query": "when was AllMusic started",
        "cache_hit": false,
        "duration_ms": 2140,
        "used_ddgs": true,
        "used_legacy_fallback": false,
        "used_direct_fallback": false,
        "used_lite_fallback": false,
        "failed": false,
        "backend": "ddgs",
        "attempts": [
          {
            "attempt": 1,
            "path": "ddgs",
            "proxy_configured": false,
            "timeout_seconds": 30.0,
            "duration_ms": 2140,
            "ok": true,
            "endpoint": "ddgs",
            "status": 200,
            "result_count": 5
          }
        ]
      },
      {
        "url": "https://html.duckduckgo.com/html/?q=What+is+the+type+of+site+that+AllMusic+is+classified+as%3F",
        "query": "What is the type of site that AllMusic is classified as?",
        "cache_hit": false,
        "duration_ms": 845,
        "used_ddgs": true,
        "used_legacy_fallback": false,
        "used_direct_fallback": false,
        "used_lite_fallback": false,
        "failed": false,
        "backend": "ddgs",
        "attempts": [
          {
            "attempt": 1,
            "path": "ddgs",
            "proxy_configured": false,
            "timeout_seconds": 30.0,
            "duration_ms": 845,
            "ok": true,
            "endpoint": "ddgs",
            "status": 200,
            "result_count": 5
          }
        ]
      },
      {
        "url": "https://html.duckduckgo.com/html/?q=AllMusic+website+classification",
        "query": "AllMusic website classification",
        "cache_hit": false,
        "duration_ms": 1225,
        "used_ddgs": true,
        "used_legacy_fallback": false,
        "used_direct_fallback": false,
        "used_lite_fallback": false,
        "failed": false,
        "backend": "ddgs",
        "attempts": [
          {
            "attempt": 1,
            "path": "ddgs",
            "proxy_configured": false,
            "timeout_seconds": 30.0,
            "duration_ms": 1225,
            "ok": true,
            "endpoint": "ddgs",
            "status": 200,
            "result_count": 5
          }
        ]
      },
      {
        "url": "https://html.duckduckgo.com/html/?q=type+of+site+AllMusic",
        "query": "type of site AllMusic",
        "cache_hit": false,
        "duration_ms": 1527,
        "used_ddgs": true,
        "used_legacy_fallback": false,
        "used_direct_fallback": false,
        "used_lite_fallback": false,
        "failed": false,
        "backend": "ddgs",
        "attempts": [
          {
            "attempt": 1,
            "path": "ddgs",
            "proxy_configured": false,
            "timeout_seconds": 30.0,
            "duration_ms": 1527,
            "ok": true,
            "endpoint": "ddgs",
            "status": 200,
            "result_count": 5
          }
        ]
      },
      {
        "url": "https://html.duckduckgo.com/html/?q=central+bank+issuing+Renminbi",
        "query": "central bank issuing Renminbi",
        "cache_hit": false,
        "duration_ms": 1389,
        "used_ddgs": true,
        "used_legacy_fallback": false,
        "used_direct_fallback": false,
        "used_lite_fallback": false,
        "failed": false,
        "backend": "ddgs",
        "attempts": [
          {
            "attempt": 1,
            "path": "ddgs",
            "proxy_configured": false,
            "timeout_seconds": 30.0,
            "duration_ms": 1389,
            "ok": true,
            "endpoint": "ddgs",
            "status": 200,
            "result_count": 5
          }
        ]
      },
      {
        "url": "https://html.duckduckgo.com/html/?q=issuer+of+official+currency+of+China",
        "query": "issuer of official currency of China",
        "cache_hit": false,
        "duration_ms": 1563,
        "used_ddgs": true,
        "used_legacy_fallback": false,
        "used_direct_fallback": false,
        "used_lite_fallback": false,
        "failed": false,
        "backend": "ddgs",
        "attempts": [
          {
            "attempt": 1,
            "path": "ddgs",
            "proxy_configured": false,
            "timeout_seconds": 30.0,
            "duration_ms": 1563,
            "ok": true,
            "endpoint": "ddgs",
            "status": 200,
            "result_count": 5
          }
        ]
      },
      {
        "url": "https://html.duckduckgo.com/html/?q=Who+is+the+central+bank+responsible+for+issuing+the+official+currency+of+the+People%27s+Republic+of+China%3F",
        "query": "Who is the central bank responsible for issuing the official currency of the People's Republic of China?",
        "cache_hit": false,
        "duration_ms": 1965,
        "used_ddgs": true,
        "used_legacy_fallback": false,
        "used_direct_fallback": false,
        "used_lite_fallback": false,
        "failed": false,
        "backend": "ddgs",
        "attempts": [
          {
            "attempt": 1,
            "path": "ddgs",
            "proxy_configured": false,
            "timeout_seconds": 30.0,
            "duration_ms": 1965,
            "ok": true,
            "endpoint": "ddgs",
            "status": 200,
            "result_count": 5
          }
        ]
      },
      {
        "url": "https://html.duckduckgo.com/html/?q=What+is+the+ISO+4217+numeric+code+for+the+Renminbi+currency%3F",
        "query": "What is the ISO 4217 numeric code for the Renminbi currency?",
        "cache_hit": false,
        "duration_ms": 648,
        "used_ddgs": true,
        "used_legacy_fallback": false,
        "used_direct_fallback": false,
        "used_lite_fallback": false,
        "failed": false,
        "backend": "ddgs",
        "attempts": [
          {
            "attempt": 1,
            "path": "ddgs",
            "proxy_configured": false,
            "timeout_seconds": 30.0,
            "duration_ms": 648,
            "ok": true,
            "endpoint": "ddgs",
            "status": 200,
            "result_count": 5
          }
        ]
      },
      {
        "url": "https://html.duckduckgo.com/html/?q=What+month%2C+day%2C+and+year+was+the+ARD+broadcaster+launched%3F",
        "query": "What month, day, and year was the ARD broadcaster launched?",
        "cache_hit": false,
        "duration_ms": 582,
        "used_ddgs": true,
        "used_legacy_fallback": false,
        "used_direct_fallback": false,
        "used_lite_fallback": false,
        "failed": false,
        "backend": "ddgs",
        "attempts": [
          {
            "attempt": 1,
            "path": "ddgs",
            "proxy_configured": false,
            "timeout_seconds": 30.0,
            "duration_ms": 582,
            "ok": true,
            "endpoint": "ddgs",
            "status": 200,
            "result_count": 5
          }
        ]
      },
      {
        "url": "https://html.duckduckgo.com/html/?q=ISO+4217+numeric+code+for+Renminbi",
        "query": "ISO 4217 numeric code for Renminbi",
        "cache_hit": false,
        "duration_ms": 975,
        "used_ddgs": true,
        "used_legacy_fallback": false,
        "used_direct_fallback": false,
        "used_lite_fallback": false,
        "failed": false,
        "backend": "ddgs",
        "attempts": [
          {
            "attempt": 1,
            "path": "ddgs",
            "proxy_configured": false,
            "timeout_seconds": 30.0,
            "duration_ms": 975,
            "ok": true,
            "endpoint": "ddgs",
            "status": 200,
            "result_count": 5
          }
        ]
      },
      {
        "url": "https://html.duckduckgo.com/html/?q=Renminbi+currency+numeric+code",
        "query": "Renminbi currency numeric code",
        "cache_hit": false,
        "duration_ms": 1063,
        "used_ddgs": true,
        "used_legacy_fallback": false,
        "used_direct_fallback": false,
        "used_lite_fallback": false,
        "failed": false,
        "backend": "ddgs",
        "attempts": [
          {
            "attempt": 1,
            "path": "ddgs",
            "proxy_configured": false,
            "timeout_seconds": 30.0,
            "duration_ms": 1063,
            "ok": true,
            "endpoint": "ddgs",
            "status": 200,
            "result_count": 5
          }
        ]
      },
      {
        "url": "https://html.duckduckgo.com/html/?q=What+year+was+the+Renminbi+officially+introduced%3F",
        "query": "What year was the Renminbi officially introduced?",
        "cache_hit": false,
        "duration_ms": 707,
        "used_ddgs": true,
        "used_legacy_fallback": false,
        "used_direct_fallback": false,
        "used_lite_fallback": false,
        "failed": false,
        "backend": "ddgs",
        "attempts": [
          {
            "attempt": 1,
            "path": "ddgs",
            "proxy_configured": false,
            "timeout_seconds": 30.0,
            "duration_ms": 707,
            "ok": true,
            "endpoint": "ddgs",
            "status": 200,
            "result_count": 5
          }
        ]
      },
      {
        "url": "https://html.duckduckgo.com/html/?q=ARD+broadcaster+launch+date",
        "query": "ARD broadcaster launch date",
        "cache_hit": false,
        "duration_ms": 1382,
        "used_ddgs": true,
        "used_legacy_fallback": false,
        "used_direct_fallback": false,
        "used_lite_fallback": false,
        "failed": false,
        "backend": "ddgs",
        "attempts": [
          {
            "attempt": 1,
            "path": "ddgs",
            "proxy_configured": false,
            "timeout_seconds": 30.0,
            "duration_ms": 1382,
            "ok": true,
            "endpoint": "ddgs",
            "status": 200,
            "result_count": 5
          }
        ]
      },
      {
        "url": "https://html.duckduckgo.com/html/?q=year+Renminbi+introduced",
        "query": "year Renminbi introduced",
        "cache_hit": false,
        "duration_ms": 1183,
        "used_ddgs": true,
        "used_legacy_fallback": false,
        "used_direct_fallback": false,
        "used_lite_fallback": false,
        "failed": false,
        "backend": "ddgs",
        "attempts": [
          {
            "attempt": 1,
            "path": "ddgs",
            "proxy_configured": false,
            "timeout_seconds": 30.0,
            "duration_ms": 1183,
            "ok": true,
            "endpoint": "ddgs",
            "status": 200,
            "result_count": 5
          }
        ]
      },
      {
        "url": "https://html.duckduckgo.com/html/?q=ARD+founding+date",
        "query": "ARD founding date",
        "cache_hit": false,
        "duration_ms": 1456,
        "used_ddgs": true,
        "used_legacy_fallback": false,
        "used_direct_fallback": false,
        "used_lite_fallback": false,
        "failed": false,
        "backend": "ddgs",
        "attempts": [
          {
            "attempt": 1,
            "path": "ddgs",
            "proxy_configured": false,
            "timeout_seconds": 30.0,
            "duration_ms": 1456,
            "ok": true,
            "endpoint": "ddgs",
            "status": 200,
            "result_count": 5
          }
        ]
      },
      {
        "url": "https://html.duckduckgo.com/html/?q=Chivas+USA+home+stadium+city",
        "query": "Chivas USA home stadium city",
        "cache_hit": false,
        "duration_ms": 1068,
        "used_ddgs": true,
        "used_legacy_fallback": false,
        "used_direct_fallback": false,
        "used_lite_fallback": false,
        "failed": false,
        "backend": "ddgs",
        "attempts": [
          {
            "attempt": 1,
            "path": "ddgs",
            "proxy_configured": false,
            "timeout_seconds": 30.0,
            "duration_ms": 1068,
            "ok": true,
            "endpoint": "ddgs",
            "status": 200,
            "result_count": 5
          }
        ]
      },
      {
        "url": "https://html.duckduckgo.com/html/?q=Location+of+StubHub+Center",
        "query": "Location of StubHub Center",
        "cache_hit": false,
        "duration_ms": 1104,
        "used_ddgs": true,
        "used_legacy_fallback": false,
        "used_direct_fallback": false,
        "used_lite_fallback": false,
        "failed": false,
        "backend": "ddgs",
        "attempts": [
          {
            "attempt": 1,
            "path": "ddgs",
            "proxy_configured": false,
            "timeout_seconds": 30.0,
            "duration_ms": 1104,
            "ok": true,
            "endpoint": "ddgs",
            "status": 200,
            "result_count": 5
          }
        ]
      },
      {
        "url": "https://html.duckduckgo.com/html/?q=What+city+was+the+home+stadium+of+Chivas+USA+located+in%3F",
        "query": "What city was the home stadium of Chivas USA located in?",
        "cache_hit": false,
        "duration_ms": 1783,
        "used_ddgs": true,
        "used_legacy_fallback": false,
        "used_direct_fallback": false,
        "used_lite_fallback": false,
        "failed": false,
        "backend": "ddgs",
        "attempts": [
          {
            "attempt": 1,
            "path": "ddgs",
            "proxy_configured": false,
            "timeout_seconds": 30.0,
            "duration_ms": 1783,
            "ok": true,
            "endpoint": "ddgs",
            "status": 200,
            "result_count": 5
          }
        ]
      },
      {
        "url": "https://html.duckduckgo.com/html/?q=Chivas+USA+dissolution+date",
        "query": "Chivas USA dissolution date",
        "cache_hit": false,
        "duration_ms": 962,
        "used_ddgs": true,
        "used_legacy_fallback": false,
        "used_direct_fallback": false,
        "used_lite_fallback": false,
        "failed": false,
        "backend": "ddgs",
        "attempts": [
          {
            "attempt": 1,
            "path": "ddgs",
            "proxy_configured": false,
            "timeout_seconds": 30.0,
            "duration_ms": 962,
            "ok": true,
            "endpoint": "ddgs",
            "status": 200,
            "result_count": 5
          }
        ]
      },
      {
        "url": "https://html.duckduckgo.com/html/?q=date+of+introduction+of+Renminbi",
        "query": "date of introduction of Renminbi",
        "cache_hit": false,
        "duration_ms": 3493,
        "used_ddgs": true,
        "used_legacy_fallback": false,
        "used_direct_fallback": false,
        "used_lite_fallback": false,
        "failed": false,
        "backend": "ddgs",
        "attempts": [
          {
            "attempt": 1,
            "path": "ddgs",
            "proxy_configured": false,
            "timeout_seconds": 30.0,
            "duration_ms": 3493,
            "ok": true,
            "endpoint": "ddgs",
            "status": 200,
            "result_count": 5
          }
        ]
      },
      {
        "url": "https://html.duckduckgo.com/html/?q=When+was+Chivas+USA+dissolved",
        "query": "When was Chivas USA dissolved",
        "cache_hit": false,
        "duration_ms": 1571,
        "used_ddgs": true,
        "used_legacy_fallback": false,
        "used_direct_fallback": false,
        "used_lite_fallback": false,
        "failed": false,
        "backend": "ddgs",
        "attempts": [
          {
            "attempt": 1,
            "path": "ddgs",
            "proxy_configured": false,
            "timeout_seconds": 30.0,
            "duration_ms": 1571,
            "ok": true,
            "endpoint": "ddgs",
            "status": 200,
            "result_count": 5
          }
        ]
      },
      {
        "url": "https://html.duckduckgo.com/html/?q=What+month%2C+day%2C+and+year+was+Chivas+USA+dissolved%3F",
        "query": "What month, day, and year was Chivas USA dissolved?",
        "cache_hit": false,
        "duration_ms": 1780,
        "used_ddgs": true,
        "used_legacy_fallback": false,
        "used_direct_fallback": false,
        "used_lite_fallback": false,
        "failed": false,
        "backend": "ddgs",
        "attempts": [
          {
            "attempt": 1,
            "path": "ddgs",
            "proxy_configured": false,
            "timeout_seconds": 30.0,
            "duration_ms": 1780,
            "ok": true,
            "endpoint": "ddgs",
            "status": 200,
            "result_count": 5
          }
        ]
      },
      {
        "url": "https://html.duckduckgo.com/html/?q=What+is+the+full+official+name+of+the+soccer+club+known+as+Chivas+USA%3F",
        "query": "What is the full official name of the soccer club known as Chivas USA?",
        "cache_hit": false,
        "duration_ms": 691,
        "used_ddgs": true,
        "used_legacy_fallback": false,
        "used_direct_fallback": false,
        "used_lite_fallback": false,
        "failed": false,
        "backend": "ddgs",
        "attempts": [
          {
            "attempt": 1,
            "path": "ddgs",
            "proxy_configured": false,
            "timeout_seconds": 30.0,
            "duration_ms": 691,
            "ok": true,
            "endpoint": "ddgs",
            "status": 200,
            "result_count": 5
          }
        ]
      },
      {
        "url": "https://html.duckduckgo.com/html/?q=Full+name+of+Chivas+USA",
        "query": "Full name of Chivas USA",
        "cache_hit": false,
        "duration_ms": 1292,
        "used_ddgs": true,
        "used_legacy_fallback": false,
        "used_direct_fallback": false,
        "used_lite_fallback": false,
        "failed": false,
        "backend": "ddgs",
        "attempts": [
          {
            "attempt": 1,
            "path": "ddgs",
            "proxy_configured": false,
            "timeout_seconds": 30.0,
            "duration_ms": 1292,
            "ok": true,
            "endpoint": "ddgs",
            "status": 200,
            "result_count": 5
          }
        ]
      },
      {
        "url": "https://html.duckduckgo.com/html/?q=Official+club+name+of+Chivas+USA",
        "query": "Official club name of Chivas USA",
        "cache_hit": false,
        "duration_ms": 2390,
        "used_ddgs": true,
        "used_legacy_fallback": false,
        "used_direct_fallback": false,
        "used_lite_fallback": false,
        "failed": false,
        "backend": "ddgs",
        "attempts": [
          {
            "attempt": 1,
            "path": "ddgs",
            "proxy_configured": false,
            "timeout_seconds": 30.0,
            "duration_ms": 2390,
            "ok": true,
            "endpoint": "ddgs",
            "status": 200,
            "result_count": 5
          }
        ]
      },
      {
        "url": "https://html.duckduckgo.com/html/?q=unit+name+of+Chinese+currency+Renminbi",
        "query": "unit name of Chinese currency Renminbi",
        "cache_hit": false,
        "duration_ms": 890,
        "used_ddgs": true,
        "used_legacy_fallback": false,
        "used_direct_fallback": false,
        "used_lite_fallback": false,
        "failed": false,
        "backend": "ddgs",
        "attempts": [
          {
            "attempt": 1,
            "path": "ddgs",
            "proxy_configured": false,
            "timeout_seconds": 30.0,
            "duration_ms": 890,
            "ok": true,
            "endpoint": "ddgs",
            "status": 200,
            "result_count": 5
          }
        ]
      },
      {
        "url": "https://html.duckduckgo.com/html/?q=What+is+the+basic+unit+name+of+the+Renminbi+currency%3F",
        "query": "What is the basic unit name of the Renminbi currency?",
        "cache_hit": false,
        "duration_ms": 1025,
        "used_ddgs": true,
        "used_legacy_fallback": false,
        "used_direct_fallback": false,
        "used_lite_fallback": false,
        "failed": false,
        "backend": "ddgs",
        "attempts": [
          {
            "attempt": 1,
            "path": "ddgs",
            "proxy_configured": false,
            "timeout_seconds": 30.0,
            "duration_ms": 1025,
            "ok": true,
            "endpoint": "ddgs",
            "status": 200,
            "result_count": 5
          }
        ]
      },
      {
        "url": "https://html.duckduckgo.com/html/?q=basic+unit+of+Renminbi",
        "query": "basic unit of Renminbi",
        "cache_hit": false,
        "duration_ms": 1035,
        "used_ddgs": true,
        "used_legacy_fallback": false,
        "used_direct_fallback": false,
        "used_lite_fallback": false,
        "failed": false,
        "backend": "ddgs",
        "attempts": [
          {
            "attempt": 1,
            "path": "ddgs",
            "proxy_configured": false,
            "timeout_seconds": 30.0,
            "duration_ms": 1035,
            "ok": true,
            "endpoint": "ddgs",
            "status": 200,
            "result_count": 5
          }
        ]
      },
      {
        "url": "https://html.duckduckgo.com/html/?q=Who+wrote+High+Noon+screenplay+1952",
        "query": "Who wrote High Noon screenplay 1952",
        "cache_hit": false,
        "duration_ms": 2116,
        "used_ddgs": true,
        "used_legacy_fallback": false,
        "used_direct_fallback": false,
        "used_lite_fallback": false,
        "failed": false,
        "backend": "ddgs",
        "attempts": [
          {
            "attempt": 1,
            "path": "ddgs",
            "proxy_configured": false,
            "timeout_seconds": 30.0,
            "duration_ms": 2116,
            "ok": true,
            "endpoint": "ddgs",
            "status": 200,
            "result_count": 5
          }
        ]
      },
      {
        "url": "https://html.duckduckgo.com/html/?q=Who+wrote+the+screenplay+for+the+1952+film+High+Noon%3F",
        "query": "Who wrote the screenplay for the 1952 film High Noon?",
        "cache_hit": false,
        "duration_ms": 2154,
        "used_ddgs": true,
        "used_legacy_fallback": false,
        "used_direct_fallback": false,
        "used_lite_fallback": false,
        "failed": false,
        "backend": "ddgs",
        "attempts": [
          {
            "attempt": 1,
            "path": "ddgs",
            "proxy_configured": false,
            "timeout_seconds": 30.0,
            "duration_ms": 2154,
            "ok": true,
            "endpoint": "ddgs",
            "status": 200,
            "result_count": 5
          }
        ]
      },
      {
        "url": "https://html.duckduckgo.com/html/?q=High+Noon+1952+screenplay+writer",
        "query": "High Noon 1952 screenplay writer",
        "cache_hit": false,
        "duration_ms": 2830,
        "used_ddgs": true,
        "used_legacy_fallback": false,
        "used_direct_fallback": false,
        "used_lite_fallback": false,
        "failed": false,
        "backend": "ddgs",
        "attempts": [
          {
            "attempt": 1,
            "path": "ddgs",
            "proxy_configured": false,
            "timeout_seconds": 30.0,
            "duration_ms": 2830,
            "ok": true,
            "endpoint": "ddgs",
            "status": 200,
            "result_count": 5
          }
        ]
      },
      {
        "url": "https://html.duckduckgo.com/html/?q=What+is+the+running+time+in+minutes+of+the+1952+film+High+Noon%3F",
        "query": "What is the running time in minutes of the 1952 film High Noon?",
        "cache_hit": false,
        "duration_ms": 704,
        "used_ddgs": true,
        "used_legacy_fallback": false,
        "used_direct_fallback": false,
        "used_lite_fallback": false,
        "failed": false,
        "backend": "ddgs",
        "attempts": [
          {
            "attempt": 1,
            "path": "ddgs",
            "proxy_configured": false,
            "timeout_seconds": 30.0,
            "duration_ms": 704,
            "ok": true,
            "endpoint": "ddgs",
            "status": 200,
            "result_count": 5
          }
        ]
      },
      {
        "url": "https://html.duckduckgo.com/html/?q=Duration+of+High+Noon+1952+film+in+minutes",
        "query": "Duration of High Noon 1952 film in minutes",
        "cache_hit": false,
        "duration_ms": 907,
        "used_ddgs": true,
        "used_legacy_fallback": false,
        "used_direct_fallback": false,
        "used_lite_fallback": false,
        "failed": false,
        "backend": "ddgs",
        "attempts": [
          {
            "attempt": 1,
            "path": "ddgs",
            "proxy_configured": false,
            "timeout_seconds": 30.0,
            "duration_ms": 907,
            "ok": true,
            "endpoint": "ddgs",
            "status": 200,
            "result_count": 5
          }
        ]
      },
      {
        "url": "https://html.duckduckgo.com/html/?q=High+Noon+1952+running+time+minutes",
        "query": "High Noon 1952 running time minutes",
        "cache_hit": false,
        "duration_ms": 1046,
        "used_ddgs": true,
        "used_legacy_fallback": false,
        "used_direct_fallback": false,
        "used_lite_fallback": false,
        "failed": false,
        "backend": "ddgs",
        "attempts": [
          {
            "attempt": 1,
            "path": "ddgs",
            "proxy_configured": false,
            "timeout_seconds": 30.0,
            "duration_ms": 1046,
            "ok": true,
            "endpoint": "ddgs",
            "status": 200,
            "result_count": 5
          }
        ]
      },
      {
        "url": "https://html.duckduckgo.com/html/?q=What+month%2C+day%2C+and+year+was+the+film+High+Noon+released%3F",
        "query": "What month, day, and year was the film High Noon released?",
        "cache_hit": false,
        "duration_ms": 1130,
        "used_ddgs": true,
        "used_legacy_fallback": false,
        "used_direct_fallback": false,
        "used_lite_fallback": false,
        "failed": false,
        "backend": "ddgs",
        "attempts": [
          {
            "attempt": 1,
            "path": "ddgs",
            "proxy_configured": false,
            "timeout_seconds": 30.0,
            "duration_ms": 1130,
            "ok": true,
            "endpoint": "ddgs",
            "status": 200,
            "result_count": 5
          }
        ]
      },
      {
        "url": "https://html.duckduckgo.com/html/?q=When+was+High+Noon+1952+film+released",
        "query": "When was High Noon 1952 film released",
        "cache_hit": false,
        "duration_ms": 1411,
        "used_ddgs": true,
        "used_legacy_fallback": false,
        "used_direct_fallback": false,
        "used_lite_fallback": false,
        "failed": false,
        "backend": "ddgs",
        "attempts": [
          {
            "attempt": 1,
            "path": "ddgs",
            "proxy_configured": false,
            "timeout_seconds": 30.0,
            "duration_ms": 1411,
            "ok": true,
            "endpoint": "ddgs",
            "status": 200,
            "result_count": 5
          }
        ]
      },
      {
        "url": "https://html.duckduckgo.com/html/?q=High+Noon+1952+release+date",
        "query": "High Noon 1952 release date",
        "cache_hit": false,
        "duration_ms": 1887,
        "used_ddgs": true,
        "used_legacy_fallback": false,
        "used_direct_fallback": false,
        "used_lite_fallback": false,
        "failed": false,
        "backend": "ddgs",
        "attempts": [
          {
            "attempt": 1,
            "path": "ddgs",
            "proxy_configured": false,
            "timeout_seconds": 30.0,
            "duration_ms": 1887,
            "ok": true,
            "endpoint": "ddgs",
            "status": 200,
            "result_count": 5
          }
        ]
      },
      {
        "url": "https://html.duckduckgo.com/html/?q=Uncut+magazine+editor",
        "query": "Uncut magazine editor",
        "cache_hit": false,
        "duration_ms": 835,
        "used_ddgs": true,
        "used_legacy_fallback": false,
        "used_direct_fallback": false,
        "used_lite_fallback": false,
        "failed": false,
        "backend": "ddgs",
        "attempts": [
          {
            "attempt": 1,
            "path": "ddgs",
            "proxy_configured": false,
            "timeout_seconds": 30.0,
            "duration_ms": 835,
            "ok": true,
            "endpoint": "ddgs",
            "status": 200,
            "result_count": 5
          }
        ]
      },
      {
        "url": "https://html.duckduckgo.com/html/?q=Who+is+the+editor+of+Uncut+magazine%3F",
        "query": "Who is the editor of Uncut magazine?",
        "cache_hit": false,
        "duration_ms": 1370,
        "used_ddgs": true,
        "used_legacy_fallback": false,
        "used_direct_fallback": false,
        "used_lite_fallback": false,
        "failed": false,
        "backend": "ddgs",
        "attempts": [
          {
            "attempt": 1,
            "path": "ddgs",
            "proxy_configured": false,
            "timeout_seconds": 30.0,
            "duration_ms": 1370,
            "ok": true,
            "endpoint": "ddgs",
            "status": 200,
            "result_count": 5
          }
        ]
      },
      {
        "url": "https://html.duckduckgo.com/html/?q=What+is+the+name+of+the+production+company+behind+the+1952+film+High+Noon%3F",
        "query": "What is the name of the production company behind the 1952 film High Noon?",
        "cache_hit": false,
        "duration_ms": 574,
        "used_ddgs": true,
        "used_legacy_fallback": false,
        "used_direct_fallback": false,
        "used_lite_fallback": false,
        "failed": false,
        "backend": "ddgs",
        "attempts": [
          {
            "attempt": 1,
            "path": "ddgs",
            "proxy_configured": false,
            "timeout_seconds": 30.0,
            "duration_ms": 574,
            "ok": true,
            "endpoint": "ddgs",
            "status": 200,
            "result_count": 5
          }
        ]
      },
      {
        "url": "https://html.duckduckgo.com/html/?q=High+Noon+1952+production+company",
        "query": "High Noon 1952 production company",
        "cache_hit": false,
        "duration_ms": 1349,
        "used_ddgs": true,
        "used_legacy_fallback": false,
        "used_direct_fallback": false,
        "used_lite_fallback": false,
        "failed": false,
        "backend": "ddgs",
        "attempts": [
          {
            "attempt": 1,
            "path": "ddgs",
            "proxy_configured": false,
            "timeout_seconds": 30.0,
            "duration_ms": 1349,
            "ok": true,
            "endpoint": "ddgs",
            "status": 200,
            "result_count": 5
          }
        ]
      },
      {
        "url": "https://html.duckduckgo.com/html/?q=editor+of+Uncut+magazine",
        "query": "editor of Uncut magazine",
        "cache_hit": false,
        "duration_ms": 1916,
        "used_ddgs": true,
        "used_legacy_fallback": false,
        "used_direct_fallback": false,
        "used_lite_fallback": false,
        "failed": false,
        "backend": "ddgs",
        "attempts": [
          {
            "attempt": 1,
            "path": "ddgs",
            "proxy_configured": false,
            "timeout_seconds": 30.0,
            "duration_ms": 1916,
            "ok": true,
            "endpoint": "ddgs",
            "status": 200,
            "result_count": 5
          }
        ]
      },
      {
        "url": "https://html.duckduckgo.com/html/?q=What+month+and+year+was+the+first+Young+Artist+Award+ceremony+held%3F",
        "query": "What month and year was the first Young Artist Award ceremony held?",
        "cache_hit": false,
        "duration_ms": 1306,
        "used_ddgs": true,
        "used_legacy_fallback": false,
        "used_direct_fallback": false,
        "used_lite_fallback": false,
        "failed": false,
        "backend": "ddgs",
        "attempts": [
          {
            "attempt": 1,
            "path": "ddgs",
            "proxy_configured": false,
            "timeout_seconds": 30.0,
            "duration_ms": 1306,
            "ok": true,
            "endpoint": "ddgs",
            "status": 200,
            "result_count": 5
          }
        ]
      },
      {
        "url": "https://html.duckduckgo.com/html/?q=What+month+and+year+was+the+first+issue+of+Uncut+magazine+published%3F",
        "query": "What month and year was the first issue of Uncut magazine published?",
        "cache_hit": false,
        "duration_ms": 1166,
        "used_ddgs": true,
        "used_legacy_fallback": false,
        "used_direct_fallback": false,
        "used_lite_fallback": false,
        "failed": false,
        "backend": "ddgs",
        "attempts": [
          {
            "attempt": 1,
            "path": "ddgs",
            "proxy_configured": false,
            "timeout_seconds": 30.0,
            "duration_ms": 1166,
            "ok": true,
            "endpoint": "ddgs",
            "status": 200,
            "result_count": 5
          }
        ]
      },
      {
        "url": "https://html.duckduckgo.com/html/?q=Who+produced+High+Noon+1952+film",
        "query": "Who produced High Noon 1952 film",
        "cache_hit": false,
        "duration_ms": 2978,
        "used_ddgs": true,
        "used_legacy_fallback": false,
        "used_direct_fallback": false,
        "used_lite_fallback": false,
        "failed": false,
        "backend": "ddgs",
        "attempts": [
          {
            "attempt": 1,
            "path": "ddgs",
            "proxy_configured": false,
            "timeout_seconds": 30.0,
            "duration_ms": 2978,
            "ok": true,
            "endpoint": "ddgs",
            "status": 200,
            "result_count": 5
          }
        ]
      },
      {
        "url": "https://html.duckduckgo.com/html/?q=when+was+the+first+Youth+in+Film+Award+given",
        "query": "when was the first Youth in Film Award given",
        "cache_hit": false,
        "duration_ms": 2341,
        "used_ddgs": true,
        "used_legacy_fallback": false,
        "used_direct_fallback": false,
        "used_lite_fallback": false,
        "failed": false,
        "backend": "ddgs",
        "attempts": [
          {
            "attempt": 1,
            "path": "ddgs",
            "proxy_configured": false,
            "timeout_seconds": 30.0,
            "duration_ms": 2341,
            "ok": true,
            "endpoint": "ddgs",
            "status": 200,
            "result_count": 5
          }
        ]
      },
      {
        "url": "https://html.duckduckgo.com/html/?q=date+of+first+Young+Artist+Award+ceremony",
        "query": "date of first Young Artist Award ceremony",
        "cache_hit": false,
        "duration_ms": 2582,
        "used_ddgs": true,
        "used_legacy_fallback": false,
        "used_direct_fallback": false,
        "used_lite_fallback": false,
        "failed": false,
        "backend": "ddgs",
        "attempts": [
          {
            "attempt": 1,
            "path": "ddgs",
            "proxy_configured": false,
            "timeout_seconds": 30.0,
            "duration_ms": 2582,
            "ok": true,
            "endpoint": "ddgs",
            "status": 200,
            "result_count": 5
          }
        ]
      },
      {
        "url": "https://html.duckduckgo.com/html/?q=when+was+Uncut+magazine+first+published",
        "query": "when was Uncut magazine first published",
        "cache_hit": false,
        "duration_ms": 929,
        "used_ddgs": true,
        "used_legacy_fallback": false,
        "used_direct_fallback": false,
        "used_lite_fallback": false,
        "failed": false,
        "backend": "ddgs",
        "attempts": [
          {
            "attempt": 1,
            "path": "ddgs",
            "proxy_configured": false,
            "timeout_seconds": 30.0,
            "duration_ms": 929,
            "ok": true,
            "endpoint": "ddgs",
            "status": 200,
            "result_count": 5
          }
        ]
      },
      {
        "url": "https://html.duckduckgo.com/html/?q=Uncut+magazine+first+issue+date",
        "query": "Uncut magazine first issue date",
        "cache_hit": false,
        "duration_ms": 2087,
        "used_ddgs": true,
        "used_legacy_fallback": false,
        "used_direct_fallback": false,
        "used_lite_fallback": false,
        "failed": false,
        "backend": "ddgs",
        "attempts": [
          {
            "attempt": 1,
            "path": "ddgs",
            "proxy_configured": false,
            "timeout_seconds": 30.0,
            "duration_ms": 2087,
            "ok": true,
            "endpoint": "ddgs",
            "status": 200,
            "result_count": 5
          }
        ]
      },
      {
        "url": "https://html.duckduckgo.com/html/?q=Bart+Simpson+voice+actor",
        "query": "Bart Simpson voice actor",
        "cache_hit": false,
        "duration_ms": 1710,
        "used_ddgs": true,
        "used_legacy_fallback": false,
        "used_direct_fallback": false,
        "used_lite_fallback": false,
        "failed": false,
        "backend": "ddgs",
        "attempts": [
          {
            "attempt": 1,
            "path": "ddgs",
            "proxy_configured": false,
            "timeout_seconds": 30.0,
            "duration_ms": 1710,
            "ok": true,
            "endpoint": "ddgs",
            "status": 200,
            "result_count": 5
          }
        ]
      },
      {
        "url": "https://html.duckduckgo.com/html/?q=Who+voices+Bart+Simpson+character",
        "query": "Who voices Bart Simpson character",
        "cache_hit": false,
        "duration_ms": 1359,
        "used_ddgs": true,
        "used_legacy_fallback": false,
        "used_direct_fallback": false,
        "used_lite_fallback": false,
        "failed": false,
        "backend": "ddgs",
        "attempts": [
          {
            "attempt": 1,
            "path": "ddgs",
            "proxy_configured": false,
            "timeout_seconds": 30.0,
            "duration_ms": 1359,
            "ok": true,
            "endpoint": "ddgs",
            "status": 200,
            "result_count": 5
          }
        ]
      },
      {
        "url": "https://html.duckduckgo.com/html/?q=Who+is+the+voice+actor+of+Bart+Simpson%3F",
        "query": "Who is the voice actor of Bart Simpson?",
        "cache_hit": false,
        "duration_ms": 2028,
        "used_ddgs": true,
        "used_legacy_fallback": false,
        "used_direct_fallback": false,
        "used_lite_fallback": false,
        "failed": false,
        "backend": "ddgs",
        "attempts": [
          {
            "attempt": 1,
            "path": "ddgs",
            "proxy_configured": false,
            "timeout_seconds": 30.0,
            "duration_ms": 2028,
            "ok": true,
            "endpoint": "ddgs",
            "status": 200,
            "result_count": 5
          }
        ]
      },
      {
        "url": "https://html.duckduckgo.com/html/?q=What+is+the+official+website+of+Uncut+magazine%3F",
        "query": "What is the official website of Uncut magazine?",
        "cache_hit": false,
        "duration_ms": 825,
        "used_ddgs": true,
        "used_legacy_fallback": false,
        "used_direct_fallback": false,
        "used_lite_fallback": false,
        "failed": false,
        "backend": "ddgs",
        "attempts": [
          {
            "attempt": 1,
            "path": "ddgs",
            "proxy_configured": false,
            "timeout_seconds": 30.0,
            "duration_ms": 825,
            "ok": true,
            "endpoint": "ddgs",
            "status": 200,
            "result_count": 5
          }
        ]
      },
      {
        "url": "https://html.duckduckgo.com/html/?q=What+organization+presents+the+Young+Artist+Award%3F",
        "query": "What organization presents the Young Artist Award?",
        "cache_hit": false,
        "duration_ms": 1453,
        "used_ddgs": true,
        "used_legacy_fallback": false,
        "used_direct_fallback": false,
        "used_lite_fallback": false,
        "failed": false,
        "backend": "ddgs",
        "attempts": [
          {
            "attempt": 1,
            "path": "ddgs",
            "proxy_configured": false,
            "timeout_seconds": 30.0,
            "duration_ms": 1453,
            "ok": true,
            "endpoint": "ddgs",
            "status": 200,
            "result_count": 5
          }
        ]
      },
      {
        "url": "https://html.duckduckgo.com/html/?q=organization+presenting+Young+Artist+Award",
        "query": "organization presenting Young Artist Award",
        "cache_hit": false,
        "duration_ms": 1280,
        "used_ddgs": true,
        "used_legacy_fallback": false,
        "used_direct_fallback": false,
        "used_lite_fallback": false,
        "failed": false,
        "backend": "ddgs",
        "attempts": [
          {
            "attempt": 1,
            "path": "ddgs",
            "proxy_configured": false,
            "timeout_seconds": 30.0,
            "duration_ms": 1280,
            "ok": true,
            "endpoint": "ddgs",
            "status": 200,
            "result_count": 5
          }
        ]
      },
      {
        "url": "https://html.duckduckgo.com/html/?q=who+presents+the+Youth+in+Film+Award",
        "query": "who presents the Youth in Film Award",
        "cache_hit": false,
        "duration_ms": 1858,
        "used_ddgs": true,
        "used_legacy_fallback": false,
        "used_direct_fallback": false,
        "used_lite_fallback": false,
        "failed": false,
        "backend": "ddgs",
        "attempts": [
          {
            "attempt": 1,
            "path": "ddgs",
            "proxy_configured": false,
            "timeout_seconds": 30.0,
            "duration_ms": 1858,
            "ok": true,
            "endpoint": "ddgs",
            "status": 200,
            "result_count": 5
          }
        ]
      },
      {
        "url": "https://html.duckduckgo.com/html/?q=website+of+Uncut+magazine",
        "query": "website of Uncut magazine",
        "cache_hit": false,
        "duration_ms": 1863,
        "used_ddgs": true,
        "used_legacy_fallback": false,
        "used_direct_fallback": false,
        "used_lite_fallback": false,
        "failed": false,
        "backend": "ddgs",
        "attempts": [
          {
            "attempt": 1,
            "path": "ddgs",
            "proxy_configured": false,
            "timeout_seconds": 30.0,
            "duration_ms": 1863,
            "ok": true,
            "endpoint": "ddgs",
            "status": 200,
            "result_count": 5
          }
        ]
      },
      {
        "url": "https://html.duckduckgo.com/html/?q=Uncut+magazine+official+website",
        "query": "Uncut magazine official website",
        "cache_hit": false,
        "duration_ms": 1926,
        "used_ddgs": true,
        "used_legacy_fallback": false,
        "used_direct_fallback": false,
        "used_lite_fallback": false,
        "failed": false,
        "backend": "ddgs",
        "attempts": [
          {
            "attempt": 1,
            "path": "ddgs",
            "proxy_configured": false,
            "timeout_seconds": 30.0,
            "duration_ms": 1926,
            "ok": true,
            "endpoint": "ddgs",
            "status": 200,
            "result_count": 5
          }
        ]
      },
      {
        "url": "https://html.duckduckgo.com/html/?q=Bart+Simpson+home+city",
        "query": "Bart Simpson home city",
        "cache_hit": false,
        "duration_ms": 1260,
        "used_ddgs": true,
        "used_legacy_fallback": false,
        "used_direct_fallback": false,
        "used_lite_fallback": false,
        "failed": false,
        "backend": "ddgs",
        "attempts": [
          {
            "attempt": 1,
            "path": "ddgs",
            "proxy_configured": false,
            "timeout_seconds": 30.0,
            "duration_ms": 1260,
            "ok": true,
            "endpoint": "ddgs",
            "status": 200,
            "result_count": 5
          }
        ]
      },
      {
        "url": "https://html.duckduckgo.com/html/?q=What+is+the+city+where+Bart+Simpson%27s+home+is+located%3F",
        "query": "What is the city where Bart Simpson's home is located?",
        "cache_hit": false,
        "duration_ms": 2211,
        "used_ddgs": true,
        "used_legacy_fallback": false,
        "used_direct_fallback": false,
        "used_lite_fallback": false,
        "failed": false,
        "backend": "ddgs",
        "attempts": [
          {
            "attempt": 1,
            "path": "ddgs",
            "proxy_configured": false,
            "timeout_seconds": 30.0,
            "duration_ms": 2211,
            "ok": true,
            "endpoint": "ddgs",
            "status": 200,
            "result_count": 5
          }
        ]
      },
      {
        "url": "https://html.duckduckgo.com/html/?q=person+linked+to+Shakespearean+English+language+stage",
        "query": "person linked to Shakespearean English language stage",
        "cache_hit": false,
        "duration_ms": 1525,
        "used_ddgs": true,
        "used_legacy_fallback": false,
        "used_direct_fallback": false,
        "used_lite_fallback": false,
        "failed": false,
        "backend": "ddgs",
        "attempts": [
          {
            "attempt": 1,
            "path": "ddgs",
            "proxy_configured": false,
            "timeout_seconds": 30.0,
            "duration_ms": 1525,
            "ok": true,
            "endpoint": "ddgs",
            "status": 200,
            "result_count": 5
          }
        ]
      },
      {
        "url": "https://html.duckduckgo.com/html/?q=Which+historical+figure+is+associated+with+the+colloquial+name+of+the+stage+of+the+English+language+from+the+beginning+of+the+Tudor+period+to+the+English+Interregnum+and+Restoration%3F",
        "query": "Which historical figure is associated with the colloquial name of the stage of the English language from the beginning of the Tudor period to the English Interregnum and Restoration?",
        "cache_hit": false,
        "duration_ms": 2137,
        "used_ddgs": true,
        "used_legacy_fallback": false,
        "used_direct_fallback": false,
        "used_lite_fallback": false,
        "failed": false,
        "backend": "ddgs",
        "attempts": [
          {
            "attempt": 1,
            "path": "ddgs",
            "proxy_configured": false,
            "timeout_seconds": 30.0,
            "duration_ms": 2137,
            "ok": true,
            "endpoint": "ddgs",
            "status": 200,
            "result_count": 5
          }
        ]
      },
      {
        "url": "https://html.duckduckgo.com/html/?q=In+which+U.S.+state+is+the+Grand+Canyon+located%3F",
        "query": "In which U.S. state is the Grand Canyon located?",
        "cache_hit": false,
        "duration_ms": 1543,
        "used_ddgs": true,
        "used_legacy_fallback": false,
        "used_direct_fallback": false,
        "used_lite_fallback": false,
        "failed": false,
        "backend": "ddgs",
        "attempts": [
          {
            "attempt": 1,
            "path": "ddgs",
            "proxy_configured": false,
            "timeout_seconds": 30.0,
            "duration_ms": 1543,
            "ok": true,
            "endpoint": "ddgs",
            "status": 200,
            "result_count": 5
          }
        ]
      },
      {
        "url": "https://html.duckduckgo.com/html/?q=What+is+the+ISO+639-6+code+for+the+stage+of+the+English+language+from+the+beginning+of+the+Tudor+period+to+the+English+Interregnum+and+Restoration%3F",
        "query": "What is the ISO 639-6 code for the stage of the English language from the beginning of the Tudor period to the English Interregnum and Restoration?",
        "cache_hit": false,
        "duration_ms": 803,
        "used_ddgs": true,
        "used_legacy_fallback": false,
        "used_direct_fallback": false,
        "used_lite_fallback": false,
        "failed": false,
        "backend": "ddgs",
        "attempts": [
          {
            "attempt": 1,
            "path": "ddgs",
            "proxy_configured": false,
            "timeout_seconds": 30.0,
            "duration_ms": 803,
            "ok": true,
            "endpoint": "ddgs",
            "status": 200,
            "result_count": 5
          }
        ]
      },
      {
        "url": "https://html.duckduckgo.com/html/?q=Which+state+is+the+Grand+Canyon+in",
        "query": "Which state is the Grand Canyon in",
        "cache_hit": false,
        "duration_ms": 2184,
        "used_ddgs": true,
        "used_legacy_fallback": false,
        "used_direct_fallback": false,
        "used_lite_fallback": false,
        "failed": false,
        "backend": "ddgs",
        "attempts": [
          {
            "attempt": 1,
            "path": "ddgs",
            "proxy_configured": false,
            "timeout_seconds": 30.0,
            "duration_ms": 2184,
            "ok": true,
            "endpoint": "ddgs",
            "status": 200,
            "result_count": 5
          }
        ]
      },
      {
        "url": "https://html.duckduckgo.com/html/?q=Where+does+Bart+Simpson+live",
        "query": "Where does Bart Simpson live",
        "cache_hit": false,
        "duration_ms": 31291,
        "used_ddgs": true,
        "used_legacy_fallback": false,
        "used_direct_fallback": false,
        "used_lite_fallback": false,
        "failed": false,
        "backend": "ddgs",
        "attempts": [
          {
            "attempt": 1,
            "path": "ddgs",
            "proxy_configured": false,
            "timeout_seconds": 30.0,
            "duration_ms": 31291,
            "ok": true,
            "endpoint": "ddgs",
            "status": 200,
            "result_count": 5
          }
        ]
      },
      {
        "url": "https://html.duckduckgo.com/html/?q=NBA+commissioner+name",
        "query": "NBA commissioner name",
        "cache_hit": false,
        "duration_ms": 512,
        "used_ddgs": true,
        "used_legacy_fallback": false,
        "used_direct_fallback": false,
        "used_lite_fallback": false,
        "failed": false,
        "backend": "ddgs",
        "attempts": [
          {
            "attempt": 1,
            "path": "ddgs",
            "proxy_configured": false,
            "timeout_seconds": 30.0,
            "duration_ms": 512,
            "ok": true,
            "endpoint": "ddgs",
            "status": 200,
            "result_count": 5
          }
        ]
      },
      {
        "url": "https://html.duckduckgo.com/html/?q=Grand+Canyon+location+state",
        "query": "Grand Canyon location state",
        "cache_hit": false,
        "duration_ms": 31070,
        "used_ddgs": true,
        "used_legacy_fallback": false,
        "used_direct_fallback": false,
        "used_lite_fallback": false,
        "failed": false,
        "backend": "ddgs",
        "attempts": [
          {
            "attempt": 1,
            "path": "ddgs",
            "proxy_configured": false,
            "timeout_seconds": 30.0,
            "duration_ms": 31070,
            "ok": true,
            "endpoint": "ddgs",
            "status": 200,
            "result_count": 5
          }
        ]
      },
      {
        "url": "https://html.duckduckgo.com/html/?q=ISO+639-6+code+for+Early+Modern+English",
        "query": "ISO 639-6 code for Early Modern English",
        "cache_hit": false,
        "duration_ms": 31432,
        "used_ddgs": true,
        "used_legacy_fallback": false,
        "used_direct_fallback": false,
        "used_lite_fallback": false,
        "failed": false,
        "backend": "ddgs",
        "attempts": [
          {
            "attempt": 1,
            "path": "ddgs",
            "proxy_configured": false,
            "timeout_seconds": 30.0,
            "duration_ms": 31432,
            "ok": true,
            "endpoint": "ddgs",
            "status": 200,
            "result_count": 5
          }
        ]
      },
      {
        "url": "https://html.duckduckgo.com/html/?q=Who+is+the+commissioner+of+the+National+Basketball+Association%3F",
        "query": "Who is the commissioner of the National Basketball Association?",
        "cache_hit": false,
        "duration_ms": 31493,
        "used_ddgs": true,
        "used_legacy_fallback": false,
        "used_direct_fallback": false,
        "used_lite_fallback": false,
        "failed": false,
        "backend": "ddgs",
        "attempts": [
          {
            "attempt": 1,
            "path": "ddgs",
            "proxy_configured": false,
            "timeout_seconds": 30.0,
            "duration_ms": 31493,
            "ok": true,
            "endpoint": "ddgs",
            "status": 200,
            "result_count": 5
          }
        ]
      },
      {
        "url": "https://html.duckduckgo.com/html/?q=Bart+Simpson+school+grade",
        "query": "Bart Simpson school grade",
        "cache_hit": false,
        "duration_ms": 1423,
        "used_ddgs": true,
        "used_legacy_fallback": false,
        "used_direct_fallback": false,
        "used_lite_fallback": false,
        "failed": false,
        "backend": "ddgs",
        "attempts": [
          {
            "attempt": 1,
            "path": "ddgs",
            "proxy_configured": false,
            "timeout_seconds": 30.0,
            "duration_ms": 1423,
            "ok": true,
            "endpoint": "ddgs",
            "status": 200,
            "result_count": 5
          }
        ]
      },
      {
        "url": "https://html.duckduckgo.com/html/?q=Who+is+the+commissioner+of+NBA",
        "query": "Who is the commissioner of NBA",
        "cache_hit": false,
        "duration_ms": 32294,
        "used_ddgs": true,
        "used_legacy_fallback": false,
        "used_direct_fallback": false,
        "used_lite_fallback": false,
        "failed": false,
        "backend": "ddgs",
        "attempts": [
          {
            "attempt": 1,
            "path": "ddgs",
            "proxy_configured": false,
            "timeout_seconds": 30.0,
            "duration_ms": 32294,
            "ok": true,
            "endpoint": "ddgs",
            "status": 200,
            "result_count": 5
          }
        ]
      },
      {
        "url": "https://html.duckduckgo.com/html/?q=River+that+carved+the+Grand+Canyon",
        "query": "River that carved the Grand Canyon",
        "cache_hit": false,
        "duration_ms": 1978,
        "used_ddgs": true,
        "used_legacy_fallback": false,
        "used_direct_fallback": false,
        "used_lite_fallback": false,
        "failed": false,
        "backend": "ddgs",
        "attempts": [
          {
            "attempt": 1,
            "path": "ddgs",
            "proxy_configured": false,
            "timeout_seconds": 30.0,
            "duration_ms": 1978,
            "ok": true,
            "endpoint": "ddgs",
            "status": 200,
            "result_count": 5
          }
        ]
      },
      {
        "url": "https://html.duckduckgo.com/html/?q=What+grade+is+Bart+Simpson+attending+at+Springfield+Elementary+School%3F",
        "query": "What grade is Bart Simpson attending at Springfield Elementary School?",
        "cache_hit": false,
        "duration_ms": 31476,
        "used_ddgs": true,
        "used_legacy_fallback": false,
        "used_direct_fallback": false,
        "used_lite_fallback": false,
        "failed": false,
        "backend": "ddgs",
        "attempts": [
          {
            "attempt": 1,
            "path": "ddgs",
            "proxy_configured": false,
            "timeout_seconds": 30.0,
            "duration_ms": 31476,
            "ok": true,
            "endpoint": "ddgs",
            "status": 200,
            "result_count": 5
          }
        ]
      },
      {
        "url": "https://html.duckduckgo.com/html/?q=In+which+city+was+Pieter+Bruegel+the+Elder+probably+born%3F",
        "query": "In which city was Pieter Bruegel the Elder probably born?",
        "cache_hit": false,
        "duration_ms": 899,
        "used_ddgs": true,
        "used_legacy_fallback": false,
        "used_direct_fallback": false,
        "used_lite_fallback": false,
        "failed": false,
        "backend": "ddgs",
        "attempts": [
          {
            "attempt": 1,
            "path": "ddgs",
            "proxy_configured": false,
            "timeout_seconds": 30.0,
            "duration_ms": 899,
            "ok": true,
            "endpoint": "ddgs",
            "status": 200,
            "result_count": 5
          }
        ]
      },
      {
        "url": "https://html.duckduckgo.com/html/?q=What+grade+is+Bart+Simpson+in",
        "query": "What grade is Bart Simpson in",
        "cache_hit": false,
        "duration_ms": 30846,
        "used_ddgs": true,
        "used_legacy_fallback": false,
        "used_direct_fallback": false,
        "used_lite_fallback": false,
        "failed": false,
        "backend": "ddgs",
        "attempts": [
          {
            "attempt": 1,
            "path": "ddgs",
            "proxy_configured": false,
            "timeout_seconds": 30.0,
            "duration_ms": 30846,
            "ok": true,
            "endpoint": "ddgs",
            "status": 200,
            "result_count": 5
          }
        ]
      },
      {
        "url": "https://html.duckduckgo.com/html/?q=What+river+carved+the+Grand+Canyon%3F",
        "query": "What river carved the Grand Canyon?",
        "cache_hit": false,
        "duration_ms": 32347,
        "used_ddgs": true,
        "used_legacy_fallback": false,
        "used_direct_fallback": false,
        "used_lite_fallback": false,
        "failed": false,
        "backend": "ddgs",
        "attempts": [
          {
            "attempt": 1,
            "path": "ddgs",
            "proxy_configured": false,
            "timeout_seconds": 30.0,
            "duration_ms": 32347,
            "ok": true,
            "endpoint": "ddgs",
            "status": 200,
            "result_count": 5
          }
        ]
      },
      {
        "url": "https://html.duckduckgo.com/html/?q=Which+river+formed+the+Grand+Canyon",
        "query": "Which river formed the Grand Canyon",
        "cache_hit": false,
        "duration_ms": 31745,
        "used_ddgs": true,
        "used_legacy_fallback": false,
        "used_direct_fallback": false,
        "used_lite_fallback": false,
        "failed": false,
        "backend": "ddgs",
        "attempts": [
          {
            "attempt": 1,
            "path": "ddgs",
            "proxy_configured": false,
            "timeout_seconds": 30.0,
            "duration_ms": 31745,
            "ok": true,
            "endpoint": "ddgs",
            "status": 200,
            "result_count": 5
          }
        ]
      },
      {
        "url": "https://html.duckduckgo.com/html/?q=Number+of+NBA+teams",
        "query": "Number of NBA teams",
        "cache_hit": false,
        "duration_ms": 1192,
        "used_ddgs": true,
        "used_legacy_fallback": false,
        "used_direct_fallback": false,
        "used_lite_fallback": false,
        "failed": false,
        "backend": "ddgs",
        "attempts": [
          {
            "attempt": 1,
            "path": "ddgs",
            "proxy_configured": false,
            "timeout_seconds": 30.0,
            "duration_ms": 1192,
            "ok": true,
            "endpoint": "ddgs",
            "status": 200,
            "result_count": 5
          }
        ]
      },
      {
        "url": "https://html.duckduckgo.com/html/?q=How+many+teams+in+NBA",
        "query": "How many teams in NBA",
        "cache_hit": false,
        "duration_ms": 1952,
        "used_ddgs": true,
        "used_legacy_fallback": false,
        "used_direct_fallback": false,
        "used_lite_fallback": false,
        "failed": false,
        "backend": "ddgs",
        "attempts": [
          {
            "attempt": 1,
            "path": "ddgs",
            "proxy_configured": false,
            "timeout_seconds": 30.0,
            "duration_ms": 1952,
            "ok": true,
            "endpoint": "ddgs",
            "status": 200,
            "result_count": 5
          }
        ]
      },
      {
        "url": "https://html.duckduckgo.com/html/?q=birthplace+of+Pieter+Bruegel+the+Elder",
        "query": "birthplace of Pieter Bruegel the Elder",
        "cache_hit": false,
        "duration_ms": 32475,
        "used_ddgs": true,
        "used_legacy_fallback": false,
        "used_direct_fallback": false,
        "used_lite_fallback": false,
        "failed": false,
        "backend": "ddgs",
        "attempts": [
          {
            "attempt": 1,
            "path": "ddgs",
            "proxy_configured": false,
            "timeout_seconds": 30.0,
            "duration_ms": 32475,
            "ok": true,
            "endpoint": "ddgs",
            "status": 200,
            "result_count": 5
          }
        ]
      },
      {
        "url": "https://html.duckduckgo.com/html/?q=where+was+Pieter+Bruegel+born",
        "query": "where was Pieter Bruegel born",
        "cache_hit": false,
        "duration_ms": 31349,
        "used_ddgs": true,
        "used_legacy_fallback": false,
        "used_direct_fallback": false,
        "used_lite_fallback": false,
        "failed": false,
        "backend": "ddgs",
        "attempts": [
          {
            "attempt": 1,
            "path": "ddgs",
            "proxy_configured": false,
            "timeout_seconds": 30.0,
            "duration_ms": 31349,
            "ok": true,
            "endpoint": "ddgs",
            "status": 200,
            "result_count": 5
          }
        ]
      },
      {
        "url": "https://html.duckduckgo.com/html/?q=When+did+Bart+Simpson+debut+on+TV",
        "query": "When did Bart Simpson debut on TV",
        "cache_hit": false,
        "duration_ms": 1404,
        "used_ddgs": true,
        "used_legacy_fallback": false,
        "used_direct_fallback": false,
        "used_lite_fallback": false,
        "failed": false,
        "backend": "ddgs",
        "attempts": [
          {
            "attempt": 1,
            "path": "ddgs",
            "proxy_configured": false,
            "timeout_seconds": 30.0,
            "duration_ms": 1404,
            "ok": true,
            "endpoint": "ddgs",
            "status": 200,
            "result_count": 5
          }
        ]
      },
      {
        "url": "https://html.duckduckgo.com/html/?q=Bart+Simpson+first+appearance+date",
        "query": "Bart Simpson first appearance date",
        "cache_hit": false,
        "duration_ms": 1778,
        "used_ddgs": true,
        "used_legacy_fallback": false,
        "used_direct_fallback": false,
        "used_lite_fallback": false,
        "failed": false,
        "backend": "ddgs",
        "attempts": [
          {
            "attempt": 1,
            "path": "ddgs",
            "proxy_configured": false,
            "timeout_seconds": 30.0,
            "duration_ms": 1778,
            "ok": true,
            "endpoint": "ddgs",
            "status": 200,
            "result_count": 5
          }
        ]
      },
      {
        "url": "https://html.duckduckgo.com/html/?q=How+old+was+Pieter+Bruegel+the+Elder+when+he+died%3F",
        "query": "How old was Pieter Bruegel the Elder when he died?",
        "cache_hit": false,
        "duration_ms": 841,
        "used_ddgs": true,
        "used_legacy_fallback": false,
        "used_direct_fallback": false,
        "used_lite_fallback": false,
        "failed": false,
        "backend": "ddgs",
        "attempts": [
          {
            "attempt": 1,
            "path": "ddgs",
            "proxy_configured": false,
            "timeout_seconds": 30.0,
            "duration_ms": 841,
            "ok": true,
            "endpoint": "ddgs",
            "status": 200,
            "result_count": 5
          }
        ]
      },
      {
        "url": "https://html.duckduckgo.com/html/?q=How+many+teams+are+in+the+National+Basketball+Association%3F",
        "query": "How many teams are in the National Basketball Association?",
        "cache_hit": false,
        "duration_ms": 31187,
        "used_ddgs": true,
        "used_legacy_fallback": false,
        "used_direct_fallback": false,
        "used_lite_fallback": false,
        "failed": false,
        "backend": "ddgs",
        "attempts": [
          {
            "attempt": 1,
            "path": "ddgs",
            "proxy_configured": false,
            "timeout_seconds": 30.0,
            "duration_ms": 31187,
            "ok": true,
            "endpoint": "ddgs",
            "status": 200,
            "result_count": 5
          }
        ]
      },
      {
        "url": "https://html.duckduckgo.com/html/?q=age+of+Pieter+Bruegel+the+Elder+at+death",
        "query": "age of Pieter Bruegel the Elder at death",
        "cache_hit": false,
        "duration_ms": 1867,
        "used_ddgs": true,
        "used_legacy_fallback": false,
        "used_direct_fallback": false,
        "used_lite_fallback": false,
        "failed": false,
        "backend": "ddgs",
        "attempts": [
          {
            "attempt": 1,
            "path": "ddgs",
            "proxy_configured": false,
            "timeout_seconds": 30.0,
            "duration_ms": 1867,
            "ok": true,
            "endpoint": "ddgs",
            "status": 200,
            "result_count": 5
          }
        ]
      },
      {
        "url": "https://html.duckduckgo.com/html/?q=Edward+the+Elder+father",
        "query": "Edward the Elder father",
        "cache_hit": false,
        "duration_ms": 1490,
        "used_ddgs": true,
        "used_legacy_fallback": false,
        "used_direct_fallback": false,
        "used_lite_fallback": false,
        "failed": false,
        "backend": "ddgs",
        "attempts": [
          {
            "attempt": 1,
            "path": "ddgs",
            "proxy_configured": false,
            "timeout_seconds": 30.0,
            "duration_ms": 1490,
            "ok": true,
            "endpoint": "ddgs",
            "status": 200,
            "result_count": 5
          }
        ]
      },
      {
        "url": "https://html.duckduckgo.com/html/?q=how+old+was+Pieter+Bruegel+when+he+died",
        "query": "how old was Pieter Bruegel when he died",
        "cache_hit": false,
        "duration_ms": 2604,
        "used_ddgs": true,
        "used_legacy_fallback": false,
        "used_direct_fallback": false,
        "used_lite_fallback": false,
        "failed": false,
        "backend": "ddgs",
        "attempts": [
          {
            "attempt": 1,
            "path": "ddgs",
            "proxy_configured": false,
            "timeout_seconds": 30.0,
            "duration_ms": 2604,
            "ok": true,
            "endpoint": "ddgs",
            "status": 200,
            "result_count": 5
          }
        ]
      },
      {
        "url": "https://html.duckduckgo.com/html/?q=Who+was+the+father+of+Edward+the+Elder%3F",
        "query": "Who was the father of Edward the Elder?",
        "cache_hit": false,
        "duration_ms": 2604,
        "used_ddgs": true,
        "used_legacy_fallback": false,
        "used_direct_fallback": false,
        "used_lite_fallback": false,
        "failed": false,
        "backend": "ddgs",
        "attempts": [
          {
            "attempt": 1,
            "path": "ddgs",
            "proxy_configured": false,
            "timeout_seconds": 30.0,
            "duration_ms": 2604,
            "ok": true,
            "endpoint": "ddgs",
            "status": 200,
            "result_count": 5
          }
        ]
      },
      {
        "url": "https://html.duckduckgo.com/html/?q=On+what+month%2C+day%2C+and+year+was+the+National+Basketball+Association+founded+as+the+BAA%3F",
        "query": "On what month, day, and year was the National Basketball Association founded as the BAA?",
        "cache_hit": false,
        "duration_ms": 1100,
        "used_ddgs": true,
        "used_legacy_fallback": false,
        "used_direct_fallback": false,
        "used_lite_fallback": false,
        "failed": false,
        "backend": "ddgs",
        "attempts": [
          {
            "attempt": 1,
            "path": "ddgs",
            "proxy_configured": false,
            "timeout_seconds": 30.0,
            "duration_ms": 1100,
            "ok": true,
            "endpoint": "ddgs",
            "status": 200,
            "result_count": 5
          }
        ]
      },
      {
        "url": "https://html.duckduckgo.com/html/?q=When+was+NBA+founded+as+BAA",
        "query": "When was NBA founded as BAA",
        "cache_hit": false,
        "duration_ms": 667,
        "used_ddgs": true,
        "used_legacy_fallback": false,
        "used_direct_fallback": false,
        "used_lite_fallback": false,
        "failed": false,
        "backend": "ddgs",
        "attempts": [
          {
            "attempt": 1,
            "path": "ddgs",
            "proxy_configured": false,
            "timeout_seconds": 30.0,
            "duration_ms": 667,
            "ok": true,
            "endpoint": "ddgs",
            "status": 200,
            "result_count": 5
          }
        ]
      },
      {
        "url": "https://html.duckduckgo.com/html/?q=NBA+founding+date+as+BAA",
        "query": "NBA founding date as BAA",
        "cache_hit": false,
        "duration_ms": 1645,
        "used_ddgs": true,
        "used_legacy_fallback": false,
        "used_direct_fallback": false,
        "used_lite_fallback": false,
        "failed": false,
        "backend": "ddgs",
        "attempts": [
          {
            "attempt": 1,
            "path": "ddgs",
            "proxy_configured": false,
            "timeout_seconds": 30.0,
            "duration_ms": 1645,
            "ok": true,
            "endpoint": "ddgs",
            "status": 200,
            "result_count": 5
          }
        ]
      },
      {
        "url": "https://html.duckduckgo.com/html/?q=Latin+term+for+cerebrospinal+fluid",
        "query": "Latin term for cerebrospinal fluid",
        "cache_hit": false,
        "duration_ms": 2120,
        "used_ddgs": true,
        "used_legacy_fallback": false,
        "used_direct_fallback": false,
        "used_lite_fallback": false,
        "failed": false,
        "backend": "ddgs",
        "attempts": [
          {
            "attempt": 1,
            "path": "ddgs",
            "proxy_configured": false,
            "timeout_seconds": 30.0,
            "duration_ms": 2120,
            "ok": true,
            "endpoint": "ddgs",
            "status": 200,
            "result_count": 5
          }
        ]
      },
      {
        "url": "https://html.duckduckgo.com/html/?q=What+is+the+Latin+term+for+cerebrospinal+fluid%3F",
        "query": "What is the Latin term for cerebrospinal fluid?",
        "cache_hit": false,
        "duration_ms": 2702,
        "used_ddgs": true,
        "used_legacy_fallback": false,
        "used_direct_fallback": false,
        "used_lite_fallback": false,
        "failed": false,
        "backend": "ddgs",
        "attempts": [
          {
            "attempt": 1,
            "path": "ddgs",
            "proxy_configured": false,
            "timeout_seconds": 30.0,
            "duration_ms": 2702,
            "ok": true,
            "endpoint": "ddgs",
            "status": 200,
            "result_count": 5
          }
        ]
      },
      {
        "url": "https://html.duckduckgo.com/html/?q=Who+is+credited+as+the+inventor+of+the+open-wheel+car%3F",
        "query": "Who is credited as the inventor of the open-wheel car?",
        "cache_hit": false,
        "duration_ms": 981,
        "used_ddgs": true,
        "used_legacy_fallback": false,
        "used_direct_fallback": false,
        "used_lite_fallback": false,
        "failed": false,
        "backend": "ddgs",
        "attempts": [
          {
            "attempt": 1,
            "path": "ddgs",
            "proxy_configured": false,
            "timeout_seconds": 30.0,
            "duration_ms": 981,
            "ok": true,
            "endpoint": "ddgs",
            "status": 200,
            "result_count": 5
          }
        ]
      },
      {
        "url": "https://html.duckduckgo.com/html/?q=inventor+of+open-wheel+car",
        "query": "inventor of open-wheel car",
        "cache_hit": false,
        "duration_ms": 839,
        "used_ddgs": true,
        "used_legacy_fallback": false,
        "used_direct_fallback": false,
        "used_lite_fallback": false,
        "failed": false,
        "backend": "ddgs",
        "attempts": [
          {
            "attempt": 1,
            "path": "ddgs",
            "proxy_configured": false,
            "timeout_seconds": 30.0,
            "duration_ms": 839,
            "ok": true,
            "endpoint": "ddgs",
            "status": 200,
            "result_count": 5
          }
        ]
      },
      {
        "url": "https://html.duckduckgo.com/html/?q=who+invented+open-wheel+car",
        "query": "who invented open-wheel car",
        "cache_hit": false,
        "duration_ms": 1190,
        "used_ddgs": true,
        "used_legacy_fallback": false,
        "used_direct_fallback": false,
        "used_lite_fallback": false,
        "failed": false,
        "backend": "ddgs",
        "attempts": [
          {
            "attempt": 1,
            "path": "ddgs",
            "proxy_configured": false,
            "timeout_seconds": 30.0,
            "duration_ms": 1190,
            "ok": true,
            "endpoint": "ddgs",
            "status": 200,
            "result_count": 5
          }
        ]
      },
      {
        "url": "https://html.duckduckgo.com/html/?q=number+of+wheels+on+open-wheel+car",
        "query": "number of wheels on open-wheel car",
        "cache_hit": false,
        "duration_ms": 1464,
        "used_ddgs": true,
        "used_legacy_fallback": false,
        "used_direct_fallback": false,
        "used_lite_fallback": false,
        "failed": false,
        "backend": "ddgs",
        "attempts": [
          {
            "attempt": 1,
            "path": "ddgs",
            "proxy_configured": false,
            "timeout_seconds": 30.0,
            "duration_ms": 1464,
            "ok": true,
            "endpoint": "ddgs",
            "status": 200,
            "result_count": 5
          }
        ]
      },
      {
        "url": "https://html.duckduckgo.com/html/?q=How+many+wheels+can+an+open-wheel+car+have%3F",
        "query": "How many wheels can an open-wheel car have?",
        "cache_hit": false,
        "duration_ms": 1630,
        "used_ddgs": true,
        "used_legacy_fallback": false,
        "used_direct_fallback": false,
        "used_lite_fallback": false,
        "failed": false,
        "backend": "ddgs",
        "attempts": [
          {
            "attempt": 1,
            "path": "ddgs",
            "proxy_configured": false,
            "timeout_seconds": 30.0,
            "duration_ms": 1630,
            "ok": true,
            "endpoint": "ddgs",
            "status": 200,
            "result_count": 5
          }
        ]
      },
      {
        "url": "https://html.duckduckgo.com/html/?q=how+many+wheels+does+an+open-wheel+car+have",
        "query": "how many wheels does an open-wheel car have",
        "cache_hit": false,
        "duration_ms": 1383,
        "used_ddgs": true,
        "used_legacy_fallback": false,
        "used_direct_fallback": false,
        "used_lite_fallback": false,
        "failed": false,
        "backend": "ddgs",
        "attempts": [
          {
            "attempt": 1,
            "path": "ddgs",
            "proxy_configured": false,
            "timeout_seconds": 30.0,
            "duration_ms": 1383,
            "ok": true,
            "endpoint": "ddgs",
            "status": 200,
            "result_count": 5
          }
        ]
      },
      {
        "url": "https://html.duckduckgo.com/html/?q=What+is+the+IPA+number+assigned+to+the+voiced+bilabial+plosive%3F",
        "query": "What is the IPA number assigned to the voiced bilabial plosive?",
        "cache_hit": false,
        "duration_ms": 1162,
        "used_ddgs": true,
        "used_legacy_fallback": false,
        "used_direct_fallback": false,
        "used_lite_fallback": false,
        "failed": false,
        "backend": "ddgs",
        "attempts": [
          {
            "attempt": 1,
            "path": "ddgs",
            "proxy_configured": false,
            "timeout_seconds": 30.0,
            "duration_ms": 1162,
            "ok": true,
            "endpoint": "ddgs",
            "status": 200,
            "result_count": 5
          }
        ]
      },
      {
        "url": "https://html.duckduckgo.com/html/?q=IPA+number+of+voiced+bilabial+plosive",
        "query": "IPA number of voiced bilabial plosive",
        "cache_hit": false,
        "duration_ms": 1613,
        "used_ddgs": true,
        "used_legacy_fallback": false,
        "used_direct_fallback": false,
        "used_lite_fallback": false,
        "failed": false,
        "backend": "ddgs",
        "attempts": [
          {
            "attempt": 1,
            "path": "ddgs",
            "proxy_configured": false,
            "timeout_seconds": 30.0,
            "duration_ms": 1613,
            "ok": true,
            "endpoint": "ddgs",
            "status": 200,
            "result_count": 5
          }
        ]
      },
      {
        "url": "https://html.duckduckgo.com/html/?q=voiced+bilabial+plosive+IPA+code",
        "query": "voiced bilabial plosive IPA code",
        "cache_hit": false,
        "duration_ms": 607,
        "used_ddgs": true,
        "used_legacy_fallback": false,
        "used_direct_fallback": false,
        "used_lite_fallback": false,
        "failed": false,
        "backend": "ddgs",
        "attempts": [
          {
            "attempt": 1,
            "path": "ddgs",
            "proxy_configured": false,
            "timeout_seconds": 30.0,
            "duration_ms": 607,
            "ok": true,
            "endpoint": "ddgs",
            "status": 200,
            "result_count": 5
          }
        ]
      },
      {
        "url": "https://html.duckduckgo.com/html/?q=On+what+month%2C+day%2C+and+year+did+Bart+Simpson+first+appear+on+television%3F",
        "query": "On what month, day, and year did Bart Simpson first appear on television?",
        "cache_hit": false,
        "duration_ms": 31940,
        "used_ddgs": true,
        "used_legacy_fallback": false,
        "used_direct_fallback": false,
        "used_lite_fallback": false,
        "failed": false,
        "backend": "ddgs",
        "attempts": [
          {
            "attempt": 1,
            "path": "ddgs",
            "proxy_configured": false,
            "timeout_seconds": 30.0,
            "duration_ms": 31940,
            "ok": true,
            "endpoint": "ddgs",
            "status": 200,
            "result_count": 5
          }
        ]
      },
      {
        "url": "https://html.duckduckgo.com/html/?q=What+is+the+full+name+of+the+character+Bart+Simpson%3F",
        "query": "What is the full name of the character Bart Simpson?",
        "cache_hit": false,
        "duration_ms": 942,
        "used_ddgs": true,
        "used_legacy_fallback": false,
        "used_direct_fallback": false,
        "used_lite_fallback": false,
        "failed": false,
        "backend": "ddgs",
        "attempts": [
          {
            "attempt": 1,
            "path": "ddgs",
            "proxy_configured": false,
            "timeout_seconds": 30.0,
            "duration_ms": 942,
            "ok": true,
            "endpoint": "ddgs",
            "status": 200,
            "result_count": 5
          }
        ]
      },
      {
        "url": "https://html.duckduckgo.com/html/?q=Bart+Simpson+full+name",
        "query": "Bart Simpson full name",
        "cache_hit": false,
        "duration_ms": 1538,
        "used_ddgs": true,
        "used_legacy_fallback": false,
        "used_direct_fallback": false,
        "used_lite_fallback": false,
        "failed": false,
        "backend": "ddgs",
        "attempts": [
          {
            "attempt": 1,
            "path": "ddgs",
            "proxy_configured": false,
            "timeout_seconds": 30.0,
            "duration_ms": 1538,
            "ok": true,
            "endpoint": "ddgs",
            "status": 200,
            "result_count": 5
          }
        ]
      },
      {
        "url": "https://html.duckduckgo.com/html/?q=Edward+the+Elder+parentage",
        "query": "Edward the Elder parentage",
        "cache_hit": false,
        "duration_ms": 31494,
        "used_ddgs": true,
        "used_legacy_fallback": false,
        "used_direct_fallback": false,
        "used_lite_fallback": false,
        "failed": false,
        "backend": "ddgs",
        "attempts": [
          {
            "attempt": 1,
            "path": "ddgs",
            "proxy_configured": false,
            "timeout_seconds": 30.0,
            "duration_ms": 31494,
            "ok": true,
            "endpoint": "ddgs",
            "status": 200,
            "result_count": 5
          }
        ]
      },
      {
        "url": "https://html.duckduckgo.com/html/?q=voiced+bilabial+plosive+Unicode+code+point",
        "query": "voiced bilabial plosive Unicode code point",
        "cache_hit": false,
        "duration_ms": 1735,
        "used_ddgs": true,
        "used_legacy_fallback": false,
        "used_direct_fallback": false,
        "used_lite_fallback": false,
        "failed": false,
        "backend": "ddgs",
        "attempts": [
          {
            "attempt": 1,
            "path": "ddgs",
            "proxy_configured": false,
            "timeout_seconds": 30.0,
            "duration_ms": 1735,
            "ok": true,
            "endpoint": "ddgs",
            "status": 200,
            "result_count": 5
          }
        ]
      },
      {
        "url": "https://html.duckduckgo.com/html/?q=In+which+county+is+the+city+of+Topeka%2C+Kansas+located%3F",
        "query": "In which county is the city of Topeka, Kansas located?",
        "cache_hit": false,
        "duration_ms": 1165,
        "used_ddgs": true,
        "used_legacy_fallback": false,
        "used_direct_fallback": false,
        "used_lite_fallback": false,
        "failed": false,
        "backend": "ddgs",
        "attempts": [
          {
            "attempt": 1,
            "path": "ddgs",
            "proxy_configured": false,
            "timeout_seconds": 30.0,
            "duration_ms": 1165,
            "ok": true,
            "endpoint": "ddgs",
            "status": 200,
            "result_count": 5
          }
        ]
      },
      {
        "url": "https://html.duckduckgo.com/html/?q=Topeka+Kansas+county+name",
        "query": "Topeka Kansas county name",
        "cache_hit": false,
        "duration_ms": 1145,
        "used_ddgs": true,
        "used_legacy_fallback": false,
        "used_direct_fallback": false,
        "used_lite_fallback": false,
        "failed": false,
        "backend": "ddgs",
        "attempts": [
          {
            "attempt": 1,
            "path": "ddgs",
            "proxy_configured": false,
            "timeout_seconds": 30.0,
            "duration_ms": 1145,
            "ok": true,
            "endpoint": "ddgs",
            "status": 200,
            "result_count": 5
          }
        ]
      },
      {
        "url": "https://html.duckduckgo.com/html/?q=What+is+Bart+Simpson%27s+full+name",
        "query": "What is Bart Simpson's full name",
        "cache_hit": false,
        "duration_ms": 31213,
        "used_ddgs": true,
        "used_legacy_fallback": false,
        "used_direct_fallback": false,
        "used_lite_fallback": false,
        "failed": false,
        "backend": "ddgs",
        "attempts": [
          {
            "attempt": 1,
            "path": "ddgs",
            "proxy_configured": false,
            "timeout_seconds": 30.0,
            "duration_ms": 31213,
            "ok": true,
            "endpoint": "ddgs",
            "status": 200,
            "result_count": 5
          }
        ]
      },
      {
        "url": "https://html.duckduckgo.com/html/?q=In+which+city+was+Edward+the+Elder+coronated%3F",
        "query": "In which city was Edward the Elder coronated?",
        "cache_hit": false,
        "duration_ms": 1348,
        "used_ddgs": true,
        "used_legacy_fallback": false,
        "used_direct_fallback": false,
        "used_lite_fallback": false,
        "failed": false,
        "backend": "ddgs",
        "attempts": [
          {
            "attempt": 1,
            "path": "ddgs",
            "proxy_configured": false,
            "timeout_seconds": 30.0,
            "duration_ms": 1348,
            "ok": true,
            "endpoint": "ddgs",
            "status": 200,
            "result_count": 5
          }
        ]
      },
      {
        "url": "https://html.duckduckgo.com/html/?q=Unicode+hex+code+for+voiced+bilabial+plosive",
        "query": "Unicode hex code for voiced bilabial plosive",
        "cache_hit": false,
        "duration_ms": 31418,
        "used_ddgs": true,
        "used_legacy_fallback": false,
        "used_direct_fallback": false,
        "used_lite_fallback": false,
        "failed": false,
        "backend": "ddgs",
        "attempts": [
          {
            "attempt": 1,
            "path": "ddgs",
            "proxy_configured": false,
            "timeout_seconds": 30.0,
            "duration_ms": 31418,
            "ok": true,
            "endpoint": "ddgs",
            "status": 200,
            "result_count": 5
          }
        ]
      },
      {
        "url": "https://html.duckduckgo.com/html/?q=Edward+the+Elder+coronation+place",
        "query": "Edward the Elder coronation place",
        "cache_hit": false,
        "duration_ms": 1559,
        "used_ddgs": true,
        "used_legacy_fallback": false,
        "used_direct_fallback": false,
        "used_lite_fallback": false,
        "failed": false,
        "backend": "ddgs",
        "attempts": [
          {
            "attempt": 1,
            "path": "ddgs",
            "proxy_configured": false,
            "timeout_seconds": 30.0,
            "duration_ms": 1559,
            "ok": true,
            "endpoint": "ddgs",
            "status": 200,
            "result_count": 5
          }
        ]
      },
      {
        "url": "https://html.duckduckgo.com/html/?q=Where+was+Edward+the+Elder+crowned",
        "query": "Where was Edward the Elder crowned",
        "cache_hit": false,
        "duration_ms": 1552,
        "used_ddgs": true,
        "used_legacy_fallback": false,
        "used_direct_fallback": false,
        "used_lite_fallback": false,
        "failed": false,
        "backend": "ddgs",
        "attempts": [
          {
            "attempt": 1,
            "path": "ddgs",
            "proxy_configured": false,
            "timeout_seconds": 30.0,
            "duration_ms": 1552,
            "ok": true,
            "endpoint": "ddgs",
            "status": 200,
            "result_count": 5
          }
        ]
      },
      {
        "url": "https://html.duckduckgo.com/html/?q=What+is+the+Unicode+hexadecimal+code+point+for+the+voiced+bilabial+plosive%3F",
        "query": "What is the Unicode hexadecimal code point for the voiced bilabial plosive?",
        "cache_hit": false,
        "duration_ms": 33559,
        "used_ddgs": true,
        "used_legacy_fallback": false,
        "used_direct_fallback": false,
        "used_lite_fallback": false,
        "failed": false,
        "backend": "ddgs",
        "attempts": [
          {
            "attempt": 1,
            "path": "ddgs",
            "proxy_configured": false,
            "timeout_seconds": 30.0,
            "duration_ms": 33559,
            "ok": true,
            "endpoint": "ddgs",
            "status": 200,
            "result_count": 5
          }
        ]
      },
      {
        "url": "https://html.duckduckgo.com/html/?q=When+did+Edward+the+Elder+die",
        "query": "When did Edward the Elder die",
        "cache_hit": false,
        "duration_ms": 1602,
        "used_ddgs": true,
        "used_legacy_fallback": false,
        "used_direct_fallback": false,
        "used_lite_fallback": false,
        "failed": false,
        "backend": "ddgs",
        "attempts": [
          {
            "attempt": 1,
            "path": "ddgs",
            "proxy_configured": false,
            "timeout_seconds": 30.0,
            "duration_ms": 1602,
            "ok": true,
            "endpoint": "ddgs",
            "status": 200,
            "result_count": 5
          }
        ]
      },
      {
        "url": "https://html.duckduckgo.com/html/?q=Who+directed+the+2001+film+Training+Day%3F",
        "query": "Who directed the 2001 film Training Day?",
        "cache_hit": false,
        "duration_ms": 983,
        "used_ddgs": true,
        "used_legacy_fallback": false,
        "used_direct_fallback": false,
        "used_lite_fallback": false,
        "failed": false,
        "backend": "ddgs",
        "attempts": [
          {
            "attempt": 1,
            "path": "ddgs",
            "proxy_configured": false,
            "timeout_seconds": 30.0,
            "duration_ms": 983,
            "ok": true,
            "endpoint": "ddgs",
            "status": 200,
            "result_count": 5
          }
        ]
      },
      {
        "url": "https://html.duckduckgo.com/html/?q=county+of+Topeka+Kansas+infobox",
        "query": "county of Topeka Kansas infobox",
        "cache_hit": false,
        "duration_ms": 32625,
        "used_ddgs": true,
        "used_legacy_fallback": false,
        "used_direct_fallback": false,
        "used_lite_fallback": false,
        "failed": false,
        "backend": "ddgs",
        "attempts": [
          {
            "attempt": 1,
            "path": "ddgs",
            "proxy_configured": false,
            "timeout_seconds": 30.0,
            "duration_ms": 32625,
            "ok": true,
            "endpoint": "ddgs",
            "status": 200,
            "result_count": 5
          }
        ]
      },
      {
        "url": "https://html.duckduckgo.com/html/?q=Training+Day+director",
        "query": "Training Day director",
        "cache_hit": false,
        "duration_ms": 2186,
        "used_ddgs": true,
        "used_legacy_fallback": false,
        "used_direct_fallback": false,
        "used_lite_fallback": false,
        "failed": false,
        "backend": "ddgs",
        "attempts": [
          {
            "attempt": 1,
            "path": "ddgs",
            "proxy_configured": false,
            "timeout_seconds": 30.0,
            "duration_ms": 2186,
            "ok": true,
            "endpoint": "ddgs",
            "status": 200,
            "result_count": 5
          }
        ]
      },
      {
        "url": "https://html.duckduckgo.com/html/?q=In+what+year+was+Topeka%2C+Kansas+incorporated%3F",
        "query": "In what year was Topeka, Kansas incorporated?",
        "cache_hit": false,
        "duration_ms": 1152,
        "used_ddgs": true,
        "used_legacy_fallback": false,
        "used_direct_fallback": false,
        "used_lite_fallback": false,
        "failed": false,
        "backend": "ddgs",
        "attempts": [
          {
            "attempt": 1,
            "path": "ddgs",
            "proxy_configured": false,
            "timeout_seconds": 30.0,
            "duration_ms": 1152,
            "ok": true,
            "endpoint": "ddgs",
            "status": 200,
            "result_count": 5
          }
        ]
      },
      {
        "url": "https://html.duckduckgo.com/html/?q=Topeka+Kansas+incorporation+year",
        "query": "Topeka Kansas incorporation year",
        "cache_hit": false,
        "duration_ms": 1378,
        "used_ddgs": true,
        "used_legacy_fallback": false,
        "used_direct_fallback": false,
        "used_lite_fallback": false,
        "failed": false,
        "backend": "ddgs",
        "attempts": [
          {
            "attempt": 1,
            "path": "ddgs",
            "proxy_configured": false,
            "timeout_seconds": 30.0,
            "duration_ms": 1378,
            "ok": true,
            "endpoint": "ddgs",
            "status": 200,
            "result_count": 5
          }
        ]
      },
      {
        "url": "https://html.duckduckgo.com/html/?q=year+Topeka+Kansas+incorporated",
        "query": "year Topeka Kansas incorporated",
        "cache_hit": false,
        "duration_ms": 1949,
        "used_ddgs": true,
        "used_legacy_fallback": false,
        "used_direct_fallback": false,
        "used_lite_fallback": false,
        "failed": false,
        "backend": "ddgs",
        "attempts": [
          {
            "attempt": 1,
            "path": "ddgs",
            "proxy_configured": false,
            "timeout_seconds": 30.0,
            "duration_ms": 1949,
            "ok": true,
            "endpoint": "ddgs",
            "status": 200,
            "result_count": 5
          }
        ]
      },
      {
        "url": "https://html.duckduckgo.com/html/?q=On+what+month%2C+day%2C+and+year+was+the+Treaty+of+Brest-Litovsk+signed%3F",
        "query": "On what month, day, and year was the Treaty of Brest-Litovsk signed?",
        "cache_hit": false,
        "duration_ms": 1446,
        "used_ddgs": true,
        "used_legacy_fallback": false,
        "used_direct_fallback": false,
        "used_lite_fallback": false,
        "failed": false,
        "backend": "ddgs",
        "attempts": [
          {
            "attempt": 1,
            "path": "ddgs",
            "proxy_configured": false,
            "timeout_seconds": 30.0,
            "duration_ms": 1446,
            "ok": true,
            "endpoint": "ddgs",
            "status": 200,
            "result_count": 5
          }
        ]
      },
      {
        "url": "https://html.duckduckgo.com/html/?q=Date+of+signing+Treaty+of+Brest-Litovsk",
        "query": "Date of signing Treaty of Brest-Litovsk",
        "cache_hit": false,
        "duration_ms": 1108,
        "used_ddgs": true,
        "used_legacy_fallback": false,
        "used_direct_fallback": false,
        "used_lite_fallback": false,
        "failed": false,
        "backend": "ddgs",
        "attempts": [
          {
            "attempt": 1,
            "path": "ddgs",
            "proxy_configured": false,
            "timeout_seconds": 30.0,
            "duration_ms": 1108,
            "ok": true,
            "endpoint": "ddgs",
            "status": 200,
            "result_count": 5
          }
        ]
      },
      {
        "url": "https://html.duckduckgo.com/html/?q=When+was+the+Treaty+of+Brest-Litovsk+signed%3F",
        "query": "When was the Treaty of Brest-Litovsk signed?",
        "cache_hit": false,
        "duration_ms": 652,
        "used_ddgs": true,
        "used_legacy_fallback": false,
        "used_direct_fallback": false,
        "used_lite_fallback": false,
        "failed": false,
        "backend": "ddgs",
        "attempts": [
          {
            "attempt": 1,
            "path": "ddgs",
            "proxy_configured": false,
            "timeout_seconds": 30.0,
            "duration_ms": 652,
            "ok": true,
            "endpoint": "ddgs",
            "status": 200,
            "result_count": 5
          }
        ]
      },
      {
        "url": "https://html.duckduckgo.com/html/?q=What+is+the+demonym+for+residents+of+Topeka%2C+Kansas%3F",
        "query": "What is the demonym for residents of Topeka, Kansas?",
        "cache_hit": false,
        "duration_ms": 1517,
        "used_ddgs": true,
        "used_legacy_fallback": false,
        "used_direct_fallback": false,
        "used_lite_fallback": false,
        "failed": false,
        "backend": "ddgs",
        "attempts": [
          {
            "attempt": 1,
            "path": "ddgs",
            "proxy_configured": false,
            "timeout_seconds": 30.0,
            "duration_ms": 1517,
            "ok": true,
            "endpoint": "ddgs",
            "status": 200,
            "result_count": 5
          }
        ]
      },
      {
        "url": "https://html.duckduckgo.com/html/?q=demonym+for+Topeka+Kansas+residents",
        "query": "demonym for Topeka Kansas residents",
        "cache_hit": false,
        "duration_ms": 1356,
        "used_ddgs": true,
        "used_legacy_fallback": false,
        "used_direct_fallback": false,
        "used_lite_fallback": false,
        "failed": false,
        "backend": "ddgs",
        "attempts": [
          {
            "attempt": 1,
            "path": "ddgs",
            "proxy_configured": false,
            "timeout_seconds": 30.0,
            "duration_ms": 1356,
            "ok": true,
            "endpoint": "ddgs",
            "status": 200,
            "result_count": 5
          }
        ]
      },
      {
        "url": "https://html.duckduckgo.com/html/?q=What+month%2C+day%2C+and+year+did+Edward+the+Elder+die%3F",
        "query": "What month, day, and year did Edward the Elder die?",
        "cache_hit": false,
        "duration_ms": 31187,
        "used_ddgs": true,
        "used_legacy_fallback": false,
        "used_direct_fallback": false,
        "used_lite_fallback": false,
        "failed": false,
        "backend": "ddgs",
        "attempts": [
          {
            "attempt": 1,
            "path": "ddgs",
            "proxy_configured": false,
            "timeout_seconds": 30.0,
            "duration_ms": 31187,
            "ok": true,
            "endpoint": "ddgs",
            "status": 200,
            "result_count": 5
          }
        ]
      },
      {
        "url": "https://html.duckduckgo.com/html/?q=Edward+the+Elder+date+of+death",
        "query": "Edward the Elder date of death",
        "cache_hit": false,
        "duration_ms": 31322,
        "used_ddgs": true,
        "used_legacy_fallback": false,
        "used_direct_fallback": false,
        "used_lite_fallback": false,
        "failed": false,
        "backend": "ddgs",
        "attempts": [
          {
            "attempt": 1,
            "path": "ddgs",
            "proxy_configured": false,
            "timeout_seconds": 30.0,
            "duration_ms": 31322,
            "ok": true,
            "endpoint": "ddgs",
            "status": 200,
            "result_count": 5
          }
        ]
      },
      {
        "url": "https://html.duckduckgo.com/html/?q=Condition+of+Treaty+of+Brest-Litovsk",
        "query": "Condition of Treaty of Brest-Litovsk",
        "cache_hit": false,
        "duration_ms": 888,
        "used_ddgs": true,
        "used_legacy_fallback": false,
        "used_direct_fallback": false,
        "used_lite_fallback": false,
        "failed": false,
        "backend": "ddgs",
        "attempts": [
          {
            "attempt": 1,
            "path": "ddgs",
            "proxy_configured": false,
            "timeout_seconds": 30.0,
            "duration_ms": 888,
            "ok": true,
            "endpoint": "ddgs",
            "status": 200,
            "result_count": 5
          }
        ]
      },
      {
        "url": "https://html.duckduckgo.com/html/?q=What+was+the+condition+status+of+the+Treaty+of+Brest-Litovsk%3F",
        "query": "What was the condition status of the Treaty of Brest-Litovsk?",
        "cache_hit": false,
        "duration_ms": 1494,
        "used_ddgs": true,
        "used_legacy_fallback": false,
        "used_direct_fallback": false,
        "used_lite_fallback": false,
        "failed": false,
        "backend": "ddgs",
        "attempts": [
          {
            "attempt": 1,
            "path": "ddgs",
            "proxy_configured": false,
            "timeout_seconds": 30.0,
            "duration_ms": 1494,
            "ok": true,
            "endpoint": "ddgs",
            "status": 200,
            "result_count": 5
          }
        ]
      },
      {
        "url": "https://html.duckduckgo.com/html/?q=What+was+the+name+of+the+house+to+which+Edward+the+Elder+belonged%3F",
        "query": "What was the name of the house to which Edward the Elder belonged?",
        "cache_hit": false,
        "duration_ms": 1029,
        "used_ddgs": true,
        "used_legacy_fallback": false,
        "used_direct_fallback": false,
        "used_lite_fallback": false,
        "failed": false,
        "backend": "ddgs",
        "attempts": [
          {
            "attempt": 1,
            "path": "ddgs",
            "proxy_configured": false,
            "timeout_seconds": 30.0,
            "duration_ms": 1028,
            "ok": true,
            "endpoint": "ddgs",
            "status": 200,
            "result_count": 5
          }
        ]
      },
      {
        "url": "https://html.duckduckgo.com/html/?q=Status+of+Treaty+of+Brest-Litovsk",
        "query": "Status of Treaty of Brest-Litovsk",
        "cache_hit": false,
        "duration_ms": 1915,
        "used_ddgs": true,
        "used_legacy_fallback": false,
        "used_direct_fallback": false,
        "used_lite_fallback": false,
        "failed": false,
        "backend": "ddgs",
        "attempts": [
          {
            "attempt": 1,
            "path": "ddgs",
            "proxy_configured": false,
            "timeout_seconds": 30.0,
            "duration_ms": 1915,
            "ok": true,
            "endpoint": "ddgs",
            "status": 200,
            "result_count": 5
          }
        ]
      },
      {
        "url": "https://html.duckduckgo.com/html/?q=Edward+the+Elder+royal+house",
        "query": "Edward the Elder royal house",
        "cache_hit": false,
        "duration_ms": 877,
        "used_ddgs": true,
        "used_legacy_fallback": false,
        "used_direct_fallback": false,
        "used_lite_fallback": false,
        "failed": false,
        "backend": "ddgs",
        "attempts": [
          {
            "attempt": 1,
            "path": "ddgs",
            "proxy_configured": false,
            "timeout_seconds": 30.0,
            "duration_ms": 876,
            "ok": true,
            "endpoint": "ddgs",
            "status": 200,
            "result_count": 5
          }
        ]
      },
      {
        "url": "https://html.duckduckgo.com/html/?q=Who+directed+Training+Day+2001",
        "query": "Who directed Training Day 2001",
        "cache_hit": false,
        "duration_ms": 31491,
        "used_ddgs": true,
        "used_legacy_fallback": false,
        "used_direct_fallback": false,
        "used_lite_fallback": false,
        "failed": false,
        "backend": "ddgs",
        "attempts": [
          {
            "attempt": 1,
            "path": "ddgs",
            "proxy_configured": false,
            "timeout_seconds": 30.0,
            "duration_ms": 31491,
            "ok": true,
            "endpoint": "ddgs",
            "status": 200,
            "result_count": 5
          }
        ]
      },
      {
        "url": "https://html.duckduckgo.com/html/?q=What+month%2C+day%2C+and+year+was+Training+Day+first+released+at+the+Venice+Film+Festival%3F",
        "query": "What month, day, and year was Training Day first released at the Venice Film Festival?",
        "cache_hit": false,
        "duration_ms": 1555,
        "used_ddgs": true,
        "used_legacy_fallback": false,
        "used_direct_fallback": false,
        "used_lite_fallback": false,
        "failed": false,
        "backend": "ddgs",
        "attempts": [
          {
            "attempt": 1,
            "path": "ddgs",
            "proxy_configured": false,
            "timeout_seconds": 30.0,
            "duration_ms": 1555,
            "ok": true,
            "endpoint": "ddgs",
            "status": 200,
            "result_count": 5
          }
        ]
      },
      {
        "url": "https://html.duckduckgo.com/html/?q=Training+Day+Venice+Film+Festival+release+date",
        "query": "Training Day Venice Film Festival release date",
        "cache_hit": false,
        "duration_ms": 1860,
        "used_ddgs": true,
        "used_legacy_fallback": false,
        "used_direct_fallback": false,
        "used_lite_fallback": false,
        "failed": false,
        "backend": "ddgs",
        "attempts": [
          {
            "attempt": 1,
            "path": "ddgs",
            "proxy_configured": false,
            "timeout_seconds": 30.0,
            "duration_ms": 1860,
            "ok": true,
            "endpoint": "ddgs",
            "status": 200,
            "result_count": 5
          }
        ]
      },
      {
        "url": "https://html.duckduckgo.com/html/?q=When+was+Training+Day+first+released",
        "query": "When was Training Day first released",
        "cache_hit": false,
        "duration_ms": 1851,
        "used_ddgs": true,
        "used_legacy_fallback": false,
        "used_direct_fallback": false,
        "used_lite_fallback": false,
        "failed": false,
        "backend": "ddgs",
        "attempts": [
          {
            "attempt": 1,
            "path": "ddgs",
            "proxy_configured": false,
            "timeout_seconds": 30.0,
            "duration_ms": 1851,
            "ok": true,
            "endpoint": "ddgs",
            "status": 200,
            "result_count": 5
          }
        ]
      },
      {
        "url": "https://html.duckduckgo.com/html/?q=what+are+people+from+Topeka+Kansas+called",
        "query": "what are people from Topeka Kansas called",
        "cache_hit": false,
        "duration_ms": 31376,
        "used_ddgs": true,
        "used_legacy_fallback": false,
        "used_direct_fallback": false,
        "used_lite_fallback": false,
        "failed": false,
        "backend": "ddgs",
        "attempts": [
          {
            "attempt": 1,
            "path": "ddgs",
            "proxy_configured": false,
            "timeout_seconds": 30.0,
            "duration_ms": 31376,
            "ok": true,
            "endpoint": "ddgs",
            "status": 200,
            "result_count": 5
          }
        ]
      },
      {
        "url": "https://html.duckduckgo.com/html/?q=Who+created+the+original+artwork+for+the+Care+Bears%3F",
        "query": "Who created the original artwork for the Care Bears?",
        "cache_hit": false,
        "duration_ms": 1439,
        "used_ddgs": true,
        "used_legacy_fallback": false,
        "used_direct_fallback": false,
        "used_lite_fallback": false,
        "failed": false,
        "backend": "ddgs",
        "attempts": [
          {
            "attempt": 1,
            "path": "ddgs",
            "proxy_configured": false,
            "timeout_seconds": 30.0,
            "duration_ms": 1439,
            "ok": true,
            "endpoint": "ddgs",
            "status": 200,
            "result_count": 5
          }
        ]
      },
      {
        "url": "https://html.duckduckgo.com/html/?q=In+what+year+did+the+Anglo-Spanish+War+involving+the+Spanish+Armada+begin%3F",
        "query": "In what year did the Anglo-Spanish War involving the Spanish Armada begin?",
        "cache_hit": false,
        "duration_ms": 591,
        "used_ddgs": true,
        "used_legacy_fallback": false,
        "used_direct_fallback": false,
        "used_lite_fallback": false,
        "failed": false,
        "backend": "ddgs",
        "attempts": [
          {
            "attempt": 1,
            "path": "ddgs",
            "proxy_configured": false,
            "timeout_seconds": 30.0,
            "duration_ms": 591,
            "ok": true,
            "endpoint": "ddgs",
            "status": 200,
            "result_count": 5
          }
        ]
      },
      {
        "url": "https://html.duckduckgo.com/html/?q=Care+Bears+original+artwork+creator",
        "query": "Care Bears original artwork creator",
        "cache_hit": false,
        "duration_ms": 2221,
        "used_ddgs": true,
        "used_legacy_fallback": false,
        "used_direct_fallback": false,
        "used_lite_fallback": false,
        "failed": false,
        "backend": "ddgs",
        "attempts": [
          {
            "attempt": 1,
            "path": "ddgs",
            "proxy_configured": false,
            "timeout_seconds": 30.0,
            "duration_ms": 2221,
            "ok": true,
            "endpoint": "ddgs",
            "status": 200,
            "result_count": 5
          }
        ]
      },
      {
        "url": "https://html.duckduckgo.com/html/?q=Edward+the+Elder+dynasty",
        "query": "Edward the Elder dynasty",
        "cache_hit": false,
        "duration_ms": 32077,
        "used_ddgs": true,
        "used_legacy_fallback": false,
        "used_direct_fallback": false,
        "used_lite_fallback": false,
        "failed": false,
        "backend": "ddgs",
        "attempts": [
          {
            "attempt": 1,
            "path": "ddgs",
            "proxy_configured": false,
            "timeout_seconds": 30.0,
            "duration_ms": 32077,
            "ok": true,
            "endpoint": "ddgs",
            "status": 200,
            "result_count": 5
          }
        ]
      },
      {
        "url": "https://html.duckduckgo.com/html/?q=Who+painted+the+original+Care+Bears+artwork",
        "query": "Who painted the original Care Bears artwork",
        "cache_hit": false,
        "duration_ms": 33207,
        "used_ddgs": true,
        "used_legacy_fallback": false,
        "used_direct_fallback": false,
        "used_lite_fallback": false,
        "failed": false,
        "backend": "ddgs",
        "attempts": [
          {
            "attempt": 1,
            "path": "ddgs",
            "proxy_configured": false,
            "timeout_seconds": 30.0,
            "duration_ms": 33207,
            "ok": true,
            "endpoint": "ddgs",
            "status": 200,
            "result_count": 5
          }
        ]
      },
      {
        "url": "https://html.duckduckgo.com/html/?q=start+year+of+Anglo-Spanish+War",
        "query": "start year of Anglo-Spanish War",
        "cache_hit": false,
        "duration_ms": 31708,
        "used_ddgs": true,
        "used_legacy_fallback": false,
        "used_direct_fallback": false,
        "used_lite_fallback": false,
        "failed": false,
        "backend": "ddgs",
        "attempts": [
          {
            "attempt": 1,
            "path": "ddgs",
            "proxy_configured": false,
            "timeout_seconds": 30.0,
            "duration_ms": 31708,
            "ok": true,
            "endpoint": "ddgs",
            "status": 200,
            "result_count": 5
          }
        ]
      },
      {
        "url": "https://html.duckduckgo.com/html/?q=when+did+Anglo-Spanish+War+begin",
        "query": "when did Anglo-Spanish War begin",
        "cache_hit": false,
        "duration_ms": 32636,
        "used_ddgs": true,
        "used_legacy_fallback": false,
        "used_direct_fallback": false,
        "used_lite_fallback": false,
        "failed": false,
        "backend": "ddgs",
        "attempts": [
          {
            "attempt": 1,
            "path": "ddgs",
            "proxy_configured": false,
            "timeout_seconds": 30.0,
            "duration_ms": 32636,
            "ok": true,
            "endpoint": "ddgs",
            "status": 200,
            "result_count": 5
          }
        ]
      },
      {
        "url": "https://html.duckduckgo.com/html/?q=when+was+the+November+Uprising",
        "query": "when was the November Uprising",
        "cache_hit": false,
        "duration_ms": 1465,
        "used_ddgs": true,
        "used_legacy_fallback": false,
        "used_direct_fallback": false,
        "used_lite_fallback": false,
        "failed": false,
        "backend": "ddgs",
        "attempts": [
          {
            "attempt": 1,
            "path": "ddgs",
            "proxy_configured": false,
            "timeout_seconds": 30.0,
            "duration_ms": 1465,
            "ok": true,
            "endpoint": "ddgs",
            "status": 200,
            "result_count": 5
          }
        ]
      },
      {
        "url": "https://html.duckduckgo.com/html/?q=Who+directed+the+1987+film+Fatal+Attraction%3F",
        "query": "Who directed the 1987 film Fatal Attraction?",
        "cache_hit": false,
        "duration_ms": 1610,
        "used_ddgs": true,
        "used_legacy_fallback": false,
        "used_direct_fallback": false,
        "used_lite_fallback": false,
        "failed": false,
        "backend": "ddgs",
        "attempts": [
          {
            "attempt": 1,
            "path": "ddgs",
            "proxy_configured": false,
            "timeout_seconds": 30.0,
            "duration_ms": 1610,
            "ok": true,
            "endpoint": "ddgs",
            "status": 200,
            "result_count": 5
          }
        ]
      },
      {
        "url": "https://html.duckduckgo.com/html/?q=director+of+Fatal+Attraction+1987",
        "query": "director of Fatal Attraction 1987",
        "cache_hit": false,
        "duration_ms": 1312,
        "used_ddgs": true,
        "used_legacy_fallback": false,
        "used_direct_fallback": false,
        "used_lite_fallback": false,
        "failed": false,
        "backend": "ddgs",
        "attempts": [
          {
            "attempt": 1,
            "path": "ddgs",
            "proxy_configured": false,
            "timeout_seconds": 30.0,
            "duration_ms": 1312,
            "ok": true,
            "endpoint": "ddgs",
            "status": 200,
            "result_count": 5
          }
        ]
      },
      {
        "url": "https://html.duckduckgo.com/html/?q=In+which+city+or+location+was+the+group+that+created+the+Care+Bears+based%3F",
        "query": "In which city or location was the group that created the Care Bears based?",
        "cache_hit": false,
        "duration_ms": 1058,
        "used_ddgs": true,
        "used_legacy_fallback": false,
        "used_direct_fallback": false,
        "used_lite_fallback": false,
        "failed": false,
        "backend": "ddgs",
        "attempts": [
          {
            "attempt": 1,
            "path": "ddgs",
            "proxy_configured": false,
            "timeout_seconds": 30.0,
            "duration_ms": 1058,
            "ok": true,
            "endpoint": "ddgs",
            "status": 200,
            "result_count": 5
          }
        ]
      },
      {
        "url": "https://html.duckduckgo.com/html/?q=Care+Bears+creators+location",
        "query": "Care Bears creators location",
        "cache_hit": false,
        "duration_ms": 3123,
        "used_ddgs": true,
        "used_legacy_fallback": false,
        "used_direct_fallback": false,
        "used_lite_fallback": false,
        "failed": false,
        "backend": "ddgs",
        "attempts": [
          {
            "attempt": 1,
            "path": "ddgs",
            "proxy_configured": false,
            "timeout_seconds": 30.0,
            "duration_ms": 3123,
            "ok": true,
            "endpoint": "ddgs",
            "status": 200,
            "result_count": 5
          }
        ]
      },
      {
        "url": "https://html.duckduckgo.com/html/?q=What+is+the+name+of+the+war+also+associated+with+the+Spanish+Armada+besides+the+Anglo-Spanish+War%3F",
        "query": "What is the name of the war also associated with the Spanish Armada besides the Anglo-Spanish War?",
        "cache_hit": false,
        "duration_ms": 1587,
        "used_ddgs": true,
        "used_legacy_fallback": false,
        "used_direct_fallback": false,
        "used_lite_fallback": false,
        "failed": false,
        "backend": "ddgs",
        "attempts": [
          {
            "attempt": 1,
            "path": "ddgs",
            "proxy_configured": false,
            "timeout_seconds": 30.0,
            "duration_ms": 1587,
            "ok": true,
            "endpoint": "ddgs",
            "status": 200,
            "result_count": 5
          }
        ]
      },
      {
        "url": "https://html.duckduckgo.com/html/?q=wars+involving+Spanish+Armada",
        "query": "wars involving Spanish Armada",
        "cache_hit": false,
        "duration_ms": 1404,
        "used_ddgs": true,
        "used_legacy_fallback": false,
        "used_direct_fallback": false,
        "used_lite_fallback": false,
        "failed": false,
        "backend": "ddgs",
        "attempts": [
          {
            "attempt": 1,
            "path": "ddgs",
            "proxy_configured": false,
            "timeout_seconds": 30.0,
            "duration_ms": 1404,
            "ok": true,
            "endpoint": "ddgs",
            "status": 200,
            "result_count": 5
          }
        ]
      },
      {
        "url": "https://html.duckduckgo.com/html/?q=What+year+were+the+Care+Bears+originally+created+for+greeting+cards%3F",
        "query": "What year were the Care Bears originally created for greeting cards?",
        "cache_hit": false,
        "duration_ms": 2557,
        "used_ddgs": true,
        "used_legacy_fallback": false,
        "used_direct_fallback": false,
        "used_lite_fallback": false,
        "failed": false,
        "backend": "ddgs",
        "attempts": [
          {
            "attempt": 1,
            "path": "ddgs",
            "proxy_configured": false,
            "timeout_seconds": 30.0,
            "duration_ms": 2557,
            "ok": true,
            "endpoint": "ddgs",
            "status": 200,
            "result_count": 5
          }
        ]
      },
      {
        "url": "https://html.duckduckgo.com/html/?q=What+year+did+the+November+Uprising+take+place%3F",
        "query": "What year did the November Uprising take place?",
        "cache_hit": false,
        "duration_ms": 30913,
        "used_ddgs": true,
        "used_legacy_fallback": false,
        "used_direct_fallback": false,
        "used_lite_fallback": false,
        "failed": false,
        "backend": "ddgs",
        "attempts": [
          {
            "attempt": 1,
            "path": "ddgs",
            "proxy_configured": false,
            "timeout_seconds": 30.0,
            "duration_ms": 30913,
            "ok": true,
            "endpoint": "ddgs",
            "status": 200,
            "result_count": 5
          }
        ]
      },
      {
        "url": "https://html.duckduckgo.com/html/?q=November+Uprising+year",
        "query": "November Uprising year",
        "cache_hit": false,
        "duration_ms": 32868,
        "used_ddgs": true,
        "used_legacy_fallback": false,
        "used_direct_fallback": false,
        "used_lite_fallback": false,
        "failed": false,
        "backend": "ddgs",
        "attempts": [
          {
            "attempt": 1,
            "path": "ddgs",
            "proxy_configured": false,
            "timeout_seconds": 30.0,
            "duration_ms": 32868,
            "ok": true,
            "endpoint": "ddgs",
            "status": 200,
            "result_count": 5
          }
        ]
      },
      {
        "url": "https://html.duckduckgo.com/html/?q=In+what+year+did+fencing+become+part+of+the+Summer+Olympic+programme%3F",
        "query": "In what year did fencing become part of the Summer Olympic programme?",
        "cache_hit": false,
        "duration_ms": 1925,
        "used_ddgs": true,
        "used_legacy_fallback": false,
        "used_direct_fallback": false,
        "used_lite_fallback": false,
        "failed": false,
        "backend": "ddgs",
        "attempts": [
          {
            "attempt": 1,
            "path": "ddgs",
            "proxy_configured": false,
            "timeout_seconds": 30.0,
            "duration_ms": 1925,
            "ok": true,
            "endpoint": "ddgs",
            "status": 200,
            "result_count": 5
          }
        ]
      },
      {
        "url": "https://html.duckduckgo.com/html/?q=who+directed+Fatal+Attraction+movie",
        "query": "who directed Fatal Attraction movie",
        "cache_hit": false,
        "duration_ms": 32702,
        "used_ddgs": true,
        "used_legacy_fallback": false,
        "used_direct_fallback": false,
        "used_lite_fallback": false,
        "failed": false,
        "backend": "ddgs",
        "attempts": [
          {
            "attempt": 1,
            "path": "ddgs",
            "proxy_configured": false,
            "timeout_seconds": 30.0,
            "duration_ms": 32702,
            "ok": true,
            "endpoint": "ddgs",
            "status": 200,
            "result_count": 5
          }
        ]
      },
      {
        "url": "https://html.duckduckgo.com/html/?q=fencing+first+year+in+Summer+Olympics",
        "query": "fencing first year in Summer Olympics",
        "cache_hit": false,
        "duration_ms": 1411,
        "used_ddgs": true,
        "used_legacy_fallback": false,
        "used_direct_fallback": false,
        "used_lite_fallback": false,
        "failed": false,
        "backend": "ddgs",
        "attempts": [
          {
            "attempt": 1,
            "path": "ddgs",
            "proxy_configured": false,
            "timeout_seconds": 30.0,
            "duration_ms": 1411,
            "ok": true,
            "endpoint": "ddgs",
            "status": 200,
            "result_count": 5
          }
        ]
      },
      {
        "url": "https://html.duckduckgo.com/html/?q=when+did+fencing+join+Summer+Olympic+programme",
        "query": "when did fencing join Summer Olympic programme",
        "cache_hit": false,
        "duration_ms": 912,
        "used_ddgs": true,
        "used_legacy_fallback": false,
        "used_direct_fallback": false,
        "used_lite_fallback": false,
        "failed": false,
        "backend": "ddgs",
        "attempts": [
          {
            "attempt": 1,
            "path": "ddgs",
            "proxy_configured": false,
            "timeout_seconds": 30.0,
            "duration_ms": 912,
            "ok": true,
            "endpoint": "ddgs",
            "status": 200,
            "result_count": 5
          }
        ]
      },
      {
        "url": "https://html.duckduckgo.com/html/?q=What+is+the+running+time+in+minutes+of+the+film+Fatal+Attraction%3F",
        "query": "What is the running time in minutes of the film Fatal Attraction?",
        "cache_hit": false,
        "duration_ms": 1023,
        "used_ddgs": true,
        "used_legacy_fallback": false,
        "used_direct_fallback": false,
        "used_lite_fallback": false,
        "failed": false,
        "backend": "ddgs",
        "attempts": [
          {
            "attempt": 1,
            "path": "ddgs",
            "proxy_configured": false,
            "timeout_seconds": 30.0,
            "duration_ms": 1023,
            "ok": true,
            "endpoint": "ddgs",
            "status": 200,
            "result_count": 5
          }
        ]
      },
      {
        "url": "https://html.duckduckgo.com/html/?q=length+of+Fatal+Attraction+movie",
        "query": "length of Fatal Attraction movie",
        "cache_hit": false,
        "duration_ms": 960,
        "used_ddgs": true,
        "used_legacy_fallback": false,
        "used_direct_fallback": false,
        "used_lite_fallback": false,
        "failed": false,
        "backend": "ddgs",
        "attempts": [
          {
            "attempt": 1,
            "path": "ddgs",
            "proxy_configured": false,
            "timeout_seconds": 30.0,
            "duration_ms": 960,
            "ok": true,
            "endpoint": "ddgs",
            "status": 200,
            "result_count": 5
          }
        ]
      },
      {
        "url": "https://html.duckduckgo.com/html/?q=running+time+of+Fatal+Attraction+in+minutes",
        "query": "running time of Fatal Attraction in minutes",
        "cache_hit": false,
        "duration_ms": 1381,
        "used_ddgs": true,
        "used_legacy_fallback": false,
        "used_direct_fallback": false,
        "used_lite_fallback": false,
        "failed": false,
        "backend": "ddgs",
        "attempts": [
          {
            "attempt": 1,
            "path": "ddgs",
            "proxy_configured": false,
            "timeout_seconds": 30.0,
            "duration_ms": 1381,
            "ok": true,
            "endpoint": "ddgs",
            "status": 200,
            "result_count": 5
          }
        ]
      },
      {
        "url": "https://html.duckduckgo.com/html/?q=fencing+competition+venue+name",
        "query": "fencing competition venue name",
        "cache_hit": false,
        "duration_ms": 628,
        "used_ddgs": true,
        "used_legacy_fallback": false,
        "used_direct_fallback": false,
        "used_lite_fallback": false,
        "failed": false,
        "backend": "ddgs",
        "attempts": [
          {
            "attempt": 1,
            "path": "ddgs",
            "proxy_configured": false,
            "timeout_seconds": 30.0,
            "duration_ms": 628,
            "ok": true,
            "endpoint": "ddgs",
            "status": 200,
            "result_count": 5
          }
        ]
      },
      {
        "url": "https://html.duckduckgo.com/html/?q=What+is+the+name+of+the+venue+where+fencing+competitions+are+held%3F",
        "query": "What is the name of the venue where fencing competitions are held?",
        "cache_hit": false,
        "duration_ms": 1814,
        "used_ddgs": true,
        "used_legacy_fallback": false,
        "used_direct_fallback": false,
        "used_lite_fallback": false,
        "failed": false,
        "backend": "ddgs",
        "attempts": [
          {
            "attempt": 1,
            "path": "ddgs",
            "proxy_configured": false,
            "timeout_seconds": 30.0,
            "duration_ms": 1814,
            "ok": true,
            "endpoint": "ddgs",
            "status": 200,
            "result_count": 5
          }
        ]
      },
      {
        "url": "https://html.duckduckgo.com/html/?q=where+are+fencing+matches+held",
        "query": "where are fencing matches held",
        "cache_hit": false,
        "duration_ms": 1347,
        "used_ddgs": true,
        "used_legacy_fallback": false,
        "used_direct_fallback": false,
        "used_lite_fallback": false,
        "failed": false,
        "backend": "ddgs",
        "attempts": [
          {
            "attempt": 1,
            "path": "ddgs",
            "proxy_configured": false,
            "timeout_seconds": 30.0,
            "duration_ms": 1347,
            "ok": true,
            "endpoint": "ddgs",
            "status": 200,
            "result_count": 5
          }
        ]
      },
      {
        "url": "https://html.duckduckgo.com/html/?q=What+month%2C+day%2C+and+year+was+Fatal+Attraction+released+in+the+United+States%3F",
        "query": "What month, day, and year was Fatal Attraction released in the United States?",
        "cache_hit": false,
        "duration_ms": 1348,
        "used_ddgs": true,
        "used_legacy_fallback": false,
        "used_direct_fallback": false,
        "used_lite_fallback": false,
        "failed": false,
        "backend": "ddgs",
        "attempts": [
          {
            "attempt": 1,
            "path": "ddgs",
            "proxy_configured": false,
            "timeout_seconds": 30.0,
            "duration_ms": 1348,
            "ok": true,
            "endpoint": "ddgs",
            "status": 200,
            "result_count": 5
          }
        ]
      },
      {
        "url": "https://html.duckduckgo.com/html/?q=when+was+Fatal+Attraction+released",
        "query": "when was Fatal Attraction released",
        "cache_hit": false,
        "duration_ms": 1494,
        "used_ddgs": true,
        "used_legacy_fallback": false,
        "used_direct_fallback": false,
        "used_lite_fallback": false,
        "failed": false,
        "backend": "ddgs",
        "attempts": [
          {
            "attempt": 1,
            "path": "ddgs",
            "proxy_configured": false,
            "timeout_seconds": 30.0,
            "duration_ms": 1494,
            "ok": true,
            "endpoint": "ddgs",
            "status": 200,
            "result_count": 5
          }
        ]
      },
      {
        "url": "https://html.duckduckgo.com/html/?q=In+which+German+state+is+the+municipality+of+Berchtesgaden+located%3F",
        "query": "In which German state is the municipality of Berchtesgaden located?",
        "cache_hit": false,
        "duration_ms": 943,
        "used_ddgs": true,
        "used_legacy_fallback": false,
        "used_direct_fallback": false,
        "used_lite_fallback": false,
        "failed": false,
        "backend": "ddgs",
        "attempts": [
          {
            "attempt": 1,
            "path": "ddgs",
            "proxy_configured": false,
            "timeout_seconds": 30.0,
            "duration_ms": 943,
            "ok": true,
            "endpoint": "ddgs",
            "status": 200,
            "result_count": 5
          }
        ]
      },
      {
        "url": "https://html.duckduckgo.com/html/?q=Care+Bears+greeting+cards+original+year",
        "query": "Care Bears greeting cards original year",
        "cache_hit": false,
        "duration_ms": 31045,
        "used_ddgs": true,
        "used_legacy_fallback": false,
        "used_direct_fallback": false,
        "used_lite_fallback": false,
        "failed": false,
        "backend": "ddgs",
        "attempts": [
          {
            "attempt": 1,
            "path": "ddgs",
            "proxy_configured": false,
            "timeout_seconds": 30.0,
            "duration_ms": 31045,
            "ok": true,
            "endpoint": "ddgs",
            "status": 200,
            "result_count": 5
          }
        ]
      },
      {
        "url": "https://html.duckduckgo.com/html/?q=Year+Care+Bears+were+created+for+greeting+cards",
        "query": "Year Care Bears were created for greeting cards",
        "cache_hit": false,
        "duration_ms": 31101,
        "used_ddgs": true,
        "used_legacy_fallback": false,
        "used_direct_fallback": false,
        "used_lite_fallback": false,
        "failed": false,
        "backend": "ddgs",
        "attempts": [
          {
            "attempt": 1,
            "path": "ddgs",
            "proxy_configured": false,
            "timeout_seconds": 30.0,
            "duration_ms": 31101,
            "ok": true,
            "endpoint": "ddgs",
            "status": 200,
            "result_count": 5
          }
        ]
      },
      {
        "url": "https://html.duckduckgo.com/html/?q=state+of+Berchtesgaden+Germany",
        "query": "state of Berchtesgaden Germany",
        "cache_hit": false,
        "duration_ms": 2224,
        "used_ddgs": true,
        "used_legacy_fallback": false,
        "used_direct_fallback": false,
        "used_lite_fallback": false,
        "failed": false,
        "backend": "ddgs",
        "attempts": [
          {
            "attempt": 1,
            "path": "ddgs",
            "proxy_configured": false,
            "timeout_seconds": 30.0,
            "duration_ms": 2224,
            "ok": true,
            "endpoint": "ddgs",
            "status": 200,
            "result_count": 5
          }
        ]
      },
      {
        "url": "https://html.duckduckgo.com/html/?q=Company+that+published+original+Care+Bears+greeting+cards",
        "query": "Company that published original Care Bears greeting cards",
        "cache_hit": false,
        "duration_ms": 1393,
        "used_ddgs": true,
        "used_legacy_fallback": false,
        "used_direct_fallback": false,
        "used_lite_fallback": false,
        "failed": false,
        "backend": "ddgs",
        "attempts": [
          {
            "attempt": 1,
            "path": "ddgs",
            "proxy_configured": false,
            "timeout_seconds": 30.0,
            "duration_ms": 1393,
            "ok": true,
            "endpoint": "ddgs",
            "status": 200,
            "result_count": 5
          }
        ]
      },
      {
        "url": "https://html.duckduckgo.com/html/?q=release+date+of+Fatal+Attraction+in+US",
        "query": "release date of Fatal Attraction in US",
        "cache_hit": false,
        "duration_ms": 31517,
        "used_ddgs": true,
        "used_legacy_fallback": false,
        "used_direct_fallback": false,
        "used_lite_fallback": false,
        "failed": false,
        "backend": "ddgs",
        "attempts": [
          {
            "attempt": 1,
            "path": "ddgs",
            "proxy_configured": false,
            "timeout_seconds": 30.0,
            "duration_ms": 31517,
            "ok": true,
            "endpoint": "ddgs",
            "status": 200,
            "result_count": 5
          }
        ]
      },
      {
        "url": "https://html.duckduckgo.com/html/?q=vehicle+registration+code+Berchtesgaden",
        "query": "vehicle registration code Berchtesgaden",
        "cache_hit": false,
        "duration_ms": 1488,
        "used_ddgs": true,
        "used_legacy_fallback": false,
        "used_direct_fallback": false,
        "used_lite_fallback": false,
        "failed": false,
        "backend": "ddgs",
        "attempts": [
          {
            "attempt": 1,
            "path": "ddgs",
            "proxy_configured": false,
            "timeout_seconds": 30.0,
            "duration_ms": 1488,
            "ok": true,
            "endpoint": "ddgs",
            "status": 200,
            "result_count": 5
          }
        ]
      },
      {
        "url": "https://html.duckduckgo.com/html/?q=What+is+the+name+of+the+company+that+published+the+original+Care+Bears+greeting+cards%3F",
        "query": "What is the name of the company that published the original Care Bears greeting cards?",
        "cache_hit": false,
        "duration_ms": 31096,
        "used_ddgs": true,
        "used_legacy_fallback": false,
        "used_direct_fallback": false,
        "used_lite_fallback": false,
        "failed": false,
        "backend": "ddgs",
        "attempts": [
          {
            "attempt": 1,
            "path": "ddgs",
            "proxy_configured": false,
            "timeout_seconds": 30.0,
            "duration_ms": 31096,
            "ok": true,
            "endpoint": "ddgs",
            "status": 200,
            "result_count": 5
          }
        ]
      },
      {
        "url": "https://html.duckduckgo.com/html/?q=Publisher+of+Care+Bears+greeting+cards",
        "query": "Publisher of Care Bears greeting cards",
        "cache_hit": false,
        "duration_ms": 30960,
        "used_ddgs": true,
        "used_legacy_fallback": false,
        "used_direct_fallback": false,
        "used_lite_fallback": false,
        "failed": false,
        "backend": "ddgs",
        "attempts": [
          {
            "attempt": 1,
            "path": "ddgs",
            "proxy_configured": false,
            "timeout_seconds": 30.0,
            "duration_ms": 30960,
            "ok": true,
            "endpoint": "ddgs",
            "status": 200,
            "result_count": 5
          }
        ]
      },
      {
        "url": "https://html.duckduckgo.com/html/?q=Who+was+the+boxer+known+as+Marvelous+Marvin+Hagler+at+birth%3F",
        "query": "Who was the boxer known as Marvelous Marvin Hagler at birth?",
        "cache_hit": false,
        "duration_ms": 1102,
        "used_ddgs": true,
        "used_legacy_fallback": false,
        "used_direct_fallback": false,
        "used_lite_fallback": false,
        "failed": false,
        "backend": "ddgs",
        "attempts": [
          {
            "attempt": 1,
            "path": "ddgs",
            "proxy_configured": false,
            "timeout_seconds": 30.0,
            "duration_ms": 1102,
            "ok": true,
            "endpoint": "ddgs",
            "status": 200,
            "result_count": 5
          }
        ]
      },
      {
        "url": "https://html.duckduckgo.com/html/?q=What+is+the+vehicle+registration+code+number+for+Berchtesgaden%3F",
        "query": "What is the vehicle registration code number for Berchtesgaden?",
        "cache_hit": false,
        "duration_ms": 31443,
        "used_ddgs": true,
        "used_legacy_fallback": false,
        "used_direct_fallback": false,
        "used_lite_fallback": false,
        "failed": false,
        "backend": "ddgs",
        "attempts": [
          {
            "attempt": 1,
            "path": "ddgs",
            "proxy_configured": false,
            "timeout_seconds": 30.0,
            "duration_ms": 31443,
            "ok": true,
            "endpoint": "ddgs",
            "status": 200,
            "result_count": 5
          }
        ]
      },
      {
        "url": "https://html.duckduckgo.com/html/?q=birth+name+of+Marvelous+Marvin+Hagler",
        "query": "birth name of Marvelous Marvin Hagler",
        "cache_hit": false,
        "duration_ms": 1432,
        "used_ddgs": true,
        "used_legacy_fallback": false,
        "used_direct_fallback": false,
        "used_lite_fallback": false,
        "failed": false,
        "backend": "ddgs",
        "attempts": [
          {
            "attempt": 1,
            "path": "ddgs",
            "proxy_configured": false,
            "timeout_seconds": 30.0,
            "duration_ms": 1432,
            "ok": true,
            "endpoint": "ddgs",
            "status": 200,
            "result_count": 5
          }
        ]
      },
      {
        "url": "https://html.duckduckgo.com/html/?q=real+name+of+boxer+Marvelous+Marvin+Hagler",
        "query": "real name of boxer Marvelous Marvin Hagler",
        "cache_hit": false,
        "duration_ms": 1336,
        "used_ddgs": true,
        "used_legacy_fallback": false,
        "used_direct_fallback": false,
        "used_lite_fallback": false,
        "failed": false,
        "backend": "ddgs",
        "attempts": [
          {
            "attempt": 1,
            "path": "ddgs",
            "proxy_configured": false,
            "timeout_seconds": 30.0,
            "duration_ms": 1336,
            "ok": true,
            "endpoint": "ddgs",
            "status": 200,
            "result_count": 5
          }
        ]
      },
      {
        "url": "https://html.duckduckgo.com/html/?q=What+is+the+name+of+the+production+company+behind+the+film+Fatal+Attraction%3F",
        "query": "What is the name of the production company behind the film Fatal Attraction?",
        "cache_hit": false,
        "duration_ms": 1480,
        "used_ddgs": true,
        "used_legacy_fallback": false,
        "used_direct_fallback": false,
        "used_lite_fallback": false,
        "failed": false,
        "backend": "ddgs",
        "attempts": [
          {
            "attempt": 1,
            "path": "ddgs",
            "proxy_configured": false,
            "timeout_seconds": 30.0,
            "duration_ms": 1480,
            "ok": true,
            "endpoint": "ddgs",
            "status": 200,
            "result_count": 5
          }
        ]
      },
      {
        "url": "https://html.duckduckgo.com/html/?q=production+company+of+Fatal+Attraction",
        "query": "production company of Fatal Attraction",
        "cache_hit": false,
        "duration_ms": 2032,
        "used_ddgs": true,
        "used_legacy_fallback": false,
        "used_direct_fallback": false,
        "used_lite_fallback": false,
        "failed": false,
        "backend": "ddgs",
        "attempts": [
          {
            "attempt": 1,
            "path": "ddgs",
            "proxy_configured": false,
            "timeout_seconds": 30.0,
            "duration_ms": 2032,
            "ok": true,
            "endpoint": "ddgs",
            "status": 200,
            "result_count": 5
          }
        ]
      },
      {
        "url": "https://html.duckduckgo.com/html/?q=who+produced+Fatal+Attraction",
        "query": "who produced Fatal Attraction",
        "cache_hit": false,
        "duration_ms": 2002,
        "used_ddgs": true,
        "used_legacy_fallback": false,
        "used_direct_fallback": false,
        "used_lite_fallback": false,
        "failed": false,
        "backend": "ddgs",
        "attempts": [
          {
            "attempt": 1,
            "path": "ddgs",
            "proxy_configured": false,
            "timeout_seconds": 30.0,
            "duration_ms": 2002,
            "ok": true,
            "endpoint": "ddgs",
            "status": 200,
            "result_count": 5
          }
        ]
      },
      {
        "url": "https://html.duckduckgo.com/html/?q=birth+city+of+Marvelous+Marvin+Hagler",
        "query": "birth city of Marvelous Marvin Hagler",
        "cache_hit": false,
        "duration_ms": 604,
        "used_ddgs": true,
        "used_legacy_fallback": false,
        "used_direct_fallback": false,
        "used_lite_fallback": false,
        "failed": false,
        "backend": "ddgs",
        "attempts": [
          {
            "attempt": 1,
            "path": "ddgs",
            "proxy_configured": false,
            "timeout_seconds": 30.0,
            "duration_ms": 604,
            "ok": true,
            "endpoint": "ddgs",
            "status": 200,
            "result_count": 5
          }
        ]
      },
      {
        "url": "https://html.duckduckgo.com/html/?q=In+which+city+was+Marvelous+Marvin+Hagler+born%3F",
        "query": "In which city was Marvelous Marvin Hagler born?",
        "cache_hit": false,
        "duration_ms": 1815,
        "used_ddgs": true,
        "used_legacy_fallback": false,
        "used_direct_fallback": false,
        "used_lite_fallback": false,
        "failed": false,
        "backend": "ddgs",
        "attempts": [
          {
            "attempt": 1,
            "path": "ddgs",
            "proxy_configured": false,
            "timeout_seconds": 30.0,
            "duration_ms": 1815,
            "ok": true,
            "endpoint": "ddgs",
            "status": 200,
            "result_count": 5
          }
        ]
      },
      {
        "url": "https://html.duckduckgo.com/html/?q=where+was+Marvelous+Marvin+Hagler+born",
        "query": "where was Marvelous Marvin Hagler born",
        "cache_hit": false,
        "duration_ms": 1457,
        "used_ddgs": true,
        "used_legacy_fallback": false,
        "used_direct_fallback": false,
        "used_lite_fallback": false,
        "failed": false,
        "backend": "ddgs",
        "attempts": [
          {
            "attempt": 1,
            "path": "ddgs",
            "proxy_configured": false,
            "timeout_seconds": 30.0,
            "duration_ms": 1457,
            "ok": true,
            "endpoint": "ddgs",
            "status": 200,
            "result_count": 5
          }
        ]
      },
      {
        "url": "https://html.duckduckgo.com/html/?q=How+many+total+professional+fights+did+Marvelous+Marvin+Hagler+have%3F",
        "query": "How many total professional fights did Marvelous Marvin Hagler have?",
        "cache_hit": false,
        "duration_ms": 1210,
        "used_ddgs": true,
        "used_legacy_fallback": false,
        "used_direct_fallback": false,
        "used_lite_fallback": false,
        "failed": false,
        "backend": "ddgs",
        "attempts": [
          {
            "attempt": 1,
            "path": "ddgs",
            "proxy_configured": false,
            "timeout_seconds": 30.0,
            "duration_ms": 1210,
            "ok": true,
            "endpoint": "ddgs",
            "status": 200,
            "result_count": 5
          }
        ]
      },
      {
        "url": "https://html.duckduckgo.com/html/?q=number+of+professional+boxing+matches+Marvelous+Marvin+Hagler",
        "query": "number of professional boxing matches Marvelous Marvin Hagler",
        "cache_hit": false,
        "duration_ms": 1435,
        "used_ddgs": true,
        "used_legacy_fallback": false,
        "used_direct_fallback": false,
        "used_lite_fallback": false,
        "failed": false,
        "backend": "ddgs",
        "attempts": [
          {
            "attempt": 1,
            "path": "ddgs",
            "proxy_configured": false,
            "timeout_seconds": 30.0,
            "duration_ms": 1435,
            "ok": true,
            "endpoint": "ddgs",
            "status": 200,
            "result_count": 5
          }
        ]
      },
      {
        "url": "https://html.duckduckgo.com/html/?q=running+time+of+Ponyo+in+minutes",
        "query": "running time of Ponyo in minutes",
        "cache_hit": false,
        "duration_ms": 1544,
        "used_ddgs": true,
        "used_legacy_fallback": false,
        "used_direct_fallback": false,
        "used_lite_fallback": false,
        "failed": false,
        "backend": "ddgs",
        "attempts": [
          {
            "attempt": 1,
            "path": "ddgs",
            "proxy_configured": false,
            "timeout_seconds": 30.0,
            "duration_ms": 1544,
            "ok": true,
            "endpoint": "ddgs",
            "status": 200,
            "result_count": 5
          }
        ]
      },
      {
        "url": "https://html.duckduckgo.com/html/?q=length+of+Ponyo+film",
        "query": "length of Ponyo film",
        "cache_hit": false,
        "duration_ms": 924,
        "used_ddgs": true,
        "used_legacy_fallback": false,
        "used_direct_fallback": false,
        "used_lite_fallback": false,
        "failed": false,
        "backend": "ddgs",
        "attempts": [
          {
            "attempt": 1,
            "path": "ddgs",
            "proxy_configured": false,
            "timeout_seconds": 30.0,
            "duration_ms": 924,
            "ok": true,
            "endpoint": "ddgs",
            "status": 200,
            "result_count": 5
          }
        ]
      },
      {
        "url": "https://html.duckduckgo.com/html/?q=Who+directed+the+2002+film+XXX%3F",
        "query": "Who directed the 2002 film XXX?",
        "cache_hit": false,
        "duration_ms": 1603,
        "used_ddgs": true,
        "used_legacy_fallback": false,
        "used_direct_fallback": false,
        "used_lite_fallback": false,
        "failed": false,
        "backend": "ddgs",
        "attempts": [
          {
            "attempt": 1,
            "path": "ddgs",
            "proxy_configured": false,
            "timeout_seconds": 30.0,
            "duration_ms": 1603,
            "ok": true,
            "endpoint": "ddgs",
            "status": 200,
            "result_count": 5
          }
        ]
      },
      {
        "url": "https://html.duckduckgo.com/html/?q=director+of+2002+film+XXX",
        "query": "director of 2002 film XXX",
        "cache_hit": false,
        "duration_ms": 932,
        "used_ddgs": true,
        "used_legacy_fallback": false,
        "used_direct_fallback": false,
        "used_lite_fallback": false,
        "failed": false,
        "backend": "ddgs",
        "attempts": [
          {
            "attempt": 1,
            "path": "ddgs",
            "proxy_configured": false,
            "timeout_seconds": 30.0,
            "duration_ms": 932,
            "ok": true,
            "endpoint": "ddgs",
            "status": 200,
            "result_count": 5
          }
        ]
      },
      {
        "url": "https://html.duckduckgo.com/html/?q=who+directed+XXX+2002+movie",
        "query": "who directed XXX 2002 movie",
        "cache_hit": false,
        "duration_ms": 577,
        "used_ddgs": true,
        "used_legacy_fallback": false,
        "used_direct_fallback": false,
        "used_lite_fallback": false,
        "failed": false,
        "backend": "ddgs",
        "attempts": [
          {
            "attempt": 1,
            "path": "ddgs",
            "proxy_configured": false,
            "timeout_seconds": 30.0,
            "duration_ms": 577,
            "ok": true,
            "endpoint": "ddgs",
            "status": 200,
            "result_count": 5
          }
        ]
      },
      {
        "url": "https://html.duckduckgo.com/html/?q=Berchtesgaden+license+plate+code",
        "query": "Berchtesgaden license plate code",
        "cache_hit": false,
        "duration_ms": 31366,
        "used_ddgs": true,
        "used_legacy_fallback": false,
        "used_direct_fallback": false,
        "used_lite_fallback": false,
        "failed": false,
        "backend": "ddgs",
        "attempts": [
          {
            "attempt": 1,
            "path": "ddgs",
            "proxy_configured": false,
            "timeout_seconds": 30.0,
            "duration_ms": 31366,
            "ok": true,
            "endpoint": "ddgs",
            "status": 200,
            "result_count": 5
          }
        ]
      },
      {
        "url": "https://html.duckduckgo.com/html/?q=running+time+in+minutes+of+XXX+2002",
        "query": "running time in minutes of XXX 2002",
        "cache_hit": false,
        "duration_ms": 1058,
        "used_ddgs": true,
        "used_legacy_fallback": false,
        "used_direct_fallback": false,
        "used_lite_fallback": false,
        "failed": false,
        "backend": "ddgs",
        "attempts": [
          {
            "attempt": 1,
            "path": "ddgs",
            "proxy_configured": false,
            "timeout_seconds": 30.0,
            "duration_ms": 1058,
            "ok": true,
            "endpoint": "ddgs",
            "status": 200,
            "result_count": 5
          }
        ]
      },
      {
        "url": "https://html.duckduckgo.com/html/?q=length+of+XXX+2002+movie+in+minutes",
        "query": "length of XXX 2002 movie in minutes",
        "cache_hit": false,
        "duration_ms": 1497,
        "used_ddgs": true,
        "used_legacy_fallback": false,
        "used_direct_fallback": false,
        "used_lite_fallback": false,
        "failed": false,
        "backend": "ddgs",
        "attempts": [
          {
            "attempt": 1,
            "path": "ddgs",
            "proxy_configured": false,
            "timeout_seconds": 30.0,
            "duration_ms": 1497,
            "ok": true,
            "endpoint": "ddgs",
            "status": 200,
            "result_count": 5
          }
        ]
      },
      {
        "url": "https://html.duckduckgo.com/html/?q=What+is+the+official+website+URL+of+the+municipality+of+Berchtesgaden%3F",
        "query": "What is the official website URL of the municipality of Berchtesgaden?",
        "cache_hit": false,
        "duration_ms": 1580,
        "used_ddgs": true,
        "used_legacy_fallback": false,
        "used_direct_fallback": false,
        "used_lite_fallback": false,
        "failed": false,
        "backend": "ddgs",
        "attempts": [
          {
            "attempt": 1,
            "path": "ddgs",
            "proxy_configured": false,
            "timeout_seconds": 30.0,
            "duration_ms": 1580,
            "ok": true,
            "endpoint": "ddgs",
            "status": 200,
            "result_count": 5
          }
        ]
      },
      {
        "url": "https://html.duckduckgo.com/html/?q=total+fights+of+Marvelous+Marvin+Hagler",
        "query": "total fights of Marvelous Marvin Hagler",
        "cache_hit": false,
        "duration_ms": 30966,
        "used_ddgs": true,
        "used_legacy_fallback": false,
        "used_direct_fallback": false,
        "used_lite_fallback": false,
        "failed": false,
        "backend": "ddgs",
        "attempts": [
          {
            "attempt": 1,
            "path": "ddgs",
            "proxy_configured": false,
            "timeout_seconds": 30.0,
            "duration_ms": 30966,
            "ok": true,
            "endpoint": "ddgs",
            "status": 200,
            "result_count": 5
          }
        ]
      },
      {
        "url": "https://html.duckduckgo.com/html/?q=Berchtesgaden+municipality+website",
        "query": "Berchtesgaden municipality website",
        "cache_hit": false,
        "duration_ms": 1497,
        "used_ddgs": true,
        "used_legacy_fallback": false,
        "used_direct_fallback": false,
        "used_lite_fallback": false,
        "failed": false,
        "backend": "ddgs",
        "attempts": [
          {
            "attempt": 1,
            "path": "ddgs",
            "proxy_configured": false,
            "timeout_seconds": 30.0,
            "duration_ms": 1497,
            "ok": true,
            "endpoint": "ddgs",
            "status": 200,
            "result_count": 5
          }
        ]
      },
      {
        "url": "https://html.duckduckgo.com/html/?q=What+month%2C+day%2C+and+year+did+Marvelous+Marvin+Hagler+die%3F",
        "query": "What month, day, and year did Marvelous Marvin Hagler die?",
        "cache_hit": false,
        "duration_ms": 1905,
        "used_ddgs": true,
        "used_legacy_fallback": false,
        "used_direct_fallback": false,
        "used_lite_fallback": false,
        "failed": false,
        "backend": "ddgs",
        "attempts": [
          {
            "attempt": 1,
            "path": "ddgs",
            "proxy_configured": false,
            "timeout_seconds": 30.0,
            "duration_ms": 1905,
            "ok": true,
            "endpoint": "ddgs",
            "status": 200,
            "result_count": 5
          }
        ]
      },
      {
        "url": "https://html.duckduckgo.com/html/?q=date+of+death+of+Marvelous+Marvin+Hagler",
        "query": "date of death of Marvelous Marvin Hagler",
        "cache_hit": false,
        "duration_ms": 1691,
        "used_ddgs": true,
        "used_legacy_fallback": false,
        "used_direct_fallback": false,
        "used_lite_fallback": false,
        "failed": false,
        "backend": "ddgs",
        "attempts": [
          {
            "attempt": 1,
            "path": "ddgs",
            "proxy_configured": false,
            "timeout_seconds": 30.0,
            "duration_ms": 1691,
            "ok": true,
            "endpoint": "ddgs",
            "status": 200,
            "result_count": 5
          }
        ]
      },
      {
        "url": "https://html.duckduckgo.com/html/?q=What+is+the+running+time+in+minutes+of+the+eighth+film+Miyazaki+directed+for+Studio+Ghibli%3F",
        "query": "What is the running time in minutes of the eighth film Miyazaki directed for Studio Ghibli?",
        "cache_hit": false,
        "duration_ms": 33665,
        "used_ddgs": true,
        "used_legacy_fallback": false,
        "used_direct_fallback": false,
        "used_lite_fallback": false,
        "failed": false,
        "backend": "ddgs",
        "attempts": [
          {
            "attempt": 1,
            "path": "ddgs",
            "proxy_configured": false,
            "timeout_seconds": 30.0,
            "duration_ms": 33665,
            "ok": true,
            "endpoint": "ddgs",
            "status": 200,
            "result_count": 5
          }
        ]
      },
      {
        "url": "https://html.duckduckgo.com/html/?q=when+did+Marvelous+Marvin+Hagler+die",
        "query": "when did Marvelous Marvin Hagler die",
        "cache_hit": false,
        "duration_ms": 1104,
        "used_ddgs": true,
        "used_legacy_fallback": false,
        "used_direct_fallback": false,
        "used_lite_fallback": false,
        "failed": false,
        "backend": "ddgs",
        "attempts": [
          {
            "attempt": 1,
            "path": "ddgs",
            "proxy_configured": false,
            "timeout_seconds": 30.0,
            "duration_ms": 1104,
            "ok": true,
            "endpoint": "ddgs",
            "status": 200,
            "result_count": 5
          }
        ]
      },
      {
        "url": "https://html.duckduckgo.com/html/?q=What+is+the+running+time+in+minutes+of+the+2002+film+XXX%3F",
        "query": "What is the running time in minutes of the 2002 film XXX?",
        "cache_hit": false,
        "duration_ms": 31901,
        "used_ddgs": true,
        "used_legacy_fallback": false,
        "used_direct_fallback": false,
        "used_lite_fallback": false,
        "failed": false,
        "backend": "ddgs",
        "attempts": [
          {
            "attempt": 1,
            "path": "ddgs",
            "proxy_configured": false,
            "timeout_seconds": 30.0,
            "duration_ms": 31901,
            "ok": true,
            "endpoint": "ddgs",
            "status": 200,
            "result_count": 5
          }
        ]
      },
      {
        "url": "https://html.duckduckgo.com/html/?q=when+was+Ponyo+released",
        "query": "when was Ponyo released",
        "cache_hit": false,
        "duration_ms": 1116,
        "used_ddgs": true,
        "used_legacy_fallback": false,
        "used_direct_fallback": false,
        "used_lite_fallback": false,
        "failed": false,
        "backend": "ddgs",
        "attempts": [
          {
            "attempt": 1,
            "path": "ddgs",
            "proxy_configured": false,
            "timeout_seconds": 30.0,
            "duration_ms": 1116,
            "ok": true,
            "endpoint": "ddgs",
            "status": 200,
            "result_count": 5
          }
        ]
      },
      {
        "url": "https://html.duckduckgo.com/html/?q=official+website+Berchtesgaden",
        "query": "official website Berchtesgaden",
        "cache_hit": false,
        "duration_ms": 31564,
        "used_ddgs": true,
        "used_legacy_fallback": false,
        "used_direct_fallback": false,
        "used_lite_fallback": false,
        "failed": false,
        "backend": "ddgs",
        "attempts": [
          {
            "attempt": 1,
            "path": "ddgs",
            "proxy_configured": false,
            "timeout_seconds": 30.0,
            "duration_ms": 31564,
            "ok": true,
            "endpoint": "ddgs",
            "status": 200,
            "result_count": 5
          }
        ]
      },
      {
        "url": "https://html.duckduckgo.com/html/?q=What+month%2C+day%2C+and+year+was+the+eighth+film+Miyazaki+directed+for+Studio+Ghibli+released%3F",
        "query": "What month, day, and year was the eighth film Miyazaki directed for Studio Ghibli released?",
        "cache_hit": false,
        "duration_ms": 31358,
        "used_ddgs": true,
        "used_legacy_fallback": false,
        "used_direct_fallback": false,
        "used_lite_fallback": false,
        "failed": false,
        "backend": "ddgs",
        "attempts": [
          {
            "attempt": 1,
            "path": "ddgs",
            "proxy_configured": false,
            "timeout_seconds": 30.0,
            "duration_ms": 31358,
            "ok": true,
            "endpoint": "ddgs",
            "status": 200,
            "result_count": 5
          }
        ]
      },
      {
        "url": "https://html.duckduckgo.com/html/?q=release+date+of+Ponyo+film",
        "query": "release date of Ponyo film",
        "cache_hit": false,
        "duration_ms": 31825,
        "used_ddgs": true,
        "used_legacy_fallback": false,
        "used_direct_fallback": false,
        "used_lite_fallback": false,
        "failed": false,
        "backend": "ddgs",
        "attempts": [
          {
            "attempt": 1,
            "path": "ddgs",
            "proxy_configured": false,
            "timeout_seconds": 30.0,
            "duration_ms": 31825,
            "ok": true,
            "endpoint": "ddgs",
            "status": 200,
            "result_count": 5
          }
        ]
      },
      {
        "url": "https://html.duckduckgo.com/html/?q=Marvelous+Marvin+Hagler+fighting+style",
        "query": "Marvelous Marvin Hagler fighting style",
        "cache_hit": false,
        "duration_ms": 1354,
        "used_ddgs": true,
        "used_legacy_fallback": false,
        "used_direct_fallback": false,
        "used_lite_fallback": false,
        "failed": false,
        "backend": "ddgs",
        "attempts": [
          {
            "attempt": 1,
            "path": "ddgs",
            "proxy_configured": false,
            "timeout_seconds": 30.0,
            "duration_ms": 1354,
            "ok": true,
            "endpoint": "ddgs",
            "status": 200,
            "result_count": 5
          }
        ]
      },
      {
        "url": "https://html.duckduckgo.com/html/?q=What+was+Marvelous+Marvin+Hagler%27s+boxing+stance%3F",
        "query": "What was Marvelous Marvin Hagler's boxing stance?",
        "cache_hit": false,
        "duration_ms": 32479,
        "used_ddgs": true,
        "used_legacy_fallback": false,
        "used_direct_fallback": false,
        "used_lite_fallback": false,
        "failed": false,
        "backend": "ddgs",
        "attempts": [
          {
            "attempt": 1,
            "path": "ddgs",
            "proxy_configured": false,
            "timeout_seconds": 30.0,
            "duration_ms": 32479,
            "ok": true,
            "endpoint": "ddgs",
            "status": 200,
            "result_count": 5
          }
        ]
      },
      {
        "url": "https://html.duckduckgo.com/html/?q=when+was+XXX+movie+released+in+2002",
        "query": "when was XXX movie released in 2002",
        "cache_hit": false,
        "duration_ms": 1186,
        "used_ddgs": true,
        "used_legacy_fallback": false,
        "used_direct_fallback": false,
        "used_lite_fallback": false,
        "failed": false,
        "backend": "ddgs",
        "attempts": [
          {
            "attempt": 1,
            "path": "ddgs",
            "proxy_configured": false,
            "timeout_seconds": 30.0,
            "duration_ms": 1186,
            "ok": true,
            "endpoint": "ddgs",
            "status": 200,
            "result_count": 5
          }
        ]
      },
      {
        "url": "https://html.duckduckgo.com/html/?q=boxing+stance+of+Marvelous+Marvin+Hagler",
        "query": "boxing stance of Marvelous Marvin Hagler",
        "cache_hit": false,
        "duration_ms": 31060,
        "used_ddgs": true,
        "used_legacy_fallback": false,
        "used_direct_fallback": false,
        "used_lite_fallback": false,
        "failed": false,
        "backend": "ddgs",
        "attempts": [
          {
            "attempt": 1,
            "path": "ddgs",
            "proxy_configured": false,
            "timeout_seconds": 30.0,
            "duration_ms": 31060,
            "ok": true,
            "endpoint": "ddgs",
            "status": 200,
            "result_count": 5
          }
        ]
      },
      {
        "url": "https://html.duckduckgo.com/html/?q=Outland+Trophy+winner+1957",
        "query": "Outland Trophy winner 1957",
        "cache_hit": false,
        "duration_ms": 1356,
        "used_ddgs": true,
        "used_legacy_fallback": false,
        "used_direct_fallback": false,
        "used_lite_fallback": false,
        "failed": false,
        "backend": "ddgs",
        "attempts": [
          {
            "attempt": 1,
            "path": "ddgs",
            "proxy_configured": false,
            "timeout_seconds": 30.0,
            "duration_ms": 1356,
            "ok": true,
            "endpoint": "ddgs",
            "status": 200,
            "result_count": 5
          }
        ]
      },
      {
        "url": "https://html.duckduckgo.com/html/?q=1957+Outland+Trophy+recipient",
        "query": "1957 Outland Trophy recipient",
        "cache_hit": false,
        "duration_ms": 3080,
        "used_ddgs": true,
        "used_legacy_fallback": false,
        "used_direct_fallback": false,
        "used_lite_fallback": false,
        "failed": false,
        "backend": "ddgs",
        "attempts": [
          {
            "attempt": 1,
            "path": "ddgs",
            "proxy_configured": false,
            "timeout_seconds": 30.0,
            "duration_ms": 3080,
            "ok": true,
            "endpoint": "ddgs",
            "status": 200,
            "result_count": 5
          }
        ]
      },
      {
        "url": "https://html.duckduckgo.com/html/?q=What+is+the+Japanese+name+of+the+eighth+film+Miyazaki+directed+for+Studio+Ghibli%3F",
        "query": "What is the Japanese name of the eighth film Miyazaki directed for Studio Ghibli?",
        "cache_hit": false,
        "duration_ms": 1593,
        "used_ddgs": true,
        "used_legacy_fallback": false,
        "used_direct_fallback": false,
        "used_lite_fallback": false,
        "failed": false,
        "backend": "ddgs",
        "attempts": [
          {
            "attempt": 1,
            "path": "ddgs",
            "proxy_configured": false,
            "timeout_seconds": 30.0,
            "duration_ms": 1593,
            "ok": true,
            "endpoint": "ddgs",
            "status": 200,
            "result_count": 5
          }
        ]
      },
      {
        "url": "https://html.duckduckgo.com/html/?q=What+month%2C+day%2C+and+year+was+the+2002+film+XXX+released%3F",
        "query": "What month, day, and year was the 2002 film XXX released?",
        "cache_hit": false,
        "duration_ms": 31094,
        "used_ddgs": true,
        "used_legacy_fallback": false,
        "used_direct_fallback": false,
        "used_lite_fallback": false,
        "failed": false,
        "backend": "ddgs",
        "attempts": [
          {
            "attempt": 1,
            "path": "ddgs",
            "proxy_configured": false,
            "timeout_seconds": 30.0,
            "duration_ms": 31094,
            "ok": true,
            "endpoint": "ddgs",
            "status": 200,
            "result_count": 5
          }
        ]
      },
      {
        "url": "https://html.duckduckgo.com/html/?q=release+date+of+XXX+2002+film",
        "query": "release date of XXX 2002 film",
        "cache_hit": false,
        "duration_ms": 31086,
        "used_ddgs": true,
        "used_legacy_fallback": false,
        "used_direct_fallback": false,
        "used_lite_fallback": false,
        "failed": false,
        "backend": "ddgs",
        "attempts": [
          {
            "attempt": 1,
            "path": "ddgs",
            "proxy_configured": false,
            "timeout_seconds": 30.0,
            "duration_ms": 31086,
            "ok": true,
            "endpoint": "ddgs",
            "status": 200,
            "result_count": 5
          }
        ]
      },
      {
        "url": "https://html.duckduckgo.com/html/?q=original+Japanese+title+of+Ponyo",
        "query": "original Japanese title of Ponyo",
        "cache_hit": false,
        "duration_ms": 2550,
        "used_ddgs": true,
        "used_legacy_fallback": false,
        "used_direct_fallback": false,
        "used_lite_fallback": false,
        "failed": false,
        "backend": "ddgs",
        "attempts": [
          {
            "attempt": 1,
            "path": "ddgs",
            "proxy_configured": false,
            "timeout_seconds": 30.0,
            "duration_ms": 2550,
            "ok": true,
            "endpoint": "ddgs",
            "status": 200,
            "result_count": 5
          }
        ]
      },
      {
        "url": "https://html.duckduckgo.com/html/?q=provinces+location+Netherlands",
        "query": "provinces location Netherlands",
        "cache_hit": false,
        "duration_ms": 1377,
        "used_ddgs": true,
        "used_legacy_fallback": false,
        "used_direct_fallback": false,
        "used_lite_fallback": false,
        "failed": false,
        "backend": "ddgs",
        "attempts": [
          {
            "attempt": 1,
            "path": "ddgs",
            "proxy_configured": false,
            "timeout_seconds": 30.0,
            "duration_ms": 1377,
            "ok": true,
            "endpoint": "ddgs",
            "status": 200,
            "result_count": 5
          }
        ]
      },
      {
        "url": "https://html.duckduckgo.com/html/?q=Who+won+the+Outland+Trophy+in+1957%3F",
        "query": "Who won the Outland Trophy in 1957?",
        "cache_hit": false,
        "duration_ms": 31887,
        "used_ddgs": true,
        "used_legacy_fallback": false,
        "used_direct_fallback": false,
        "used_lite_fallback": false,
        "failed": false,
        "backend": "ddgs",
        "attempts": [
          {
            "attempt": 1,
            "path": "ddgs",
            "proxy_configured": false,
            "timeout_seconds": 30.0,
            "duration_ms": 31887,
            "ok": true,
            "endpoint": "ddgs",
            "status": 200,
            "result_count": 5
          }
        ]
      },
      {
        "url": "https://html.duckduckgo.com/html/?q=Who+directed+the+film+Licorice+Pizza%3F",
        "query": "Who directed the film Licorice Pizza?",
        "cache_hit": false,
        "duration_ms": 2791,
        "used_ddgs": true,
        "used_legacy_fallback": false,
        "used_direct_fallback": false,
        "used_lite_fallback": false,
        "failed": false,
        "backend": "ddgs",
        "attempts": [
          {
            "attempt": 1,
            "path": "ddgs",
            "proxy_configured": false,
            "timeout_seconds": 30.0,
            "duration_ms": 2791,
            "ok": true,
            "endpoint": "ddgs",
            "status": 200,
            "result_count": 5
          }
        ]
      },
      {
        "url": "https://html.duckduckgo.com/html/?q=Japanese+name+of+Ponyo+film",
        "query": "Japanese name of Ponyo film",
        "cache_hit": false,
        "duration_ms": 33062,
        "used_ddgs": true,
        "used_legacy_fallback": false,
        "used_direct_fallback": false,
        "used_lite_fallback": false,
        "failed": false,
        "backend": "ddgs",
        "attempts": [
          {
            "attempt": 1,
            "path": "ddgs",
            "proxy_configured": false,
            "timeout_seconds": 30.0,
            "duration_ms": 33062,
            "ok": true,
            "endpoint": "ddgs",
            "status": 200,
            "result_count": 5
          }
        ]
      },
      {
        "url": "https://html.duckduckgo.com/html/?q=In+which+city+was+Alex+Karras+born%3F",
        "query": "In which city was Alex Karras born?",
        "cache_hit": false,
        "duration_ms": 1511,
        "used_ddgs": true,
        "used_legacy_fallback": false,
        "used_direct_fallback": false,
        "used_lite_fallback": false,
        "failed": false,
        "backend": "ddgs",
        "attempts": [
          {
            "attempt": 1,
            "path": "ddgs",
            "proxy_configured": false,
            "timeout_seconds": 30.0,
            "duration_ms": 1511,
            "ok": true,
            "endpoint": "ddgs",
            "status": 200,
            "result_count": 5
          }
        ]
      },
      {
        "url": "https://html.duckduckgo.com/html/?q=Alex+Karras+birthplace+city",
        "query": "Alex Karras birthplace city",
        "cache_hit": false,
        "duration_ms": 861,
        "used_ddgs": true,
        "used_legacy_fallback": false,
        "used_direct_fallback": false,
        "used_lite_fallback": false,
        "failed": false,
        "backend": "ddgs",
        "attempts": [
          {
            "attempt": 1,
            "path": "ddgs",
            "proxy_configured": false,
            "timeout_seconds": 30.0,
            "duration_ms": 861,
            "ok": true,
            "endpoint": "ddgs",
            "status": 200,
            "result_count": 5
          }
        ]
      },
      {
        "url": "https://html.duckduckgo.com/html/?q=Where+was+Alex+Karras+born",
        "query": "Where was Alex Karras born",
        "cache_hit": false,
        "duration_ms": 1523,
        "used_ddgs": true,
        "used_legacy_fallback": false,
        "used_direct_fallback": false,
        "used_lite_fallback": false,
        "failed": false,
        "backend": "ddgs",
        "attempts": [
          {
            "attempt": 1,
            "path": "ddgs",
            "proxy_configured": false,
            "timeout_seconds": 30.0,
            "duration_ms": 1523,
            "ok": true,
            "endpoint": "ddgs",
            "status": 200,
            "result_count": 5
          }
        ]
      },
      {
        "url": "https://html.duckduckgo.com/html/?q=What+country+are+the+provinces+located+in%3F",
        "query": "What country are the provinces located in?",
        "cache_hit": false,
        "duration_ms": 30958,
        "used_ddgs": true,
        "used_legacy_fallback": false,
        "used_direct_fallback": false,
        "used_lite_fallback": false,
        "failed": false,
        "backend": "ddgs",
        "attempts": [
          {
            "attempt": 1,
            "path": "ddgs",
            "proxy_configured": false,
            "timeout_seconds": 30.0,
            "duration_ms": 30958,
            "ok": true,
            "endpoint": "ddgs",
            "status": 200,
            "result_count": 5
          }
        ]
      },
      {
        "url": "https://html.duckduckgo.com/html/?q=What+was+Alex+Karras%27s+overall+pick+number+in+the+1958+NFL+draft%3F",
        "query": "What was Alex Karras's overall pick number in the 1958 NFL draft?",
        "cache_hit": false,
        "duration_ms": 961,
        "used_ddgs": true,
        "used_legacy_fallback": false,
        "used_direct_fallback": false,
        "used_lite_fallback": false,
        "failed": false,
        "backend": "ddgs",
        "attempts": [
          {
            "attempt": 1,
            "path": "ddgs",
            "proxy_configured": false,
            "timeout_seconds": 30.0,
            "duration_ms": 961,
            "ok": true,
            "endpoint": "ddgs",
            "status": 200,
            "result_count": 5
          }
        ]
      },
      {
        "url": "https://html.duckduckgo.com/html/?q=Alex+Karras+1958+NFL+draft+pick+number",
        "query": "Alex Karras 1958 NFL draft pick number",
        "cache_hit": false,
        "duration_ms": 2680,
        "used_ddgs": true,
        "used_legacy_fallback": false,
        "used_direct_fallback": false,
        "used_lite_fallback": false,
        "failed": false,
        "backend": "ddgs",
        "attempts": [
          {
            "attempt": 1,
            "path": "ddgs",
            "proxy_configured": false,
            "timeout_seconds": 30.0,
            "duration_ms": 2680,
            "ok": true,
            "endpoint": "ddgs",
            "status": 200,
            "result_count": 5
          }
        ]
      },
      {
        "url": "https://html.duckduckgo.com/html/?q=How+many+provinces+are+there+in+the+Netherlands%3F",
        "query": "How many provinces are there in the Netherlands?",
        "cache_hit": false,
        "duration_ms": 1880,
        "used_ddgs": true,
        "used_legacy_fallback": false,
        "used_direct_fallback": false,
        "used_lite_fallback": false,
        "failed": false,
        "backend": "ddgs",
        "attempts": [
          {
            "attempt": 1,
            "path": "ddgs",
            "proxy_configured": false,
            "timeout_seconds": 30.0,
            "duration_ms": 1880,
            "ok": true,
            "endpoint": "ddgs",
            "status": 200,
            "result_count": 5
          }
        ]
      },
      {
        "url": "https://html.duckduckgo.com/html/?q=number+of+provinces+in+the+Netherlands",
        "query": "number of provinces in the Netherlands",
        "cache_hit": false,
        "duration_ms": 1201,
        "used_ddgs": true,
        "used_legacy_fallback": false,
        "used_direct_fallback": false,
        "used_lite_fallback": false,
        "failed": false,
        "backend": "ddgs",
        "attempts": [
          {
            "attempt": 1,
            "path": "ddgs",
            "proxy_configured": false,
            "timeout_seconds": 30.0,
            "duration_ms": 1201,
            "ok": true,
            "endpoint": "ddgs",
            "status": 200,
            "result_count": 5
          }
        ]
      },
      {
        "url": "https://html.duckduckgo.com/html/?q=how+many+provinces+does+the+Netherlands+have",
        "query": "how many provinces does the Netherlands have",
        "cache_hit": false,
        "duration_ms": 2520,
        "used_ddgs": true,
        "used_legacy_fallback": false,
        "used_direct_fallback": false,
        "used_lite_fallback": false,
        "failed": false,
        "backend": "ddgs",
        "attempts": [
          {
            "attempt": 1,
            "path": "ddgs",
            "proxy_configured": false,
            "timeout_seconds": 30.0,
            "duration_ms": 2520,
            "ok": true,
            "endpoint": "ddgs",
            "status": 200,
            "result_count": 5
          }
        ]
      },
      {
        "url": "https://html.duckduckgo.com/html/?q=director+of+Licorice+Pizza",
        "query": "director of Licorice Pizza",
        "cache_hit": false,
        "duration_ms": 30663,
        "used_ddgs": true,
        "used_legacy_fallback": false,
        "used_direct_fallback": false,
        "used_lite_fallback": false,
        "failed": false,
        "backend": "ddgs",
        "attempts": [
          {
            "attempt": 1,
            "path": "ddgs",
            "proxy_configured": false,
            "timeout_seconds": 30.0,
            "duration_ms": 30663,
            "ok": true,
            "endpoint": "ddgs",
            "status": 200,
            "result_count": 5
          }
        ]
      },
      {
        "url": "https://html.duckduckgo.com/html/?q=How+many+doors+does+the+Ford+Mustang%27s+body+style+include%3F",
        "query": "How many doors does the Ford Mustang's body style include?",
        "cache_hit": false,
        "duration_ms": 3116,
        "used_ddgs": true,
        "used_legacy_fallback": false,
        "used_direct_fallback": false,
        "used_lite_fallback": false,
        "failed": false,
        "backend": "ddgs",
        "attempts": [
          {
            "attempt": 1,
            "path": "ddgs",
            "proxy_configured": false,
            "timeout_seconds": 30.0,
            "duration_ms": 3116,
            "ok": true,
            "endpoint": "ddgs",
            "status": 200,
            "result_count": 5
          }
        ]
      },
      {
        "url": "https://html.duckduckgo.com/html/?q=Ford+Mustang+body+style+door+count",
        "query": "Ford Mustang body style door count",
        "cache_hit": false,
        "duration_ms": 2147,
        "used_ddgs": true,
        "used_legacy_fallback": false,
        "used_direct_fallback": false,
        "used_lite_fallback": false,
        "failed": false,
        "backend": "ddgs",
        "attempts": [
          {
            "attempt": 1,
            "path": "ddgs",
            "proxy_configured": false,
            "timeout_seconds": 30.0,
            "duration_ms": 2147,
            "ok": true,
            "endpoint": "ddgs",
            "status": 200,
            "result_count": 5
          }
        ]
      },
      {
        "url": "https://html.duckduckgo.com/html/?q=Number+of+doors+in+Ford+Mustang+body+styles",
        "query": "Number of doors in Ford Mustang body styles",
        "cache_hit": false,
        "duration_ms": 1375,
        "used_ddgs": true,
        "used_legacy_fallback": false,
        "used_direct_fallback": false,
        "used_lite_fallback": false,
        "failed": false,
        "backend": "ddgs",
        "attempts": [
          {
            "attempt": 1,
            "path": "ddgs",
            "proxy_configured": false,
            "timeout_seconds": 30.0,
            "duration_ms": 1375,
            "ok": true,
            "endpoint": "ddgs",
            "status": 200,
            "result_count": 5
          }
        ]
      },
      {
        "url": "https://html.duckduckgo.com/html/?q=who+directed+Licorice+Pizza+film",
        "query": "who directed Licorice Pizza film",
        "cache_hit": false,
        "duration_ms": 32157,
        "used_ddgs": true,
        "used_legacy_fallback": false,
        "used_direct_fallback": false,
        "used_lite_fallback": false,
        "failed": false,
        "backend": "ddgs",
        "attempts": [
          {
            "attempt": 1,
            "path": "ddgs",
            "proxy_configured": false,
            "timeout_seconds": 30.0,
            "duration_ms": 32157,
            "ok": true,
            "endpoint": "ddgs",
            "status": 200,
            "result_count": 5
          }
        ]
      },
      {
        "url": "https://html.duckduckgo.com/html/?q=government+of+provinces+of+the+Netherlands",
        "query": "government of provinces of the Netherlands",
        "cache_hit": false,
        "duration_ms": 1439,
        "used_ddgs": true,
        "used_legacy_fallback": false,
        "used_direct_fallback": false,
        "used_lite_fallback": false,
        "failed": false,
        "backend": "ddgs",
        "attempts": [
          {
            "attempt": 1,
            "path": "ddgs",
            "proxy_configured": false,
            "timeout_seconds": 30.0,
            "duration_ms": 1439,
            "ok": true,
            "endpoint": "ddgs",
            "status": 200,
            "result_count": 5
          }
        ]
      },
      {
        "url": "https://html.duckduckgo.com/html/?q=What+is+the+name+of+the+government+body+that+administers+the+provinces+of+the+Netherlands%3F",
        "query": "What is the name of the government body that administers the provinces of the Netherlands?",
        "cache_hit": false,
        "duration_ms": 2500,
        "used_ddgs": true,
        "used_legacy_fallback": false,
        "used_direct_fallback": false,
        "used_lite_fallback": false,
        "failed": false,
        "backend": "ddgs",
        "attempts": [
          {
            "attempt": 1,
            "path": "ddgs",
            "proxy_configured": false,
            "timeout_seconds": 30.0,
            "duration_ms": 2500,
            "ok": true,
            "endpoint": "ddgs",
            "status": 200,
            "result_count": 5
          }
        ]
      },
      {
        "url": "https://html.duckduckgo.com/html/?q=1958+NFL+draft+10th+overall+pick",
        "query": "1958 NFL draft 10th overall pick",
        "cache_hit": false,
        "duration_ms": 31433,
        "used_ddgs": true,
        "used_legacy_fallback": false,
        "used_direct_fallback": false,
        "used_lite_fallback": false,
        "failed": false,
        "backend": "ddgs",
        "attempts": [
          {
            "attempt": 1,
            "path": "ddgs",
            "proxy_configured": false,
            "timeout_seconds": 30.0,
            "duration_ms": 31433,
            "ok": true,
            "endpoint": "ddgs",
            "status": 200,
            "result_count": 5
          }
        ]
      },
      {
        "url": "https://html.duckduckgo.com/html/?q=administration+of+Dutch+provinces",
        "query": "administration of Dutch provinces",
        "cache_hit": false,
        "duration_ms": 31466,
        "used_ddgs": true,
        "used_legacy_fallback": false,
        "used_direct_fallback": false,
        "used_lite_fallback": false,
        "failed": false,
        "backend": "ddgs",
        "attempts": [
          {
            "attempt": 1,
            "path": "ddgs",
            "proxy_configured": false,
            "timeout_seconds": 30.0,
            "duration_ms": 31465,
            "ok": true,
            "endpoint": "ddgs",
            "status": 200,
            "result_count": 5
          }
        ]
      },
      {
        "url": "https://html.duckduckgo.com/html/?q=What+is+the+running+time+in+minutes+of+the+film+Licorice+Pizza%3F",
        "query": "What is the running time in minutes of the film Licorice Pizza?",
        "cache_hit": false,
        "duration_ms": 32768,
        "used_ddgs": true,
        "used_legacy_fallback": false,
        "used_direct_fallback": false,
        "used_lite_fallback": false,
        "failed": false,
        "backend": "ddgs",
        "attempts": [
          {
            "attempt": 1,
            "path": "ddgs",
            "proxy_configured": false,
            "timeout_seconds": 30.0,
            "duration_ms": 32768,
            "ok": true,
            "endpoint": "ddgs",
            "status": 200,
            "result_count": 5
          }
        ]
      },
      {
        "url": "https://html.duckduckgo.com/html/?q=running+time+of+Licorice+Pizza+in+minutes",
        "query": "running time of Licorice Pizza in minutes",
        "cache_hit": false,
        "duration_ms": 32632,
        "used_ddgs": true,
        "used_legacy_fallback": false,
        "used_direct_fallback": false,
        "used_lite_fallback": false,
        "failed": false,
        "backend": "ddgs",
        "attempts": [
          {
            "attempt": 1,
            "path": "ddgs",
            "proxy_configured": false,
            "timeout_seconds": 30.0,
            "duration_ms": 32632,
            "ok": true,
            "endpoint": "ddgs",
            "status": 200,
            "result_count": 5
          }
        ]
      },
      {
        "url": "https://html.duckduckgo.com/html/?q=Who+is+the+Command+Master+Chief+Petty+Officer+of+the+Royal+Norwegian+Navy%3F",
        "query": "Who is the Command Master Chief Petty Officer of the Royal Norwegian Navy?",
        "cache_hit": false,
        "duration_ms": 1576,
        "used_ddgs": true,
        "used_legacy_fallback": false,
        "used_direct_fallback": false,
        "used_lite_fallback": false,
        "failed": false,
        "backend": "ddgs",
        "attempts": [
          {
            "attempt": 1,
            "path": "ddgs",
            "proxy_configured": false,
            "timeout_seconds": 30.0,
            "duration_ms": 1576,
            "ok": true,
            "endpoint": "ddgs",
            "status": 200,
            "result_count": 5
          }
        ]
      },
      {
        "url": "https://html.duckduckgo.com/html/?q=current+Command+Master+Chief+Petty+Officer+Norway+Navy",
        "query": "current Command Master Chief Petty Officer Norway Navy",
        "cache_hit": false,
        "duration_ms": 984,
        "used_ddgs": true,
        "used_legacy_fallback": false,
        "used_direct_fallback": false,
        "used_lite_fallback": false,
        "failed": false,
        "backend": "ddgs",
        "attempts": [
          {
            "attempt": 1,
            "path": "ddgs",
            "proxy_configured": false,
            "timeout_seconds": 30.0,
            "duration_ms": 984,
            "ok": true,
            "endpoint": "ddgs",
            "status": 200,
            "result_count": 5
          }
        ]
      },
      {
        "url": "https://html.duckduckgo.com/html/?q=Command+Master+Chief+Petty+Officer+Royal+Norwegian+Navy",
        "query": "Command Master Chief Petty Officer Royal Norwegian Navy",
        "cache_hit": false,
        "duration_ms": 1647,
        "used_ddgs": true,
        "used_legacy_fallback": false,
        "used_direct_fallback": false,
        "used_lite_fallback": false,
        "failed": false,
        "backend": "ddgs",
        "attempts": [
          {
            "attempt": 1,
            "path": "ddgs",
            "proxy_configured": false,
            "timeout_seconds": 30.0,
            "duration_ms": 1647,
            "ok": true,
            "endpoint": "ddgs",
            "status": 200,
            "result_count": 5
          }
        ]
      },
      {
        "url": "https://html.duckduckgo.com/html/?q=Alex+Karras+birth+date",
        "query": "Alex Karras birth date",
        "cache_hit": false,
        "duration_ms": 706,
        "used_ddgs": true,
        "used_legacy_fallback": false,
        "used_direct_fallback": false,
        "used_lite_fallback": false,
        "failed": false,
        "backend": "ddgs",
        "attempts": [
          {
            "attempt": 1,
            "path": "ddgs",
            "proxy_configured": false,
            "timeout_seconds": 30.0,
            "duration_ms": 706,
            "ok": true,
            "endpoint": "ddgs",
            "status": 200,
            "result_count": 5
          }
        ]
      },
      {
        "url": "https://html.duckduckgo.com/html/?q=When+was+Alex+Karras+born",
        "query": "When was Alex Karras born",
        "cache_hit": false,
        "duration_ms": 1636,
        "used_ddgs": true,
        "used_legacy_fallback": false,
        "used_direct_fallback": false,
        "used_lite_fallback": false,
        "failed": false,
        "backend": "ddgs",
        "attempts": [
          {
            "attempt": 1,
            "path": "ddgs",
            "proxy_configured": false,
            "timeout_seconds": 30.0,
            "duration_ms": 1636,
            "ok": true,
            "endpoint": "ddgs",
            "status": 200,
            "result_count": 5
          }
        ]
      },
      {
        "url": "https://html.duckduckgo.com/html/?q=length+of+Licorice+Pizza+movie",
        "query": "length of Licorice Pizza movie",
        "cache_hit": false,
        "duration_ms": 32970,
        "used_ddgs": true,
        "used_legacy_fallback": false,
        "used_direct_fallback": false,
        "used_lite_fallback": false,
        "failed": false,
        "backend": "ddgs",
        "attempts": [
          {
            "attempt": 1,
            "path": "ddgs",
            "proxy_configured": false,
            "timeout_seconds": 30.0,
            "duration_ms": 32969,
            "ok": true,
            "endpoint": "ddgs",
            "status": 200,
            "result_count": 5
          }
        ]
      },
      {
        "url": "https://html.duckduckgo.com/html/?q=where+is+the+Royal+Norwegian+Navy+headquarters",
        "query": "where is the Royal Norwegian Navy headquarters",
        "cache_hit": false,
        "duration_ms": 927,
        "used_ddgs": true,
        "used_legacy_fallback": false,
        "used_direct_fallback": false,
        "used_lite_fallback": false,
        "failed": false,
        "backend": "ddgs",
        "attempts": [
          {
            "attempt": 1,
            "path": "ddgs",
            "proxy_configured": false,
            "timeout_seconds": 30.0,
            "duration_ms": 927,
            "ok": true,
            "endpoint": "ddgs",
            "status": 200,
            "result_count": 5
          }
        ]
      },
      {
        "url": "https://html.duckduckgo.com/html/?q=Who+is+the+maternal+grandfather+of+Tom+Felton%3F",
        "query": "Who is the maternal grandfather of Tom Felton?",
        "cache_hit": false,
        "duration_ms": 3048,
        "used_ddgs": true,
        "used_legacy_fallback": false,
        "used_direct_fallback": false,
        "used_lite_fallback": false,
        "failed": false,
        "backend": "ddgs",
        "attempts": [
          {
            "attempt": 1,
            "path": "ddgs",
            "proxy_configured": false,
            "timeout_seconds": 30.0,
            "duration_ms": 3048,
            "ok": true,
            "endpoint": "ddgs",
            "status": 200,
            "result_count": 5
          }
        ]
      },
      {
        "url": "https://html.duckduckgo.com/html/?q=What+month%2C+day%2C+and+year+was+Alex+Karras+born%3F",
        "query": "What month, day, and year was Alex Karras born?",
        "cache_hit": false,
        "duration_ms": 30918,
        "used_ddgs": true,
        "used_legacy_fallback": false,
        "used_direct_fallback": false,
        "used_lite_fallback": false,
        "failed": false,
        "backend": "ddgs",
        "attempts": [
          {
            "attempt": 1,
            "path": "ddgs",
            "proxy_configured": false,
            "timeout_seconds": 30.0,
            "duration_ms": 30918,
            "ok": true,
            "endpoint": "ddgs",
            "status": 200,
            "result_count": 5
          }
        ]
      },
      {
        "url": "https://html.duckduckgo.com/html/?q=What+month%2C+day%2C+and+year+was+the+film+Licorice+Pizza+released%3F",
        "query": "What month, day, and year was the film Licorice Pizza released?",
        "cache_hit": false,
        "duration_ms": 2087,
        "used_ddgs": true,
        "used_legacy_fallback": false,
        "used_direct_fallback": false,
        "used_lite_fallback": false,
        "failed": false,
        "backend": "ddgs",
        "attempts": [
          {
            "attempt": 1,
            "path": "ddgs",
            "proxy_configured": false,
            "timeout_seconds": 30.0,
            "duration_ms": 2087,
            "ok": true,
            "endpoint": "ddgs",
            "status": 200,
            "result_count": 5
          }
        ]
      },
      {
        "url": "https://html.duckduckgo.com/html/?q=release+date+of+Licorice+Pizza",
        "query": "release date of Licorice Pizza",
        "cache_hit": false,
        "duration_ms": 1098,
        "used_ddgs": true,
        "used_legacy_fallback": false,
        "used_direct_fallback": false,
        "used_lite_fallback": false,
        "failed": false,
        "backend": "ddgs",
        "attempts": [
          {
            "attempt": 1,
            "path": "ddgs",
            "proxy_configured": false,
            "timeout_seconds": 30.0,
            "duration_ms": 1098,
            "ok": true,
            "endpoint": "ddgs",
            "status": 200,
            "result_count": 5
          }
        ]
      },
      {
        "url": "https://html.duckduckgo.com/html/?q=when+was+Licorice+Pizza+released",
        "query": "when was Licorice Pizza released",
        "cache_hit": false,
        "duration_ms": 973,
        "used_ddgs": true,
        "used_legacy_fallback": false,
        "used_direct_fallback": false,
        "used_lite_fallback": false,
        "failed": false,
        "backend": "ddgs",
        "attempts": [
          {
            "attempt": 1,
            "path": "ddgs",
            "proxy_configured": false,
            "timeout_seconds": 30.0,
            "duration_ms": 973,
            "ok": true,
            "endpoint": "ddgs",
            "status": 200,
            "result_count": 5
          }
        ]
      },
      {
        "url": "https://html.duckduckgo.com/html/?q=What+position+did+Alex+Karras+play+in+football%3F",
        "query": "What position did Alex Karras play in football?",
        "cache_hit": false,
        "duration_ms": 1315,
        "used_ddgs": true,
        "used_legacy_fallback": false,
        "used_direct_fallback": false,
        "used_lite_fallback": false,
        "failed": false,
        "backend": "ddgs",
        "attempts": [
          {
            "attempt": 1,
            "path": "ddgs",
            "proxy_configured": false,
            "timeout_seconds": 30.0,
            "duration_ms": 1315,
            "ok": true,
            "endpoint": "ddgs",
            "status": 200,
            "result_count": 5
          }
        ]
      },
      {
        "url": "https://html.duckduckgo.com/html/?q=Alex+Karras+football+position",
        "query": "Alex Karras football position",
        "cache_hit": false,
        "duration_ms": 1403,
        "used_ddgs": true,
        "used_legacy_fallback": false,
        "used_direct_fallback": false,
        "used_lite_fallback": false,
        "failed": false,
        "backend": "ddgs",
        "attempts": [
          {
            "attempt": 1,
            "path": "ddgs",
            "proxy_configured": false,
            "timeout_seconds": 30.0,
            "duration_ms": 1403,
            "ok": true,
            "endpoint": "ddgs",
            "status": 200,
            "result_count": 5
          }
        ]
      },
      {
        "url": "https://html.duckduckgo.com/html/?q=Royal+Norwegian+Navy+headquarters+location",
        "query": "Royal Norwegian Navy headquarters location",
        "cache_hit": false,
        "duration_ms": 31033,
        "used_ddgs": true,
        "used_legacy_fallback": false,
        "used_direct_fallback": false,
        "used_lite_fallback": false,
        "failed": false,
        "backend": "ddgs",
        "attempts": [
          {
            "attempt": 1,
            "path": "ddgs",
            "proxy_configured": false,
            "timeout_seconds": 30.0,
            "duration_ms": 31033,
            "ok": true,
            "endpoint": "ddgs",
            "status": 200,
            "result_count": 5
          }
        ]
      },
      {
        "url": "https://html.duckduckgo.com/html/?q=What+is+the+location+of+the+headquarters+of+the+Royal+Norwegian+Navy%3F",
        "query": "What is the location of the headquarters of the Royal Norwegian Navy?",
        "cache_hit": false,
        "duration_ms": 31512,
        "used_ddgs": true,
        "used_legacy_fallback": false,
        "used_direct_fallback": false,
        "used_lite_fallback": false,
        "failed": false,
        "backend": "ddgs",
        "attempts": [
          {
            "attempt": 1,
            "path": "ddgs",
            "proxy_configured": false,
            "timeout_seconds": 30.0,
            "duration_ms": 31512,
            "ok": true,
            "endpoint": "ddgs",
            "status": 200,
            "result_count": 5
          }
        ]
      },
      {
        "url": "https://html.duckduckgo.com/html/?q=Position+played+by+Alex+Karras",
        "query": "Position played by Alex Karras",
        "cache_hit": false,
        "duration_ms": 1391,
        "used_ddgs": true,
        "used_legacy_fallback": false,
        "used_direct_fallback": false,
        "used_lite_fallback": false,
        "failed": false,
        "backend": "ddgs",
        "attempts": [
          {
            "attempt": 1,
            "path": "ddgs",
            "proxy_configured": false,
            "timeout_seconds": 30.0,
            "duration_ms": 1391,
            "ok": true,
            "endpoint": "ddgs",
            "status": 200,
            "result_count": 5
          }
        ]
      },
      {
        "url": "https://html.duckduckgo.com/html/?q=official+founding+date+Royal+Norwegian+Navy",
        "query": "official founding date Royal Norwegian Navy",
        "cache_hit": false,
        "duration_ms": 1514,
        "used_ddgs": true,
        "used_legacy_fallback": false,
        "used_direct_fallback": false,
        "used_lite_fallback": false,
        "failed": false,
        "backend": "ddgs",
        "attempts": [
          {
            "attempt": 1,
            "path": "ddgs",
            "proxy_configured": false,
            "timeout_seconds": 30.0,
            "duration_ms": 1514,
            "ok": true,
            "endpoint": "ddgs",
            "status": 200,
            "result_count": 5
          }
        ]
      },
      {
        "url": "https://html.duckduckgo.com/html/?q=On+what+month%2C+day%2C+and+year+was+the+Royal+Norwegian+Navy+officially+founded%3F",
        "query": "On what month, day, and year was the Royal Norwegian Navy officially founded?",
        "cache_hit": false,
        "duration_ms": 1565,
        "used_ddgs": true,
        "used_legacy_fallback": false,
        "used_direct_fallback": false,
        "used_lite_fallback": false,
        "failed": false,
        "backend": "ddgs",
        "attempts": [
          {
            "attempt": 1,
            "path": "ddgs",
            "proxy_configured": false,
            "timeout_seconds": 30.0,
            "duration_ms": 1565,
            "ok": true,
            "endpoint": "ddgs",
            "status": 200,
            "result_count": 5
          }
        ]
      },
      {
        "url": "https://html.duckduckgo.com/html/?q=capital+city+of+Bailiwick+of+Guernsey",
        "query": "capital city of Bailiwick of Guernsey",
        "cache_hit": false,
        "duration_ms": 2731,
        "used_ddgs": true,
        "used_legacy_fallback": false,
        "used_direct_fallback": false,
        "used_lite_fallback": false,
        "failed": false,
        "backend": "ddgs",
        "attempts": [
          {
            "attempt": 1,
            "path": "ddgs",
            "proxy_configured": false,
            "timeout_seconds": 30.0,
            "duration_ms": 2731,
            "ok": true,
            "endpoint": "ddgs",
            "status": 200,
            "result_count": 5
          }
        ]
      },
      {
        "url": "https://html.duckduckgo.com/html/?q=largest+settlement+in+Bailiwick+of+Guernsey",
        "query": "largest settlement in Bailiwick of Guernsey",
        "cache_hit": false,
        "duration_ms": 883,
        "used_ddgs": true,
        "used_legacy_fallback": false,
        "used_direct_fallback": false,
        "used_lite_fallback": false,
        "failed": false,
        "backend": "ddgs",
        "attempts": [
          {
            "attempt": 1,
            "path": "ddgs",
            "proxy_configured": false,
            "timeout_seconds": 30.0,
            "duration_ms": 883,
            "ok": true,
            "endpoint": "ddgs",
            "status": 200,
            "result_count": 5
          }
        ]
      },
      {
        "url": "https://html.duckduckgo.com/html/?q=Tom+Felton+maternal+grandfather",
        "query": "Tom Felton maternal grandfather",
        "cache_hit": false,
        "duration_ms": 32520,
        "used_ddgs": true,
        "used_legacy_fallback": false,
        "used_direct_fallback": false,
        "used_lite_fallback": false,
        "failed": false,
        "backend": "ddgs",
        "attempts": [
          {
            "attempt": 1,
            "path": "ddgs",
            "proxy_configured": false,
            "timeout_seconds": 30.0,
            "duration_ms": 32520,
            "ok": true,
            "endpoint": "ddgs",
            "status": 200,
            "result_count": 5
          }
        ]
      },
      {
        "url": "https://html.duckduckgo.com/html/?q=full+name+of+footballer+Cafu",
        "query": "full name of footballer Cafu",
        "cache_hit": false,
        "duration_ms": 1417,
        "used_ddgs": true,
        "used_legacy_fallback": false,
        "used_direct_fallback": false,
        "used_lite_fallback": false,
        "failed": false,
        "backend": "ddgs",
        "attempts": [
          {
            "attempt": 1,
            "path": "ddgs",
            "proxy_configured": false,
            "timeout_seconds": 30.0,
            "duration_ms": 1417,
            "ok": true,
            "endpoint": "ddgs",
            "status": 200,
            "result_count": 5
          }
        ]
      },
      {
        "url": "https://html.duckduckgo.com/html/?q=Cafu+real+name",
        "query": "Cafu real name",
        "cache_hit": false,
        "duration_ms": 1407,
        "used_ddgs": true,
        "used_legacy_fallback": false,
        "used_direct_fallback": false,
        "used_lite_fallback": false,
        "failed": false,
        "backend": "ddgs",
        "attempts": [
          {
            "attempt": 1,
            "path": "ddgs",
            "proxy_configured": false,
            "timeout_seconds": 30.0,
            "duration_ms": 1407,
            "ok": true,
            "endpoint": "ddgs",
            "status": 200,
            "result_count": 5
          }
        ]
      },
      {
        "url": "https://html.duckduckgo.com/html/?q=when+was+Royal+Norwegian+Navy+founded",
        "query": "when was Royal Norwegian Navy founded",
        "cache_hit": false,
        "duration_ms": 31565,
        "used_ddgs": true,
        "used_legacy_fallback": false,
        "used_direct_fallback": false,
        "used_lite_fallback": false,
        "failed": false,
        "backend": "ddgs",
        "attempts": [
          {
            "attempt": 1,
            "path": "ddgs",
            "proxy_configured": false,
            "timeout_seconds": 30.0,
            "duration_ms": 31565,
            "ok": true,
            "endpoint": "ddgs",
            "status": 200,
            "result_count": 5
          }
        ]
      },
      {
        "url": "https://html.duckduckgo.com/html/?q=Tom+Felton+birthplace+city",
        "query": "Tom Felton birthplace city",
        "cache_hit": false,
        "duration_ms": 871,
        "used_ddgs": true,
        "used_legacy_fallback": false,
        "used_direct_fallback": false,
        "used_lite_fallback": false,
        "failed": false,
        "backend": "ddgs",
        "attempts": [
          {
            "attempt": 1,
            "path": "ddgs",
            "proxy_configured": false,
            "timeout_seconds": 30.0,
            "duration_ms": 871,
            "ok": true,
            "endpoint": "ddgs",
            "status": 200,
            "result_count": 5
          }
        ]
      },
      {
        "url": "https://html.duckduckgo.com/html/?q=Where+was+Tom+Felton+born",
        "query": "Where was Tom Felton born",
        "cache_hit": false,
        "duration_ms": 2117,
        "used_ddgs": true,
        "used_legacy_fallback": false,
        "used_direct_fallback": false,
        "used_lite_fallback": false,
        "failed": false,
        "backend": "ddgs",
        "attempts": [
          {
            "attempt": 1,
            "path": "ddgs",
            "proxy_configured": false,
            "timeout_seconds": 30.0,
            "duration_ms": 2117,
            "ok": true,
            "endpoint": "ddgs",
            "status": 200,
            "result_count": 5
          }
        ]
      },
      {
        "url": "https://html.duckduckgo.com/html/?q=What+is+the+role+of+the+Royal+Norwegian+Navy%3F",
        "query": "What is the role of the Royal Norwegian Navy?",
        "cache_hit": false,
        "duration_ms": 1523,
        "used_ddgs": true,
        "used_legacy_fallback": false,
        "used_direct_fallback": false,
        "used_lite_fallback": false,
        "failed": false,
        "backend": "ddgs",
        "attempts": [
          {
            "attempt": 1,
            "path": "ddgs",
            "proxy_configured": false,
            "timeout_seconds": 30.0,
            "duration_ms": 1523,
            "ok": true,
            "endpoint": "ddgs",
            "status": 200,
            "result_count": 5
          }
        ]
      },
      {
        "url": "https://html.duckduckgo.com/html/?q=role+of+Royal+Norwegian+Navy",
        "query": "role of Royal Norwegian Navy",
        "cache_hit": false,
        "duration_ms": 711,
        "used_ddgs": true,
        "used_legacy_fallback": false,
        "used_direct_fallback": false,
        "used_lite_fallback": false,
        "failed": false,
        "backend": "ddgs",
        "attempts": [
          {
            "attempt": 1,
            "path": "ddgs",
            "proxy_configured": false,
            "timeout_seconds": 30.0,
            "duration_ms": 711,
            "ok": true,
            "endpoint": "ddgs",
            "status": 200,
            "result_count": 5
          }
        ]
      },
      {
        "url": "https://html.duckduckgo.com/html/?q=What+is+the+capital+city+of+the+Bailiwick+of+Guernsey%3F",
        "query": "What is the capital city of the Bailiwick of Guernsey?",
        "cache_hit": false,
        "duration_ms": 31782,
        "used_ddgs": true,
        "used_legacy_fallback": false,
        "used_direct_fallback": false,
        "used_lite_fallback": false,
        "failed": false,
        "backend": "ddgs",
        "attempts": [
          {
            "attempt": 1,
            "path": "ddgs",
            "proxy_configured": false,
            "timeout_seconds": 30.0,
            "duration_ms": 31782,
            "ok": true,
            "endpoint": "ddgs",
            "status": 200,
            "result_count": 5
          }
        ]
      },
      {
        "url": "https://html.duckduckgo.com/html/?q=How+many+inhabited+islands+are+there+in+the+Channel+Islands+archipelago%3F",
        "query": "How many inhabited islands are there in the Channel Islands archipelago?",
        "cache_hit": false,
        "duration_ms": 2218,
        "used_ddgs": true,
        "used_legacy_fallback": false,
        "used_direct_fallback": false,
        "used_lite_fallback": false,
        "failed": false,
        "backend": "ddgs",
        "attempts": [
          {
            "attempt": 1,
            "path": "ddgs",
            "proxy_configured": false,
            "timeout_seconds": 30.0,
            "duration_ms": 2218,
            "ok": true,
            "endpoint": "ddgs",
            "status": 200,
            "result_count": 5
          }
        ]
      },
      {
        "url": "https://html.duckduckgo.com/html/?q=Who+is+the+full+name+of+the+footballer+known+as+Cafu%3F",
        "query": "Who is the full name of the footballer known as Cafu?",
        "cache_hit": false,
        "duration_ms": 31585,
        "used_ddgs": true,
        "used_legacy_fallback": false,
        "used_direct_fallback": false,
        "used_lite_fallback": false,
        "failed": false,
        "backend": "ddgs",
        "attempts": [
          {
            "attempt": 1,
            "path": "ddgs",
            "proxy_configured": false,
            "timeout_seconds": 30.0,
            "duration_ms": 31585,
            "ok": true,
            "endpoint": "ddgs",
            "status": 200,
            "result_count": 5
          }
        ]
      },
      {
        "url": "https://html.duckduckgo.com/html/?q=total+inhabited+islands+Channel+Islands",
        "query": "total inhabited islands Channel Islands",
        "cache_hit": false,
        "duration_ms": 903,
        "used_ddgs": true,
        "used_legacy_fallback": false,
        "used_direct_fallback": false,
        "used_lite_fallback": false,
        "failed": false,
        "backend": "ddgs",
        "attempts": [
          {
            "attempt": 1,
            "path": "ddgs",
            "proxy_configured": false,
            "timeout_seconds": 30.0,
            "duration_ms": 903,
            "ok": true,
            "endpoint": "ddgs",
            "status": 200,
            "result_count": 5
          }
        ]
      },
      {
        "url": "https://html.duckduckgo.com/html/?q=number+of+inhabited+islands+in+Channel+Islands",
        "query": "number of inhabited islands in Channel Islands",
        "cache_hit": false,
        "duration_ms": 3238,
        "used_ddgs": true,
        "used_legacy_fallback": false,
        "used_direct_fallback": false,
        "used_lite_fallback": false,
        "failed": false,
        "backend": "ddgs",
        "attempts": [
          {
            "attempt": 1,
            "path": "ddgs",
            "proxy_configured": false,
            "timeout_seconds": 30.0,
            "duration_ms": 3238,
            "ok": true,
            "endpoint": "ddgs",
            "status": 200,
            "result_count": 5
          }
        ]
      },
      {
        "url": "https://html.duckduckgo.com/html/?q=Cafu+place+of+birth+city",
        "query": "Cafu place of birth city",
        "cache_hit": false,
        "duration_ms": 1076,
        "used_ddgs": true,
        "used_legacy_fallback": false,
        "used_direct_fallback": false,
        "used_lite_fallback": false,
        "failed": false,
        "backend": "ddgs",
        "attempts": [
          {
            "attempt": 1,
            "path": "ddgs",
            "proxy_configured": false,
            "timeout_seconds": 30.0,
            "duration_ms": 1076,
            "ok": true,
            "endpoint": "ddgs",
            "status": 200,
            "result_count": 5
          }
        ]
      },
      {
        "url": "https://html.duckduckgo.com/html/?q=birth+city+of+Marcos+Evangelista+de+Morais",
        "query": "birth city of Marcos Evangelista de Morais",
        "cache_hit": false,
        "duration_ms": 853,
        "used_ddgs": true,
        "used_legacy_fallback": false,
        "used_direct_fallback": false,
        "used_lite_fallback": false,
        "failed": false,
        "backend": "ddgs",
        "attempts": [
          {
            "attempt": 1,
            "path": "ddgs",
            "proxy_configured": false,
            "timeout_seconds": 30.0,
            "duration_ms": 853,
            "ok": true,
            "endpoint": "ddgs",
            "status": 200,
            "result_count": 5
          }
        ]
      },
      {
        "url": "https://html.duckduckgo.com/html/?q=What+is+the+time+zone+of+the+Channel+Islands+during+standard+time%3F",
        "query": "What is the time zone of the Channel Islands during standard time?",
        "cache_hit": false,
        "duration_ms": 1738,
        "used_ddgs": true,
        "used_legacy_fallback": false,
        "used_direct_fallback": false,
        "used_lite_fallback": false,
        "failed": false,
        "backend": "ddgs",
        "attempts": [
          {
            "attempt": 1,
            "path": "ddgs",
            "proxy_configured": false,
            "timeout_seconds": 30.0,
            "duration_ms": 1738,
            "ok": true,
            "endpoint": "ddgs",
            "status": 200,
            "result_count": 5
          }
        ]
      },
      {
        "url": "https://html.duckduckgo.com/html/?q=time+zone+of+Channel+Islands+standard+time",
        "query": "time zone of Channel Islands standard time",
        "cache_hit": false,
        "duration_ms": 1907,
        "used_ddgs": true,
        "used_legacy_fallback": false,
        "used_direct_fallback": false,
        "used_lite_fallback": false,
        "failed": false,
        "backend": "ddgs",
        "attempts": [
          {
            "attempt": 1,
            "path": "ddgs",
            "proxy_configured": false,
            "timeout_seconds": 30.0,
            "duration_ms": 1907,
            "ok": true,
            "endpoint": "ddgs",
            "status": 200,
            "result_count": 5
          }
        ]
      },
      {
        "url": "https://html.duckduckgo.com/html/?q=In+which+city+was+Tom+Felton+born%3F",
        "query": "In which city was Tom Felton born?",
        "cache_hit": false,
        "duration_ms": 30859,
        "used_ddgs": true,
        "used_legacy_fallback": false,
        "used_direct_fallback": false,
        "used_lite_fallback": false,
        "failed": false,
        "backend": "ddgs",
        "attempts": [
          {
            "attempt": 1,
            "path": "ddgs",
            "proxy_configured": false,
            "timeout_seconds": 30.0,
            "duration_ms": 30859,
            "ok": true,
            "endpoint": "ddgs",
            "status": 200,
            "result_count": 5
          }
        ]
      },
      {
        "url": "https://html.duckduckgo.com/html/?q=What+is+the+month%2C+day%2C+and+year+of+Tom+Felton%27s+birth%3F",
        "query": "What is the month, day, and year of Tom Felton's birth?",
        "cache_hit": false,
        "duration_ms": 1070,
        "used_ddgs": true,
        "used_legacy_fallback": false,
        "used_direct_fallback": false,
        "used_lite_fallback": false,
        "failed": false,
        "backend": "ddgs",
        "attempts": [
          {
            "attempt": 1,
            "path": "ddgs",
            "proxy_configured": false,
            "timeout_seconds": 30.0,
            "duration_ms": 1070,
            "ok": true,
            "endpoint": "ddgs",
            "status": 200,
            "result_count": 5
          }
        ]
      },
      {
        "url": "https://html.duckduckgo.com/html/?q=Channel+Islands+time+zone+GMT",
        "query": "Channel Islands time zone GMT",
        "cache_hit": false,
        "duration_ms": 2243,
        "used_ddgs": true,
        "used_legacy_fallback": false,
        "used_direct_fallback": false,
        "used_lite_fallback": false,
        "failed": false,
        "backend": "ddgs",
        "attempts": [
          {
            "attempt": 1,
            "path": "ddgs",
            "proxy_configured": false,
            "timeout_seconds": 30.0,
            "duration_ms": 2243,
            "ok": true,
            "endpoint": "ddgs",
            "status": 200,
            "result_count": 5
          }
        ]
      },
      {
        "url": "https://html.duckduckgo.com/html/?q=Tom+Felton+birth+date",
        "query": "Tom Felton birth date",
        "cache_hit": false,
        "duration_ms": 1362,
        "used_ddgs": true,
        "used_legacy_fallback": false,
        "used_direct_fallback": false,
        "used_lite_fallback": false,
        "failed": false,
        "backend": "ddgs",
        "attempts": [
          {
            "attempt": 1,
            "path": "ddgs",
            "proxy_configured": false,
            "timeout_seconds": 30.0,
            "duration_ms": 1362,
            "ok": true,
            "endpoint": "ddgs",
            "status": 200,
            "result_count": 5
          }
        ]
      },
      {
        "url": "https://html.duckduckgo.com/html/?q=When+was+Tom+Felton+born",
        "query": "When was Tom Felton born",
        "cache_hit": false,
        "duration_ms": 3231,
        "used_ddgs": true,
        "used_legacy_fallback": false,
        "used_direct_fallback": false,
        "used_lite_fallback": false,
        "failed": false,
        "backend": "ddgs",
        "attempts": [
          {
            "attempt": 1,
            "path": "ddgs",
            "proxy_configured": false,
            "timeout_seconds": 30.0,
            "duration_ms": 3231,
            "ok": true,
            "endpoint": "ddgs",
            "status": 200,
            "result_count": 5
          }
        ]
      },
      {
        "url": "https://html.duckduckgo.com/html/?q=What+is+the+official+website+URL+of+Tom+Felton%3F",
        "query": "What is the official website URL of Tom Felton?",
        "cache_hit": false,
        "duration_ms": 1150,
        "used_ddgs": true,
        "used_legacy_fallback": false,
        "used_direct_fallback": false,
        "used_lite_fallback": false,
        "failed": false,
        "backend": "ddgs",
        "attempts": [
          {
            "attempt": 1,
            "path": "ddgs",
            "proxy_configured": false,
            "timeout_seconds": 30.0,
            "duration_ms": 1149,
            "ok": true,
            "endpoint": "ddgs",
            "status": 200,
            "result_count": 5
          }
        ]
      },
      {
        "url": "https://html.duckduckgo.com/html/?q=Tom+Felton+official+website",
        "query": "Tom Felton official website",
        "cache_hit": false,
        "duration_ms": 1492,
        "used_ddgs": true,
        "used_legacy_fallback": false,
        "used_direct_fallback": false,
        "used_lite_fallback": false,
        "failed": false,
        "backend": "ddgs",
        "attempts": [
          {
            "attempt": 1,
            "path": "ddgs",
            "proxy_configured": false,
            "timeout_seconds": 30.0,
            "duration_ms": 1492,
            "ok": true,
            "endpoint": "ddgs",
            "status": 200,
            "result_count": 5
          }
        ]
      },
      {
        "url": "https://html.duckduckgo.com/html/?q=Tom+Felton+website+URL",
        "query": "Tom Felton website URL",
        "cache_hit": false,
        "duration_ms": 1529,
        "used_ddgs": true,
        "used_legacy_fallback": false,
        "used_direct_fallback": false,
        "used_lite_fallback": false,
        "failed": false,
        "backend": "ddgs",
        "attempts": [
          {
            "attempt": 1,
            "path": "ddgs",
            "proxy_configured": false,
            "timeout_seconds": 30.0,
            "duration_ms": 1529,
            "ok": true,
            "endpoint": "ddgs",
            "status": 200,
            "result_count": 5
          }
        ]
      },
      {
        "url": "https://html.duckduckgo.com/html/?q=Super+Bowl+XXXV+host+city+2000+NFL+season",
        "query": "Super Bowl XXXV host city 2000 NFL season",
        "cache_hit": false,
        "duration_ms": 1441,
        "used_ddgs": true,
        "used_legacy_fallback": false,
        "used_direct_fallback": false,
        "used_lite_fallback": false,
        "failed": false,
        "backend": "ddgs",
        "attempts": [
          {
            "attempt": 1,
            "path": "ddgs",
            "proxy_configured": false,
            "timeout_seconds": 30.0,
            "duration_ms": 1441,
            "ok": true,
            "endpoint": "ddgs",
            "status": 200,
            "result_count": 5
          }
        ]
      },
      {
        "url": "https://html.duckduckgo.com/html/?q=location+of+Super+Bowl+XXXV+2000+NFL",
        "query": "location of Super Bowl XXXV 2000 NFL",
        "cache_hit": false,
        "duration_ms": 1086,
        "used_ddgs": true,
        "used_legacy_fallback": false,
        "used_direct_fallback": false,
        "used_lite_fallback": false,
        "failed": false,
        "backend": "ddgs",
        "attempts": [
          {
            "attempt": 1,
            "path": "ddgs",
            "proxy_configured": false,
            "timeout_seconds": 30.0,
            "duration_ms": 1086,
            "ok": true,
            "endpoint": "ddgs",
            "status": 200,
            "result_count": 5
          }
        ]
      },
      {
        "url": "https://html.duckduckgo.com/html/?q=In+which+county+is+the+city+of+Winter+Park+located%3F",
        "query": "In which county is the city of Winter Park located?",
        "cache_hit": false,
        "duration_ms": 1066,
        "used_ddgs": true,
        "used_legacy_fallback": false,
        "used_direct_fallback": false,
        "used_lite_fallback": false,
        "failed": false,
        "backend": "ddgs",
        "attempts": [
          {
            "attempt": 1,
            "path": "ddgs",
            "proxy_configured": false,
            "timeout_seconds": 30.0,
            "duration_ms": 1066,
            "ok": true,
            "endpoint": "ddgs",
            "status": 200,
            "result_count": 5
          }
        ]
      },
      {
        "url": "https://html.duckduckgo.com/html/?q=Winter+Park+county+location",
        "query": "Winter Park county location",
        "cache_hit": false,
        "duration_ms": 1468,
        "used_ddgs": true,
        "used_legacy_fallback": false,
        "used_direct_fallback": false,
        "used_lite_fallback": false,
        "failed": false,
        "backend": "ddgs",
        "attempts": [
          {
            "attempt": 1,
            "path": "ddgs",
            "proxy_configured": false,
            "timeout_seconds": 30.0,
            "duration_ms": 1468,
            "ok": true,
            "endpoint": "ddgs",
            "status": 200,
            "result_count": 5
          }
        ]
      },
      {
        "url": "https://html.duckduckgo.com/html/?q=Winter+Park+Florida+county",
        "query": "Winter Park Florida county",
        "cache_hit": false,
        "duration_ms": 1907,
        "used_ddgs": true,
        "used_legacy_fallback": false,
        "used_direct_fallback": false,
        "used_lite_fallback": false,
        "failed": false,
        "backend": "ddgs",
        "attempts": [
          {
            "attempt": 1,
            "path": "ddgs",
            "proxy_configured": false,
            "timeout_seconds": 30.0,
            "duration_ms": 1907,
            "ok": true,
            "endpoint": "ddgs",
            "status": 200,
            "result_count": 5
          }
        ]
      },
      {
        "url": "https://html.duckduckgo.com/html/?q=On+what+month%2C+day%2C+and+year+was+Winter+Park+incorporated+as+a+town%3F",
        "query": "On what month, day, and year was Winter Park incorporated as a town?",
        "cache_hit": false,
        "duration_ms": 2025,
        "used_ddgs": true,
        "used_legacy_fallback": false,
        "used_direct_fallback": false,
        "used_lite_fallback": false,
        "failed": false,
        "backend": "ddgs",
        "attempts": [
          {
            "attempt": 1,
            "path": "ddgs",
            "proxy_configured": false,
            "timeout_seconds": 30.0,
            "duration_ms": 2025,
            "ok": true,
            "endpoint": "ddgs",
            "status": 200,
            "result_count": 5
          }
        ]
      },
      {
        "url": "https://html.duckduckgo.com/html/?q=What+city+was+Cafu+born+in%3F",
        "query": "What city was Cafu born in?",
        "cache_hit": false,
        "duration_ms": 31412,
        "used_ddgs": true,
        "used_legacy_fallback": false,
        "used_direct_fallback": false,
        "used_lite_fallback": false,
        "failed": false,
        "backend": "ddgs",
        "attempts": [
          {
            "attempt": 1,
            "path": "ddgs",
            "proxy_configured": false,
            "timeout_seconds": 30.0,
            "duration_ms": 31412,
            "ok": true,
            "endpoint": "ddgs",
            "status": 200,
            "result_count": 5
          }
        ]
      },
      {
        "url": "https://html.duckduckgo.com/html/?q=When+was+Winter+Park+incorporated+as+a+town",
        "query": "When was Winter Park incorporated as a town",
        "cache_hit": false,
        "duration_ms": 922,
        "used_ddgs": true,
        "used_legacy_fallback": false,
        "used_direct_fallback": false,
        "used_lite_fallback": false,
        "failed": false,
        "backend": "ddgs",
        "attempts": [
          {
            "attempt": 1,
            "path": "ddgs",
            "proxy_configured": false,
            "timeout_seconds": 30.0,
            "duration_ms": 922,
            "ok": true,
            "endpoint": "ddgs",
            "status": 200,
            "result_count": 5
          }
        ]
      },
      {
        "url": "https://html.duckduckgo.com/html/?q=How+many+total+senior+club+appearances+did+Cafu+make%3F",
        "query": "How many total senior club appearances did Cafu make?",
        "cache_hit": false,
        "duration_ms": 534,
        "used_ddgs": true,
        "used_legacy_fallback": false,
        "used_direct_fallback": false,
        "used_lite_fallback": false,
        "failed": false,
        "backend": "ddgs",
        "attempts": [
          {
            "attempt": 1,
            "path": "ddgs",
            "proxy_configured": false,
            "timeout_seconds": 30.0,
            "duration_ms": 534,
            "ok": true,
            "endpoint": "ddgs",
            "status": 200,
            "result_count": 5
          }
        ]
      },
      {
        "url": "https://html.duckduckgo.com/html/?q=Winter+Park+incorporation+date+town",
        "query": "Winter Park incorporation date town",
        "cache_hit": false,
        "duration_ms": 1901,
        "used_ddgs": true,
        "used_legacy_fallback": false,
        "used_direct_fallback": false,
        "used_lite_fallback": false,
        "failed": false,
        "backend": "ddgs",
        "attempts": [
          {
            "attempt": 1,
            "path": "ddgs",
            "proxy_configured": false,
            "timeout_seconds": 30.0,
            "duration_ms": 1901,
            "ok": true,
            "endpoint": "ddgs",
            "status": 200,
            "result_count": 5
          }
        ]
      },
      {
        "url": "https://html.duckduckgo.com/html/?q=Cafu+total+club+caps",
        "query": "Cafu total club caps",
        "cache_hit": false,
        "duration_ms": 791,
        "used_ddgs": true,
        "used_legacy_fallback": false,
        "used_direct_fallback": false,
        "used_lite_fallback": false,
        "failed": false,
        "backend": "ddgs",
        "attempts": [
          {
            "attempt": 1,
            "path": "ddgs",
            "proxy_configured": false,
            "timeout_seconds": 30.0,
            "duration_ms": 791,
            "ok": true,
            "endpoint": "ddgs",
            "status": 200,
            "result_count": 5
          }
        ]
      },
      {
        "url": "https://html.duckduckgo.com/html/?q=total+senior+club+appearances+of+Cafu",
        "query": "total senior club appearances of Cafu",
        "cache_hit": false,
        "duration_ms": 962,
        "used_ddgs": true,
        "used_legacy_fallback": false,
        "used_direct_fallback": false,
        "used_lite_fallback": false,
        "failed": false,
        "backend": "ddgs",
        "attempts": [
          {
            "attempt": 1,
            "path": "ddgs",
            "proxy_configured": false,
            "timeout_seconds": 30.0,
            "duration_ms": 962,
            "ok": true,
            "endpoint": "ddgs",
            "status": 200,
            "result_count": 5
          }
        ]
      },
      {
        "url": "https://html.duckduckgo.com/html/?q=What+city+hosted+the+Super+Bowl+XXXV+game+in+the+2000+NFL+season%3F",
        "query": "What city hosted the Super Bowl XXXV game in the 2000 NFL season?",
        "cache_hit": false,
        "duration_ms": 32756,
        "used_ddgs": true,
        "used_legacy_fallback": false,
        "used_direct_fallback": false,
        "used_lite_fallback": false,
        "failed": false,
        "backend": "ddgs",
        "attempts": [
          {
            "attempt": 1,
            "path": "ddgs",
            "proxy_configured": false,
            "timeout_seconds": 30.0,
            "duration_ms": 32756,
            "ok": true,
            "endpoint": "ddgs",
            "status": 200,
            "result_count": 5
          }
        ]
      },
      {
        "url": "https://html.duckduckgo.com/html/?q=when+was+Super+Bowl+XXXV+played",
        "query": "when was Super Bowl XXXV played",
        "cache_hit": false,
        "duration_ms": 881,
        "used_ddgs": true,
        "used_legacy_fallback": false,
        "used_direct_fallback": false,
        "used_lite_fallback": false,
        "failed": false,
        "backend": "ddgs",
        "attempts": [
          {
            "attempt": 1,
            "path": "ddgs",
            "proxy_configured": false,
            "timeout_seconds": 30.0,
            "duration_ms": 881,
            "ok": true,
            "endpoint": "ddgs",
            "status": 200,
            "result_count": 5
          }
        ]
      },
      {
        "url": "https://html.duckduckgo.com/html/?q=Who+is+the+dean+of+the+medical+school+of+Harvard+University%3F",
        "query": "Who is the dean of the medical school of Harvard University?",
        "cache_hit": false,
        "duration_ms": 694,
        "used_ddgs": true,
        "used_legacy_fallback": false,
        "used_direct_fallback": false,
        "used_lite_fallback": false,
        "failed": false,
        "backend": "ddgs",
        "attempts": [
          {
            "attempt": 1,
            "path": "ddgs",
            "proxy_configured": false,
            "timeout_seconds": 30.0,
            "duration_ms": 694,
            "ok": true,
            "endpoint": "ddgs",
            "status": 200,
            "result_count": 5
          }
        ]
      },
      {
        "url": "https://html.duckduckgo.com/html/?q=dean+of+Harvard+Medical+School",
        "query": "dean of Harvard Medical School",
        "cache_hit": false,
        "duration_ms": 1142,
        "used_ddgs": true,
        "used_legacy_fallback": false,
        "used_direct_fallback": false,
        "used_lite_fallback": false,
        "failed": false,
        "backend": "ddgs",
        "attempts": [
          {
            "attempt": 1,
            "path": "ddgs",
            "proxy_configured": false,
            "timeout_seconds": 30.0,
            "duration_ms": 1142,
            "ok": true,
            "endpoint": "ddgs",
            "status": 200,
            "result_count": 5
          }
        ]
      },
      {
        "url": "https://html.duckduckgo.com/html/?q=purpose+of+Royal+Norwegian+Navy",
        "query": "purpose of Royal Norwegian Navy",
        "cache_hit": false,
        "duration_ms": 66393,
        "used_ddgs": true,
        "used_legacy_fallback": false,
        "used_direct_fallback": false,
        "used_lite_fallback": false,
        "failed": false,
        "backend": "ddgs",
        "attempts": [
          {
            "attempt": 1,
            "path": "ddgs",
            "proxy_configured": false,
            "timeout_seconds": 30.0,
            "duration_ms": 33465,
            "ok": false,
            "endpoint": "ddgs",
            "error_type": "TimeoutException",
            "error_message": "Request timed out: ConnectTimeout('timed out')",
            "retry_reason": "ddgs_transport_error"
          },
          {
            "attempt": 2,
            "path": "ddgs",
            "proxy_configured": false,
            "timeout_seconds": 30.0,
            "duration_ms": 31927,
            "ok": true,
            "endpoint": "ddgs",
            "status": 200,
            "result_count": 5
          }
        ]
      },
      {
        "url": "https://html.duckduckgo.com/html/?q=Who+was+the+manager+of+Derby+County+from+2020+to+2022%3F",
        "query": "Who was the manager of Derby County from 2020 to 2022?",
        "cache_hit": false,
        "duration_ms": 1234,
        "used_ddgs": true,
        "used_legacy_fallback": false,
        "used_direct_fallback": false,
        "used_lite_fallback": false,
        "failed": false,
        "backend": "ddgs",
        "attempts": [
          {
            "attempt": 1,
            "path": "ddgs",
            "proxy_configured": false,
            "timeout_seconds": 30.0,
            "duration_ms": 1234,
            "ok": true,
            "endpoint": "ddgs",
            "status": 200,
            "result_count": 5
          }
        ]
      },
      {
        "url": "https://html.duckduckgo.com/html/?q=Derby+County+manager+2020+to+2022",
        "query": "Derby County manager 2020 to 2022",
        "cache_hit": false,
        "duration_ms": 1949,
        "used_ddgs": true,
        "used_legacy_fallback": false,
        "used_direct_fallback": false,
        "used_lite_fallback": false,
        "failed": false,
        "backend": "ddgs",
        "attempts": [
          {
            "attempt": 1,
            "path": "ddgs",
            "proxy_configured": false,
            "timeout_seconds": 30.0,
            "duration_ms": 1949,
            "ok": true,
            "endpoint": "ddgs",
            "status": 200,
            "result_count": 5
          }
        ]
      },
      {
        "url": "https://html.duckduckgo.com/html/?q=Who+managed+Derby+County+between+2020+and+2022",
        "query": "Who managed Derby County between 2020 and 2022",
        "cache_hit": false,
        "duration_ms": 1375,
        "used_ddgs": true,
        "used_legacy_fallback": false,
        "used_direct_fallback": false,
        "used_lite_fallback": false,
        "failed": false,
        "backend": "ddgs",
        "attempts": [
          {
            "attempt": 1,
            "path": "ddgs",
            "proxy_configured": false,
            "timeout_seconds": 30.0,
            "duration_ms": 1375,
            "ok": true,
            "endpoint": "ddgs",
            "status": 200,
            "result_count": 5
          }
        ]
      },
      {
        "url": "https://html.duckduckgo.com/html/?q=What+city+was+Wayne+Rooney+born+in%3F",
        "query": "What city was Wayne Rooney born in?",
        "cache_hit": false,
        "duration_ms": 1479,
        "used_ddgs": true,
        "used_legacy_fallback": false,
        "used_direct_fallback": false,
        "used_lite_fallback": false,
        "failed": false,
        "backend": "ddgs",
        "attempts": [
          {
            "attempt": 1,
            "path": "ddgs",
            "proxy_configured": false,
            "timeout_seconds": 30.0,
            "duration_ms": 1479,
            "ok": true,
            "endpoint": "ddgs",
            "status": 200,
            "result_count": 5
          }
        ]
      },
      {
        "url": "https://html.duckduckgo.com/html/?q=Wayne+Rooney+place+of+birth",
        "query": "Wayne Rooney place of birth",
        "cache_hit": false,
        "duration_ms": 1364,
        "used_ddgs": true,
        "used_legacy_fallback": false,
        "used_direct_fallback": false,
        "used_lite_fallback": false,
        "failed": false,
        "backend": "ddgs",
        "attempts": [
          {
            "attempt": 1,
            "path": "ddgs",
            "proxy_configured": false,
            "timeout_seconds": 30.0,
            "duration_ms": 1364,
            "ok": true,
            "endpoint": "ddgs",
            "status": 200,
            "result_count": 5
          }
        ]
      },
      {
        "url": "https://html.duckduckgo.com/html/?q=City+where+Wayne+Rooney+was+born",
        "query": "City where Wayne Rooney was born",
        "cache_hit": false,
        "duration_ms": 1445,
        "used_ddgs": true,
        "used_legacy_fallback": false,
        "used_direct_fallback": false,
        "used_lite_fallback": false,
        "failed": false,
        "backend": "ddgs",
        "attempts": [
          {
            "attempt": 1,
            "path": "ddgs",
            "proxy_configured": false,
            "timeout_seconds": 30.0,
            "duration_ms": 1445,
            "ok": true,
            "endpoint": "ddgs",
            "status": 200,
            "result_count": 5
          }
        ]
      },
      {
        "url": "https://html.duckduckgo.com/html/?q=How+many+senior+club+appearances+did+Wayne+Rooney+make+in+total%3F",
        "query": "How many senior club appearances did Wayne Rooney make in total?",
        "cache_hit": false,
        "duration_ms": 1145,
        "used_ddgs": true,
        "used_legacy_fallback": false,
        "used_direct_fallback": false,
        "used_lite_fallback": false,
        "failed": false,
        "backend": "ddgs",
        "attempts": [
          {
            "attempt": 1,
            "path": "ddgs",
            "proxy_configured": false,
            "timeout_seconds": 30.0,
            "duration_ms": 1145,
            "ok": true,
            "endpoint": "ddgs",
            "status": 200,
            "result_count": 5
          }
        ]
      },
      {
        "url": "https://html.duckduckgo.com/html/?q=date+of+Super+Bowl+XXXV+2000+NFL+season",
        "query": "date of Super Bowl XXXV 2000 NFL season",
        "cache_hit": false,
        "duration_ms": 31206,
        "used_ddgs": true,
        "used_legacy_fallback": false,
        "used_direct_fallback": false,
        "used_lite_fallback": false,
        "failed": false,
        "backend": "ddgs",
        "attempts": [
          {
            "attempt": 1,
            "path": "ddgs",
            "proxy_configured": false,
            "timeout_seconds": 30.0,
            "duration_ms": 31206,
            "ok": true,
            "endpoint": "ddgs",
            "status": 200,
            "result_count": 5
          }
        ]
      },
      {
        "url": "https://html.duckduckgo.com/html/?q=What+month%2C+day%2C+and+year+was+the+Super+Bowl+XXXV+played+in+the+2000+NFL+season%3F",
        "query": "What month, day, and year was the Super Bowl XXXV played in the 2000 NFL season?",
        "cache_hit": false,
        "duration_ms": 31479,
        "used_ddgs": true,
        "used_legacy_fallback": false,
        "used_direct_fallback": false,
        "used_lite_fallback": false,
        "failed": false,
        "backend": "ddgs",
        "attempts": [
          {
            "attempt": 1,
            "path": "ddgs",
            "proxy_configured": false,
            "timeout_seconds": 30.0,
            "duration_ms": 31479,
            "ok": true,
            "endpoint": "ddgs",
            "status": 200,
            "result_count": 5
          }
        ]
      },
      {
        "url": "https://html.duckduckgo.com/html/?q=Who+is+the+founder+of+Wisden+Cricketers%27+Almanack%3F",
        "query": "Who is the founder of Wisden Cricketers' Almanack?",
        "cache_hit": false,
        "duration_ms": 997,
        "used_ddgs": true,
        "used_legacy_fallback": false,
        "used_direct_fallback": false,
        "used_lite_fallback": false,
        "failed": false,
        "backend": "ddgs",
        "attempts": [
          {
            "attempt": 1,
            "path": "ddgs",
            "proxy_configured": false,
            "timeout_seconds": 30.0,
            "duration_ms": 997,
            "ok": true,
            "endpoint": "ddgs",
            "status": 200,
            "result_count": 5
          }
        ]
      },
      {
        "url": "https://html.duckduckgo.com/html/?q=Founder+of+Wisden+Cricketers%27+Almanack",
        "query": "Founder of Wisden Cricketers' Almanack",
        "cache_hit": false,
        "duration_ms": 559,
        "used_ddgs": true,
        "used_legacy_fallback": false,
        "used_direct_fallback": false,
        "used_lite_fallback": false,
        "failed": false,
        "backend": "ddgs",
        "attempts": [
          {
            "attempt": 1,
            "path": "ddgs",
            "proxy_configured": false,
            "timeout_seconds": 30.0,
            "duration_ms": 559,
            "ok": true,
            "endpoint": "ddgs",
            "status": 200,
            "result_count": 5
          }
        ]
      },
      {
        "url": "https://html.duckduckgo.com/html/?q=Who+founded+Wisden+Cricketers%27+Almanack",
        "query": "Who founded Wisden Cricketers' Almanack",
        "cache_hit": false,
        "duration_ms": 1224,
        "used_ddgs": true,
        "used_legacy_fallback": false,
        "used_direct_fallback": false,
        "used_lite_fallback": false,
        "failed": false,
        "backend": "ddgs",
        "attempts": [
          {
            "attempt": 1,
            "path": "ddgs",
            "proxy_configured": false,
            "timeout_seconds": 30.0,
            "duration_ms": 1224,
            "ok": true,
            "endpoint": "ddgs",
            "status": 200,
            "result_count": 5
          }
        ]
      },
      {
        "url": "https://html.duckduckgo.com/html/?q=current+dean+Harvard+University+medical+school",
        "query": "current dean Harvard University medical school",
        "cache_hit": false,
        "duration_ms": 32055,
        "used_ddgs": true,
        "used_legacy_fallback": false,
        "used_direct_fallback": false,
        "used_lite_fallback": false,
        "failed": false,
        "backend": "ddgs",
        "attempts": [
          {
            "attempt": 1,
            "path": "ddgs",
            "proxy_configured": false,
            "timeout_seconds": 30.0,
            "duration_ms": 32055,
            "ok": true,
            "endpoint": "ddgs",
            "status": 200,
            "result_count": 5
          }
        ]
      },
      {
        "url": "https://html.duckduckgo.com/html/?q=Wayne+Rooney+total+senior+club+appearances",
        "query": "Wayne Rooney total senior club appearances",
        "cache_hit": false,
        "duration_ms": 31760,
        "used_ddgs": true,
        "used_legacy_fallback": false,
        "used_direct_fallback": false,
        "used_lite_fallback": false,
        "failed": false,
        "backend": "ddgs",
        "attempts": [
          {
            "attempt": 1,
            "path": "ddgs",
            "proxy_configured": false,
            "timeout_seconds": 30.0,
            "duration_ms": 31760,
            "ok": true,
            "endpoint": "ddgs",
            "status": 200,
            "result_count": 5
          }
        ]
      },
      {
        "url": "https://html.duckduckgo.com/html/?q=location+of+Pro+Bowl+February+4%2C+2001",
        "query": "location of Pro Bowl February 4, 2001",
        "cache_hit": false,
        "duration_ms": 2179,
        "used_ddgs": true,
        "used_legacy_fallback": false,
        "used_direct_fallback": false,
        "used_lite_fallback": false,
        "failed": false,
        "backend": "ddgs",
        "attempts": [
          {
            "attempt": 1,
            "path": "ddgs",
            "proxy_configured": false,
            "timeout_seconds": 30.0,
            "duration_ms": 2179,
            "ok": true,
            "endpoint": "ddgs",
            "status": 200,
            "result_count": 5
          }
        ]
      },
      {
        "url": "https://html.duckduckgo.com/html/?q=What+year+was+the+first+issue+of+Wisden+Cricketers%27+Almanack+published%3F",
        "query": "What year was the first issue of Wisden Cricketers' Almanack published?",
        "cache_hit": false,
        "duration_ms": 1766,
        "used_ddgs": true,
        "used_legacy_fallback": false,
        "used_direct_fallback": false,
        "used_lite_fallback": false,
        "failed": false,
        "backend": "ddgs",
        "attempts": [
          {
            "attempt": 1,
            "path": "ddgs",
            "proxy_configured": false,
            "timeout_seconds": 30.0,
            "duration_ms": 1766,
            "ok": true,
            "endpoint": "ddgs",
            "status": 200,
            "result_count": 5
          }
        ]
      },
      {
        "url": "https://html.duckduckgo.com/html/?q=Year+of+first+issue+of+Wisden+Cricketers%27+Almanack",
        "query": "Year of first issue of Wisden Cricketers' Almanack",
        "cache_hit": false,
        "duration_ms": 1068,
        "used_ddgs": true,
        "used_legacy_fallback": false,
        "used_direct_fallback": false,
        "used_lite_fallback": false,
        "failed": false,
        "backend": "ddgs",
        "attempts": [
          {
            "attempt": 1,
            "path": "ddgs",
            "proxy_configured": false,
            "timeout_seconds": 30.0,
            "duration_ms": 1068,
            "ok": true,
            "endpoint": "ddgs",
            "status": 200,
            "result_count": 5
          }
        ]
      },
      {
        "url": "https://html.duckduckgo.com/html/?q=When+was+Wisden+Cricketers%27+Almanack+first+published",
        "query": "When was Wisden Cricketers' Almanack first published",
        "cache_hit": false,
        "duration_ms": 1448,
        "used_ddgs": true,
        "used_legacy_fallback": false,
        "used_direct_fallback": false,
        "used_lite_fallback": false,
        "failed": false,
        "backend": "ddgs",
        "attempts": [
          {
            "attempt": 1,
            "path": "ddgs",
            "proxy_configured": false,
            "timeout_seconds": 30.0,
            "duration_ms": 1448,
            "ok": true,
            "endpoint": "ddgs",
            "status": 200,
            "result_count": 5
          }
        ]
      },
      {
        "url": "https://html.duckduckgo.com/html/?q=How+many+MD+students+are+enrolled+at+the+medical+school+of+Harvard+University%3F",
        "query": "How many MD students are enrolled at the medical school of Harvard University?",
        "cache_hit": false,
        "duration_ms": 2183,
        "used_ddgs": true,
        "used_legacy_fallback": false,
        "used_direct_fallback": false,
        "used_lite_fallback": false,
        "failed": false,
        "backend": "ddgs",
        "attempts": [
          {
            "attempt": 1,
            "path": "ddgs",
            "proxy_configured": false,
            "timeout_seconds": 30.0,
            "duration_ms": 2183,
            "ok": true,
            "endpoint": "ddgs",
            "status": 200,
            "result_count": 5
          }
        ]
      },
      {
        "url": "https://html.duckduckgo.com/html/?q=Number+of+club+games+Wayne+Rooney+played",
        "query": "Number of club games Wayne Rooney played",
        "cache_hit": false,
        "duration_ms": 32741,
        "used_ddgs": true,
        "used_legacy_fallback": false,
        "used_direct_fallback": false,
        "used_lite_fallback": false,
        "failed": false,
        "backend": "ddgs",
        "attempts": [
          {
            "attempt": 1,
            "path": "ddgs",
            "proxy_configured": false,
            "timeout_seconds": 30.0,
            "duration_ms": 32741,
            "ok": true,
            "endpoint": "ddgs",
            "status": 200,
            "result_count": 5
          }
        ]
      },
      {
        "url": "https://html.duckduckgo.com/html/?q=number+of+MD+students+at+Harvard+Medical+School",
        "query": "number of MD students at Harvard Medical School",
        "cache_hit": false,
        "duration_ms": 1498,
        "used_ddgs": true,
        "used_legacy_fallback": false,
        "used_direct_fallback": false,
        "used_lite_fallback": false,
        "failed": false,
        "backend": "ddgs",
        "attempts": [
          {
            "attempt": 1,
            "path": "ddgs",
            "proxy_configured": false,
            "timeout_seconds": 30.0,
            "duration_ms": 1498,
            "ok": true,
            "endpoint": "ddgs",
            "status": 200,
            "result_count": 5
          }
        ]
      },
      {
        "url": "https://html.duckduckgo.com/html/?q=Harvard+Medical+School+MD+enrollment",
        "query": "Harvard Medical School MD enrollment",
        "cache_hit": false,
        "duration_ms": 1497,
        "used_ddgs": true,
        "used_legacy_fallback": false,
        "used_direct_fallback": false,
        "used_lite_fallback": false,
        "failed": false,
        "backend": "ddgs",
        "attempts": [
          {
            "attempt": 1,
            "path": "ddgs",
            "proxy_configured": false,
            "timeout_seconds": 30.0,
            "duration_ms": 1497,
            "ok": true,
            "endpoint": "ddgs",
            "status": 200,
            "result_count": 5
          }
        ]
      },
      {
        "url": "https://html.duckduckgo.com/html/?q=What+stadium+hosted+the+Pro+Bowl+game+following+the+2000+NFL+season%3F",
        "query": "What stadium hosted the Pro Bowl game following the 2000 NFL season?",
        "cache_hit": false,
        "duration_ms": 31346,
        "used_ddgs": true,
        "used_legacy_fallback": false,
        "used_direct_fallback": false,
        "used_lite_fallback": false,
        "failed": false,
        "backend": "ddgs",
        "attempts": [
          {
            "attempt": 1,
            "path": "ddgs",
            "proxy_configured": false,
            "timeout_seconds": 30.0,
            "duration_ms": 31346,
            "ok": true,
            "endpoint": "ddgs",
            "status": 200,
            "result_count": 5
          }
        ]
      },
      {
        "url": "https://html.duckduckgo.com/html/?q=Publisher+of+Wisden+Cricketers%27+Almanack",
        "query": "Publisher of Wisden Cricketers' Almanack",
        "cache_hit": false,
        "duration_ms": 889,
        "used_ddgs": true,
        "used_legacy_fallback": false,
        "used_direct_fallback": false,
        "used_lite_fallback": false,
        "failed": false,
        "backend": "ddgs",
        "attempts": [
          {
            "attempt": 1,
            "path": "ddgs",
            "proxy_configured": false,
            "timeout_seconds": 30.0,
            "duration_ms": 889,
            "ok": true,
            "endpoint": "ddgs",
            "status": 200,
            "result_count": 5
          }
        ]
      },
      {
        "url": "https://html.duckduckgo.com/html/?q=Who+publishes+Wisden+Cricketers%27+Almanack",
        "query": "Who publishes Wisden Cricketers' Almanack",
        "cache_hit": false,
        "duration_ms": 1378,
        "used_ddgs": true,
        "used_legacy_fallback": false,
        "used_direct_fallback": false,
        "used_lite_fallback": false,
        "failed": false,
        "backend": "ddgs",
        "attempts": [
          {
            "attempt": 1,
            "path": "ddgs",
            "proxy_configured": false,
            "timeout_seconds": 30.0,
            "duration_ms": 1378,
            "ok": true,
            "endpoint": "ddgs",
            "status": 200,
            "result_count": 5
          }
        ]
      },
      {
        "url": "https://html.duckduckgo.com/html/?q=What+is+the+name+of+the+publisher+of+Wisden+Cricketers%27+Almanack%3F",
        "query": "What is the name of the publisher of Wisden Cricketers' Almanack?",
        "cache_hit": false,
        "duration_ms": 2173,
        "used_ddgs": true,
        "used_legacy_fallback": false,
        "used_direct_fallback": false,
        "used_lite_fallback": false,
        "failed": false,
        "backend": "ddgs",
        "attempts": [
          {
            "attempt": 1,
            "path": "ddgs",
            "proxy_configured": false,
            "timeout_seconds": 30.0,
            "duration_ms": 2173,
            "ok": true,
            "endpoint": "ddgs",
            "status": 200,
            "result_count": 5
          }
        ]
      },
      {
        "url": "https://html.duckduckgo.com/html/?q=Pro+Bowl+stadium+2000+NFL+season",
        "query": "Pro Bowl stadium 2000 NFL season",
        "cache_hit": false,
        "duration_ms": 32385,
        "used_ddgs": true,
        "used_legacy_fallback": false,
        "used_direct_fallback": false,
        "used_lite_fallback": false,
        "failed": false,
        "backend": "ddgs",
        "attempts": [
          {
            "attempt": 1,
            "path": "ddgs",
            "proxy_configured": false,
            "timeout_seconds": 30.0,
            "duration_ms": 32385,
            "ok": true,
            "endpoint": "ddgs",
            "status": 200,
            "result_count": 5
          }
        ]
      },
      {
        "url": "https://html.duckduckgo.com/html/?q=On+what+month%2C+day%2C+and+year+was+the+medical+school+of+Harvard+University+established%3F",
        "query": "On what month, day, and year was the medical school of Harvard University established?",
        "cache_hit": false,
        "duration_ms": 1711,
        "used_ddgs": true,
        "used_legacy_fallback": false,
        "used_direct_fallback": false,
        "used_lite_fallback": false,
        "failed": false,
        "backend": "ddgs",
        "attempts": [
          {
            "attempt": 1,
            "path": "ddgs",
            "proxy_configured": false,
            "timeout_seconds": 30.0,
            "duration_ms": 1711,
            "ok": true,
            "endpoint": "ddgs",
            "status": 200,
            "result_count": 5
          }
        ]
      },
      {
        "url": "https://html.duckduckgo.com/html/?q=What+organization+presents+the+Critics%27+Choice+Awards%3F",
        "query": "What organization presents the Critics' Choice Awards?",
        "cache_hit": false,
        "duration_ms": 672,
        "used_ddgs": true,
        "used_legacy_fallback": false,
        "used_direct_fallback": false,
        "used_lite_fallback": false,
        "failed": false,
        "backend": "ddgs",
        "attempts": [
          {
            "attempt": 1,
            "path": "ddgs",
            "proxy_configured": false,
            "timeout_seconds": 30.0,
            "duration_ms": 672,
            "ok": true,
            "endpoint": "ddgs",
            "status": 200,
            "result_count": 5
          }
        ]
      },
      {
        "url": "https://html.duckduckgo.com/html/?q=Who+presents+the+Critics%27+Choice+Awards",
        "query": "Who presents the Critics' Choice Awards",
        "cache_hit": false,
        "duration_ms": 875,
        "used_ddgs": true,
        "used_legacy_fallback": false,
        "used_direct_fallback": false,
        "used_lite_fallback": false,
        "failed": false,
        "backend": "ddgs",
        "attempts": [
          {
            "attempt": 1,
            "path": "ddgs",
            "proxy_configured": false,
            "timeout_seconds": 30.0,
            "duration_ms": 875,
            "ok": true,
            "endpoint": "ddgs",
            "status": 200,
            "result_count": 5
          }
        ]
      },
      {
        "url": "https://html.duckduckgo.com/html/?q=How+many+teams+participate+in+the+EuroBasket+basketball+competition%3F",
        "query": "How many teams participate in the EuroBasket basketball competition?",
        "cache_hit": false,
        "duration_ms": 2943,
        "used_ddgs": true,
        "used_legacy_fallback": false,
        "used_direct_fallback": false,
        "used_lite_fallback": false,
        "failed": false,
        "backend": "ddgs",
        "attempts": [
          {
            "attempt": 1,
            "path": "ddgs",
            "proxy_configured": false,
            "timeout_seconds": 30.0,
            "duration_ms": 2943,
            "ok": true,
            "endpoint": "ddgs",
            "status": 200,
            "result_count": 5
          }
        ]
      },
      {
        "url": "https://html.duckduckgo.com/html/?q=number+of+teams+in+EuroBasket",
        "query": "number of teams in EuroBasket",
        "cache_hit": false,
        "duration_ms": 917,
        "used_ddgs": true,
        "used_legacy_fallback": false,
        "used_direct_fallback": false,
        "used_lite_fallback": false,
        "failed": false,
        "backend": "ddgs",
        "attempts": [
          {
            "attempt": 1,
            "path": "ddgs",
            "proxy_configured": false,
            "timeout_seconds": 30.0,
            "duration_ms": 917,
            "ok": true,
            "endpoint": "ddgs",
            "status": 200,
            "result_count": 5
          }
        ]
      },
      {
        "url": "https://html.duckduckgo.com/html/?q=EuroBasket+teams+count",
        "query": "EuroBasket teams count",
        "cache_hit": false,
        "duration_ms": 1003,
        "used_ddgs": true,
        "used_legacy_fallback": false,
        "used_direct_fallback": false,
        "used_lite_fallback": false,
        "failed": false,
        "backend": "ddgs",
        "attempts": [
          {
            "attempt": 1,
            "path": "ddgs",
            "proxy_configured": false,
            "timeout_seconds": 30.0,
            "duration_ms": 1003,
            "ok": true,
            "endpoint": "ddgs",
            "status": 200,
            "result_count": 5
          }
        ]
      },
      {
        "url": "https://html.duckduckgo.com/html/?q=In+what+year+was+the+EuroBasket+basketball+competition+founded%3F",
        "query": "In what year was the EuroBasket basketball competition founded?",
        "cache_hit": false,
        "duration_ms": 1801,
        "used_ddgs": true,
        "used_legacy_fallback": false,
        "used_direct_fallback": false,
        "used_lite_fallback": false,
        "failed": false,
        "backend": "ddgs",
        "attempts": [
          {
            "attempt": 1,
            "path": "ddgs",
            "proxy_configured": false,
            "timeout_seconds": 30.0,
            "duration_ms": 1801,
            "ok": true,
            "endpoint": "ddgs",
            "status": 200,
            "result_count": 5
          }
        ]
      },
      {
        "url": "https://html.duckduckgo.com/html/?q=EuroBasket+founding+year",
        "query": "EuroBasket founding year",
        "cache_hit": false,
        "duration_ms": 1420,
        "used_ddgs": true,
        "used_legacy_fallback": false,
        "used_direct_fallback": false,
        "used_lite_fallback": false,
        "failed": false,
        "backend": "ddgs",
        "attempts": [
          {
            "attempt": 1,
            "path": "ddgs",
            "proxy_configured": false,
            "timeout_seconds": 30.0,
            "duration_ms": 1420,
            "ok": true,
            "endpoint": "ddgs",
            "status": 200,
            "result_count": 5
          }
        ]
      },
      {
        "url": "https://html.duckduckgo.com/html/?q=when+was+EuroBasket+founded",
        "query": "when was EuroBasket founded",
        "cache_hit": false,
        "duration_ms": 2677,
        "used_ddgs": true,
        "used_legacy_fallback": false,
        "used_direct_fallback": false,
        "used_lite_fallback": false,
        "failed": false,
        "backend": "ddgs",
        "attempts": [
          {
            "attempt": 1,
            "path": "ddgs",
            "proxy_configured": false,
            "timeout_seconds": 30.0,
            "duration_ms": 2677,
            "ok": true,
            "endpoint": "ddgs",
            "status": 200,
            "result_count": 5
          }
        ]
      },
      {
        "url": "https://html.duckduckgo.com/html/?q=Who+was+Dr.+Dre+married+to+in+1996%3F",
        "query": "Who was Dr. Dre married to in 1996?",
        "cache_hit": false,
        "duration_ms": 1200,
        "used_ddgs": true,
        "used_legacy_fallback": false,
        "used_direct_fallback": false,
        "used_lite_fallback": false,
        "failed": false,
        "backend": "ddgs",
        "attempts": [
          {
            "attempt": 1,
            "path": "ddgs",
            "proxy_configured": false,
            "timeout_seconds": 30.0,
            "duration_ms": 1200,
            "ok": true,
            "endpoint": "ddgs",
            "status": 200,
            "result_count": 5
          }
        ]
      },
      {
        "url": "https://html.duckduckgo.com/html/?q=Dr.+Dre+spouse+1996",
        "query": "Dr. Dre spouse 1996",
        "cache_hit": false,
        "duration_ms": 1220,
        "used_ddgs": true,
        "used_legacy_fallback": false,
        "used_direct_fallback": false,
        "used_lite_fallback": false,
        "failed": false,
        "backend": "ddgs",
        "attempts": [
          {
            "attempt": 1,
            "path": "ddgs",
            "proxy_configured": false,
            "timeout_seconds": 30.0,
            "duration_ms": 1220,
            "ok": true,
            "endpoint": "ddgs",
            "status": 200,
            "result_count": 5
          }
        ]
      },
      {
        "url": "https://html.duckduckgo.com/html/?q=Who+did+Dr.+Dre+marry+in+1996",
        "query": "Who did Dr. Dre marry in 1996",
        "cache_hit": false,
        "duration_ms": 848,
        "used_ddgs": true,
        "used_legacy_fallback": false,
        "used_direct_fallback": false,
        "used_lite_fallback": false,
        "failed": false,
        "backend": "ddgs",
        "attempts": [
          {
            "attempt": 1,
            "path": "ddgs",
            "proxy_configured": false,
            "timeout_seconds": 30.0,
            "duration_ms": 848,
            "ok": true,
            "endpoint": "ddgs",
            "status": 200,
            "result_count": 5
          }
        ]
      },
      {
        "url": "https://html.duckduckgo.com/html/?q=when+was+Harvard+Medical+School+established",
        "query": "when was Harvard Medical School established",
        "cache_hit": false,
        "duration_ms": 31429,
        "used_ddgs": true,
        "used_legacy_fallback": false,
        "used_direct_fallback": false,
        "used_lite_fallback": false,
        "failed": false,
        "backend": "ddgs",
        "attempts": [
          {
            "attempt": 1,
            "path": "ddgs",
            "proxy_configured": false,
            "timeout_seconds": 30.0,
            "duration_ms": 31429,
            "ok": true,
            "endpoint": "ddgs",
            "status": 200,
            "result_count": 5
          }
        ]
      },
      {
        "url": "https://html.duckduckgo.com/html/?q=founding+date+of+Harvard+Medical+School",
        "query": "founding date of Harvard Medical School",
        "cache_hit": false,
        "duration_ms": 31502,
        "used_ddgs": true,
        "used_legacy_fallback": false,
        "used_direct_fallback": false,
        "used_lite_fallback": false,
        "failed": false,
        "backend": "ddgs",
        "attempts": [
          {
            "attempt": 1,
            "path": "ddgs",
            "proxy_configured": false,
            "timeout_seconds": 30.0,
            "duration_ms": 31502,
            "ok": true,
            "endpoint": "ddgs",
            "status": 200,
            "result_count": 5
          }
        ]
      },
      {
        "url": "https://html.duckduckgo.com/html/?q=EuroBasket+organising+body",
        "query": "EuroBasket organising body",
        "cache_hit": false,
        "duration_ms": 904,
        "used_ddgs": true,
        "used_legacy_fallback": false,
        "used_direct_fallback": false,
        "used_lite_fallback": false,
        "failed": false,
        "backend": "ddgs",
        "attempts": [
          {
            "attempt": 1,
            "path": "ddgs",
            "proxy_configured": false,
            "timeout_seconds": 30.0,
            "duration_ms": 904,
            "ok": true,
            "endpoint": "ddgs",
            "status": 200,
            "result_count": 5
          }
        ]
      },
      {
        "url": "https://html.duckduckgo.com/html/?q=who+organises+EuroBasket",
        "query": "who organises EuroBasket",
        "cache_hit": false,
        "duration_ms": 1350,
        "used_ddgs": true,
        "used_legacy_fallback": false,
        "used_direct_fallback": false,
        "used_lite_fallback": false,
        "failed": false,
        "backend": "ddgs",
        "attempts": [
          {
            "attempt": 1,
            "path": "ddgs",
            "proxy_configured": false,
            "timeout_seconds": 30.0,
            "duration_ms": 1350,
            "ok": true,
            "endpoint": "ddgs",
            "status": 200,
            "result_count": 5
          }
        ]
      },
      {
        "url": "https://html.duckduckgo.com/html/?q=Presenting+organization+of+Critics%27+Choice+Awards",
        "query": "Presenting organization of Critics' Choice Awards",
        "cache_hit": false,
        "duration_ms": 31346,
        "used_ddgs": true,
        "used_legacy_fallback": false,
        "used_direct_fallback": false,
        "used_lite_fallback": false,
        "failed": false,
        "backend": "ddgs",
        "attempts": [
          {
            "attempt": 1,
            "path": "ddgs",
            "proxy_configured": false,
            "timeout_seconds": 30.0,
            "duration_ms": 31346,
            "ok": true,
            "endpoint": "ddgs",
            "status": 200,
            "result_count": 5
          }
        ]
      },
      {
        "url": "https://html.duckduckgo.com/html/?q=In+which+city+was+Dr.+Dre+born%3F",
        "query": "In which city was Dr. Dre born?",
        "cache_hit": false,
        "duration_ms": 1718,
        "used_ddgs": true,
        "used_legacy_fallback": false,
        "used_direct_fallback": false,
        "used_lite_fallback": false,
        "failed": false,
        "backend": "ddgs",
        "attempts": [
          {
            "attempt": 1,
            "path": "ddgs",
            "proxy_configured": false,
            "timeout_seconds": 30.0,
            "duration_ms": 1718,
            "ok": true,
            "endpoint": "ddgs",
            "status": 200,
            "result_count": 5
          }
        ]
      },
      {
        "url": "https://html.duckduckgo.com/html/?q=Where+was+Dr.+Dre+born",
        "query": "Where was Dr. Dre born",
        "cache_hit": false,
        "duration_ms": 795,
        "used_ddgs": true,
        "used_legacy_fallback": false,
        "used_direct_fallback": false,
        "used_lite_fallback": false,
        "failed": false,
        "backend": "ddgs",
        "attempts": [
          {
            "attempt": 1,
            "path": "ddgs",
            "proxy_configured": false,
            "timeout_seconds": 30.0,
            "duration_ms": 795,
            "ok": true,
            "endpoint": "ddgs",
            "status": 200,
            "result_count": 5
          }
        ]
      },
      {
        "url": "https://html.duckduckgo.com/html/?q=What+type+of+institution+is+the+medical+school+of+Harvard+University+classified+as%3F",
        "query": "What type of institution is the medical school of Harvard University classified as?",
        "cache_hit": false,
        "duration_ms": 723,
        "used_ddgs": true,
        "used_legacy_fallback": false,
        "used_direct_fallback": false,
        "used_lite_fallback": false,
        "failed": false,
        "backend": "ddgs",
        "attempts": [
          {
            "attempt": 1,
            "path": "ddgs",
            "proxy_configured": false,
            "timeout_seconds": 30.0,
            "duration_ms": 722,
            "ok": true,
            "endpoint": "ddgs",
            "status": 200,
            "result_count": 5
          }
        ]
      },
      {
        "url": "https://html.duckduckgo.com/html/?q=type+of+Harvard+Medical+School",
        "query": "type of Harvard Medical School",
        "cache_hit": false,
        "duration_ms": 1493,
        "used_ddgs": true,
        "used_legacy_fallback": false,
        "used_direct_fallback": false,
        "used_lite_fallback": false,
        "failed": false,
        "backend": "ddgs",
        "attempts": [
          {
            "attempt": 1,
            "path": "ddgs",
            "proxy_configured": false,
            "timeout_seconds": 30.0,
            "duration_ms": 1493,
            "ok": true,
            "endpoint": "ddgs",
            "status": 200,
            "result_count": 5
          }
        ]
      },
      {
        "url": "https://html.duckduckgo.com/html/?q=Who+is+the+president+of+Washington+State+University%3F",
        "query": "Who is the president of Washington State University?",
        "cache_hit": false,
        "duration_ms": 1478,
        "used_ddgs": true,
        "used_legacy_fallback": false,
        "used_direct_fallback": false,
        "used_lite_fallback": false,
        "failed": false,
        "backend": "ddgs",
        "attempts": [
          {
            "attempt": 1,
            "path": "ddgs",
            "proxy_configured": false,
            "timeout_seconds": 30.0,
            "duration_ms": 1478,
            "ok": true,
            "endpoint": "ddgs",
            "status": 200,
            "result_count": 5
          }
        ]
      },
      {
        "url": "https://html.duckduckgo.com/html/?q=What+is+the+name+of+the+organising+body+of+the+EuroBasket+basketball+competition%3F",
        "query": "What is the name of the organising body of the EuroBasket basketball competition?",
        "cache_hit": false,
        "duration_ms": 31059,
        "used_ddgs": true,
        "used_legacy_fallback": false,
        "used_direct_fallback": false,
        "used_lite_fallback": false,
        "failed": false,
        "backend": "ddgs",
        "attempts": [
          {
            "attempt": 1,
            "path": "ddgs",
            "proxy_configured": false,
            "timeout_seconds": 30.0,
            "duration_ms": 31059,
            "ok": true,
            "endpoint": "ddgs",
            "status": 200,
            "result_count": 5
          }
        ]
      },
      {
        "url": "https://html.duckduckgo.com/html/?q=current+president+of+Washington+State+University",
        "query": "current president of Washington State University",
        "cache_hit": false,
        "duration_ms": 1382,
        "used_ddgs": true,
        "used_legacy_fallback": false,
        "used_direct_fallback": false,
        "used_lite_fallback": false,
        "failed": false,
        "backend": "ddgs",
        "attempts": [
          {
            "attempt": 1,
            "path": "ddgs",
            "proxy_configured": false,
            "timeout_seconds": 30.0,
            "duration_ms": 1382,
            "ok": true,
            "endpoint": "ddgs",
            "status": 200,
            "result_count": 5
          }
        ]
      },
      {
        "url": "https://html.duckduckgo.com/html/?q=Who+is+one+of+the+founders+of+MobyGames%3F",
        "query": "Who is one of the founders of MobyGames?",
        "cache_hit": false,
        "duration_ms": 867,
        "used_ddgs": true,
        "used_legacy_fallback": false,
        "used_direct_fallback": false,
        "used_lite_fallback": false,
        "failed": false,
        "backend": "ddgs",
        "attempts": [
          {
            "attempt": 1,
            "path": "ddgs",
            "proxy_configured": false,
            "timeout_seconds": 30.0,
            "duration_ms": 867,
            "ok": true,
            "endpoint": "ddgs",
            "status": 200,
            "result_count": 5
          }
        ]
      },
      {
        "url": "https://html.duckduckgo.com/html/?q=Who+founded+MobyGames",
        "query": "Who founded MobyGames",
        "cache_hit": false,
        "duration_ms": 1264,
        "used_ddgs": true,
        "used_legacy_fallback": false,
        "used_direct_fallback": false,
        "used_lite_fallback": false,
        "failed": false,
        "backend": "ddgs",
        "attempts": [
          {
            "attempt": 1,
            "path": "ddgs",
            "proxy_configured": false,
            "timeout_seconds": 30.0,
            "duration_ms": 1264,
            "ok": true,
            "endpoint": "ddgs",
            "status": 200,
            "result_count": 5
          }
        ]
      },
      {
        "url": "https://html.duckduckgo.com/html/?q=What+month%2C+day%2C+and+year+was+MobyGames+launched%3F",
        "query": "What month, day, and year was MobyGames launched?",
        "cache_hit": false,
        "duration_ms": 1192,
        "used_ddgs": true,
        "used_legacy_fallback": false,
        "used_direct_fallback": false,
        "used_lite_fallback": false,
        "failed": false,
        "backend": "ddgs",
        "attempts": [
          {
            "attempt": 1,
            "path": "ddgs",
            "proxy_configured": false,
            "timeout_seconds": 30.0,
            "duration_ms": 1192,
            "ok": true,
            "endpoint": "ddgs",
            "status": 200,
            "result_count": 5
          }
        ]
      },
      {
        "url": "https://html.duckduckgo.com/html/?q=MobyGames+launch+date",
        "query": "MobyGames launch date",
        "cache_hit": false,
        "duration_ms": 1093,
        "used_ddgs": true,
        "used_legacy_fallback": false,
        "used_direct_fallback": false,
        "used_lite_fallback": false,
        "failed": false,
        "backend": "ddgs",
        "attempts": [
          {
            "attempt": 1,
            "path": "ddgs",
            "proxy_configured": false,
            "timeout_seconds": 30.0,
            "duration_ms": 1093,
            "ok": true,
            "endpoint": "ddgs",
            "status": 200,
            "result_count": 5
          }
        ]
      },
      {
        "url": "https://html.duckduckgo.com/html/?q=Dr.+Dre+birthplace+city",
        "query": "Dr. Dre birthplace city",
        "cache_hit": false,
        "duration_ms": 32985,
        "used_ddgs": true,
        "used_legacy_fallback": false,
        "used_direct_fallback": false,
        "used_lite_fallback": false,
        "failed": false,
        "backend": "ddgs",
        "attempts": [
          {
            "attempt": 1,
            "path": "ddgs",
            "proxy_configured": false,
            "timeout_seconds": 30.0,
            "duration_ms": 32985,
            "ok": true,
            "endpoint": "ddgs",
            "status": 200,
            "result_count": 5
          }
        ]
      },
      {
        "url": "https://html.duckduckgo.com/html/?q=classification+of+Harvard+University+medical+school",
        "query": "classification of Harvard University medical school",
        "cache_hit": false,
        "duration_ms": 34681,
        "used_ddgs": true,
        "used_legacy_fallback": false,
        "used_direct_fallback": false,
        "used_lite_fallback": false,
        "failed": false,
        "backend": "ddgs",
        "attempts": [
          {
            "attempt": 1,
            "path": "ddgs",
            "proxy_configured": false,
            "timeout_seconds": 30.0,
            "duration_ms": 33088,
            "ok": false,
            "endpoint": "ddgs",
            "error_type": "TimeoutException",
            "error_message": "Request timed out: ConnectTimeout('timed out')",
            "retry_reason": "ddgs_transport_error"
          },
          {
            "attempt": 2,
            "path": "ddgs",
            "proxy_configured": false,
            "timeout_seconds": 30.0,
            "duration_ms": 592,
            "ok": true,
            "endpoint": "ddgs",
            "status": 200,
            "result_count": 5
          }
        ]
      },
      {
        "url": "https://html.duckduckgo.com/html/?q=Number+of+children+of+Dr.+Dre",
        "query": "Number of children of Dr. Dre",
        "cache_hit": false,
        "duration_ms": 597,
        "used_ddgs": true,
        "used_legacy_fallback": false,
        "used_direct_fallback": false,
        "used_lite_fallback": false,
        "failed": false,
        "backend": "ddgs",
        "attempts": [
          {
            "attempt": 1,
            "path": "ddgs",
            "proxy_configured": false,
            "timeout_seconds": 30.0,
            "duration_ms": 597,
            "ok": true,
            "endpoint": "ddgs",
            "status": 200,
            "result_count": 5
          }
        ]
      },
      {
        "url": "https://html.duckduckgo.com/html/?q=How+many+kids+does+Dr.+Dre+have",
        "query": "How many kids does Dr. Dre have",
        "cache_hit": false,
        "duration_ms": 1401,
        "used_ddgs": true,
        "used_legacy_fallback": false,
        "used_direct_fallback": false,
        "used_lite_fallback": false,
        "failed": false,
        "backend": "ddgs",
        "attempts": [
          {
            "attempt": 1,
            "path": "ddgs",
            "proxy_configured": false,
            "timeout_seconds": 30.0,
            "duration_ms": 1401,
            "ok": true,
            "endpoint": "ddgs",
            "status": 200,
            "result_count": 5
          }
        ]
      },
      {
        "url": "https://html.duckduckgo.com/html/?q=Washington+State+University+president+name",
        "query": "Washington State University president name",
        "cache_hit": false,
        "duration_ms": 31394,
        "used_ddgs": true,
        "used_legacy_fallback": false,
        "used_direct_fallback": false,
        "used_lite_fallback": false,
        "failed": false,
        "backend": "ddgs",
        "attempts": [
          {
            "attempt": 1,
            "path": "ddgs",
            "proxy_configured": false,
            "timeout_seconds": 30.0,
            "duration_ms": 31394,
            "ok": true,
            "endpoint": "ddgs",
            "status": 200,
            "result_count": 5
          }
        ]
      },
      {
        "url": "https://html.duckduckgo.com/html/?q=Who+is+the+producer+of+the+Glottolog+database%3F",
        "query": "Who is the producer of the Glottolog database?",
        "cache_hit": false,
        "duration_ms": 1159,
        "used_ddgs": true,
        "used_legacy_fallback": false,
        "used_direct_fallback": false,
        "used_lite_fallback": false,
        "failed": false,
        "backend": "ddgs",
        "attempts": [
          {
            "attempt": 1,
            "path": "ddgs",
            "proxy_configured": false,
            "timeout_seconds": 30.0,
            "duration_ms": 1159,
            "ok": true,
            "endpoint": "ddgs",
            "status": 200,
            "result_count": 5
          }
        ]
      },
      {
        "url": "https://html.duckduckgo.com/html/?q=Glottolog+producer",
        "query": "Glottolog producer",
        "cache_hit": false,
        "duration_ms": 1358,
        "used_ddgs": true,
        "used_legacy_fallback": false,
        "used_direct_fallback": false,
        "used_lite_fallback": false,
        "failed": false,
        "backend": "ddgs",
        "attempts": [
          {
            "attempt": 1,
            "path": "ddgs",
            "proxy_configured": false,
            "timeout_seconds": 30.0,
            "duration_ms": 1358,
            "ok": true,
            "endpoint": "ddgs",
            "status": 200,
            "result_count": 5
          }
        ]
      },
      {
        "url": "https://html.duckduckgo.com/html/?q=Who+produces+Glottolog+database",
        "query": "Who produces Glottolog database",
        "cache_hit": false,
        "duration_ms": 848,
        "used_ddgs": true,
        "used_legacy_fallback": false,
        "used_direct_fallback": false,
        "used_lite_fallback": false,
        "failed": false,
        "backend": "ddgs",
        "attempts": [
          {
            "attempt": 1,
            "path": "ddgs",
            "proxy_configured": false,
            "timeout_seconds": 30.0,
            "duration_ms": 848,
            "ok": true,
            "endpoint": "ddgs",
            "status": 200,
            "result_count": 5
          }
        ]
      },
      {
        "url": "https://html.duckduckgo.com/html/?q=Languages+supported+by+Glottolog",
        "query": "Languages supported by Glottolog",
        "cache_hit": false,
        "duration_ms": 1511,
        "used_ddgs": true,
        "used_legacy_fallback": false,
        "used_direct_fallback": false,
        "used_lite_fallback": false,
        "failed": false,
        "backend": "ddgs",
        "attempts": [
          {
            "attempt": 1,
            "path": "ddgs",
            "proxy_configured": false,
            "timeout_seconds": 30.0,
            "duration_ms": 1511,
            "ok": true,
            "endpoint": "ddgs",
            "status": 200,
            "result_count": 5
          }
        ]
      },
      {
        "url": "https://html.duckduckgo.com/html/?q=Number+of+languages+in+Glottolog",
        "query": "Number of languages in Glottolog",
        "cache_hit": false,
        "duration_ms": 1289,
        "used_ddgs": true,
        "used_legacy_fallback": false,
        "used_direct_fallback": false,
        "used_lite_fallback": false,
        "failed": false,
        "backend": "ddgs",
        "attempts": [
          {
            "attempt": 1,
            "path": "ddgs",
            "proxy_configured": false,
            "timeout_seconds": 30.0,
            "duration_ms": 1289,
            "ok": true,
            "endpoint": "ddgs",
            "status": 200,
            "result_count": 5
          }
        ]
      },
      {
        "url": "https://html.duckduckgo.com/html/?q=When+did+MobyGames+go+online",
        "query": "When did MobyGames go online",
        "cache_hit": false,
        "duration_ms": 31969,
        "used_ddgs": true,
        "used_legacy_fallback": false,
        "used_direct_fallback": false,
        "used_lite_fallback": false,
        "failed": false,
        "backend": "ddgs",
        "attempts": [
          {
            "attempt": 1,
            "path": "ddgs",
            "proxy_configured": false,
            "timeout_seconds": 30.0,
            "duration_ms": 31969,
            "ok": true,
            "endpoint": "ddgs",
            "status": 200,
            "result_count": 5
          }
        ]
      },
      {
        "url": "https://html.duckduckgo.com/html/?q=Is+MobyGames+a+commercial+site",
        "query": "Is MobyGames a commercial site",
        "cache_hit": false,
        "duration_ms": 983,
        "used_ddgs": true,
        "used_legacy_fallback": false,
        "used_direct_fallback": false,
        "used_lite_fallback": false,
        "failed": false,
        "backend": "ddgs",
        "attempts": [
          {
            "attempt": 1,
            "path": "ddgs",
            "proxy_configured": false,
            "timeout_seconds": 30.0,
            "duration_ms": 983,
            "ok": true,
            "endpoint": "ddgs",
            "status": 200,
            "result_count": 5
          }
        ]
      },
      {
        "url": "https://html.duckduckgo.com/html/?q=MobyGames+commercial+status",
        "query": "MobyGames commercial status",
        "cache_hit": false,
        "duration_ms": 2729,
        "used_ddgs": true,
        "used_legacy_fallback": false,
        "used_direct_fallback": false,
        "used_lite_fallback": false,
        "failed": false,
        "backend": "ddgs",
        "attempts": [
          {
            "attempt": 1,
            "path": "ddgs",
            "proxy_configured": false,
            "timeout_seconds": 30.0,
            "duration_ms": 2729,
            "ok": true,
            "endpoint": "ddgs",
            "status": 200,
            "result_count": 5
          }
        ]
      },
      {
        "url": "https://html.duckduckgo.com/html/?q=How+many+children+does+Dr.+Dre+have%3F",
        "query": "How many children does Dr. Dre have?",
        "cache_hit": false,
        "duration_ms": 31405,
        "used_ddgs": true,
        "used_legacy_fallback": false,
        "used_direct_fallback": false,
        "used_lite_fallback": false,
        "failed": false,
        "backend": "ddgs",
        "attempts": [
          {
            "attempt": 1,
            "path": "ddgs",
            "proxy_configured": false,
            "timeout_seconds": 30.0,
            "duration_ms": 31405,
            "ok": true,
            "endpoint": "ddgs",
            "status": 200,
            "result_count": 5
          }
        ]
      },
      {
        "url": "https://html.duckduckgo.com/html/?q=Who+is+the+mayor+of+the+municipality+of+Vigo%3F",
        "query": "Who is the mayor of the municipality of Vigo?",
        "cache_hit": false,
        "duration_ms": 1439,
        "used_ddgs": true,
        "used_legacy_fallback": false,
        "used_direct_fallback": false,
        "used_lite_fallback": false,
        "failed": false,
        "backend": "ddgs",
        "attempts": [
          {
            "attempt": 1,
            "path": "ddgs",
            "proxy_configured": false,
            "timeout_seconds": 30.0,
            "duration_ms": 1439,
            "ok": true,
            "endpoint": "ddgs",
            "status": 200,
            "result_count": 5
          }
        ]
      },
      {
        "url": "https://html.duckduckgo.com/html/?q=mayor+of+Vigo+municipality",
        "query": "mayor of Vigo municipality",
        "cache_hit": false,
        "duration_ms": 1435,
        "used_ddgs": true,
        "used_legacy_fallback": false,
        "used_direct_fallback": false,
        "used_lite_fallback": false,
        "failed": false,
        "backend": "ddgs",
        "attempts": [
          {
            "attempt": 1,
            "path": "ddgs",
            "proxy_configured": false,
            "timeout_seconds": 30.0,
            "duration_ms": 1435,
            "ok": true,
            "endpoint": "ddgs",
            "status": 200,
            "result_count": 5
          }
        ]
      },
      {
        "url": "https://html.duckduckgo.com/html/?q=province+of+Vigo+city",
        "query": "province of Vigo city",
        "cache_hit": false,
        "duration_ms": 1472,
        "used_ddgs": true,
        "used_legacy_fallback": false,
        "used_direct_fallback": false,
        "used_lite_fallback": false,
        "failed": false,
        "backend": "ddgs",
        "attempts": [
          {
            "attempt": 1,
            "path": "ddgs",
            "proxy_configured": false,
            "timeout_seconds": 30.0,
            "duration_ms": 1472,
            "ok": true,
            "endpoint": "ddgs",
            "status": 200,
            "result_count": 5
          }
        ]
      },
      {
        "url": "https://html.duckduckgo.com/html/?q=How+many+languages+does+Glottolog+support%3F",
        "query": "How many languages does Glottolog support?",
        "cache_hit": false,
        "duration_ms": 30812,
        "used_ddgs": true,
        "used_legacy_fallback": false,
        "used_direct_fallback": false,
        "used_lite_fallback": false,
        "failed": false,
        "backend": "ddgs",
        "attempts": [
          {
            "attempt": 1,
            "path": "ddgs",
            "proxy_configured": false,
            "timeout_seconds": 30.0,
            "duration_ms": 30812,
            "ok": true,
            "endpoint": "ddgs",
            "status": 200,
            "result_count": 5
          }
        ]
      },
      {
        "url": "https://html.duckduckgo.com/html/?q=Vigo+located+in+which+province",
        "query": "Vigo located in which province",
        "cache_hit": false,
        "duration_ms": 2409,
        "used_ddgs": true,
        "used_legacy_fallback": false,
        "used_direct_fallback": false,
        "used_lite_fallback": false,
        "failed": false,
        "backend": "ddgs",
        "attempts": [
          {
            "attempt": 1,
            "path": "ddgs",
            "proxy_configured": false,
            "timeout_seconds": 30.0,
            "duration_ms": 2409,
            "ok": true,
            "endpoint": "ddgs",
            "status": 200,
            "result_count": 5
          }
        ]
      },
      {
        "url": "https://html.duckduckgo.com/html/?q=What+is+the+cost+to+access+the+Glottolog+database%3F",
        "query": "What is the cost to access the Glottolog database?",
        "cache_hit": false,
        "duration_ms": 1198,
        "used_ddgs": true,
        "used_legacy_fallback": false,
        "used_direct_fallback": false,
        "used_lite_fallback": false,
        "failed": false,
        "backend": "ddgs",
        "attempts": [
          {
            "attempt": 1,
            "path": "ddgs",
            "proxy_configured": false,
            "timeout_seconds": 30.0,
            "duration_ms": 1198,
            "ok": true,
            "endpoint": "ddgs",
            "status": 200,
            "result_count": 5
          }
        ]
      },
      {
        "url": "https://html.duckduckgo.com/html/?q=Who+is+the+bodhisattva+primarily+revered+in+East+Asian+Buddhism+known+for+his+vow+to+instruct+all+beings+in+the+six+worlds%3F",
        "query": "Who is the bodhisattva primarily revered in East Asian Buddhism known for his vow to instruct all beings in the six worlds?",
        "cache_hit": false,
        "duration_ms": 1489,
        "used_ddgs": true,
        "used_legacy_fallback": false,
        "used_direct_fallback": false,
        "used_lite_fallback": false,
        "failed": false,
        "backend": "ddgs",
        "attempts": [
          {
            "attempt": 1,
            "path": "ddgs",
            "proxy_configured": false,
            "timeout_seconds": 30.0,
            "duration_ms": 1489,
            "ok": true,
            "endpoint": "ddgs",
            "status": 200,
            "result_count": 5
          }
        ]
      },
      {
        "url": "https://html.duckduckgo.com/html/?q=bodhisattva+vow+to+instruct+all+beings+in+six+worlds",
        "query": "bodhisattva vow to instruct all beings in six worlds",
        "cache_hit": false,
        "duration_ms": 1573,
        "used_ddgs": true,
        "used_legacy_fallback": false,
        "used_direct_fallback": false,
        "used_lite_fallback": false,
        "failed": false,
        "backend": "ddgs",
        "attempts": [
          {
            "attempt": 1,
            "path": "ddgs",
            "proxy_configured": false,
            "timeout_seconds": 30.0,
            "duration_ms": 1573,
            "ok": true,
            "endpoint": "ddgs",
            "status": 200,
            "result_count": 5
          }
        ]
      },
      {
        "url": "https://html.duckduckgo.com/html/?q=What+is+the+commercial+status+of+MobyGames%3F",
        "query": "What is the commercial status of MobyGames?",
        "cache_hit": false,
        "duration_ms": 31552,
        "used_ddgs": true,
        "used_legacy_fallback": false,
        "used_direct_fallback": false,
        "used_lite_fallback": false,
        "failed": false,
        "backend": "ddgs",
        "attempts": [
          {
            "attempt": 1,
            "path": "ddgs",
            "proxy_configured": false,
            "timeout_seconds": 30.0,
            "duration_ms": 31552,
            "ok": true,
            "endpoint": "ddgs",
            "status": 200,
            "result_count": 5
          }
        ]
      },
      {
        "url": "https://html.duckduckgo.com/html/?q=In+which+province+is+the+city+of+Vigo+located%3F",
        "query": "In which province is the city of Vigo located?",
        "cache_hit": false,
        "duration_ms": 31980,
        "used_ddgs": true,
        "used_legacy_fallback": false,
        "used_direct_fallback": false,
        "used_lite_fallback": false,
        "failed": false,
        "backend": "ddgs",
        "attempts": [
          {
            "attempt": 1,
            "path": "ddgs",
            "proxy_configured": false,
            "timeout_seconds": 30.0,
            "duration_ms": 31980,
            "ok": true,
            "endpoint": "ddgs",
            "status": 200,
            "result_count": 5
          }
        ]
      },
      {
        "url": "https://html.duckduckgo.com/html/?q=Glottolog+access+cost",
        "query": "Glottolog access cost",
        "cache_hit": false,
        "duration_ms": 31343,
        "used_ddgs": true,
        "used_legacy_fallback": false,
        "used_direct_fallback": false,
        "used_lite_fallback": false,
        "failed": false,
        "backend": "ddgs",
        "attempts": [
          {
            "attempt": 1,
            "path": "ddgs",
            "proxy_configured": false,
            "timeout_seconds": 30.0,
            "duration_ms": 31343,
            "ok": true,
            "endpoint": "ddgs",
            "status": 200,
            "result_count": 5
          }
        ]
      },
      {
        "url": "https://html.duckduckgo.com/html/?q=East+Asian+Buddhism+bodhisattva+known+as+Earth+Store",
        "query": "East Asian Buddhism bodhisattva known as Earth Store",
        "cache_hit": false,
        "duration_ms": 31125,
        "used_ddgs": true,
        "used_legacy_fallback": false,
        "used_direct_fallback": false,
        "used_lite_fallback": false,
        "failed": false,
        "backend": "ddgs",
        "attempts": [
          {
            "attempt": 1,
            "path": "ddgs",
            "proxy_configured": false,
            "timeout_seconds": 30.0,
            "duration_ms": 31125,
            "ok": true,
            "endpoint": "ddgs",
            "status": 200,
            "result_count": 5
          }
        ]
      },
      {
        "url": "https://html.duckduckgo.com/html/?q=What+is+the+motto+of+the+city+of+Vigo%3F",
        "query": "What is the motto of the city of Vigo?",
        "cache_hit": false,
        "duration_ms": 2049,
        "used_ddgs": true,
        "used_legacy_fallback": false,
        "used_direct_fallback": false,
        "used_lite_fallback": false,
        "failed": false,
        "backend": "ddgs",
        "attempts": [
          {
            "attempt": 1,
            "path": "ddgs",
            "proxy_configured": false,
            "timeout_seconds": 30.0,
            "duration_ms": 2049,
            "ok": true,
            "endpoint": "ddgs",
            "status": 200,
            "result_count": 5
          }
        ]
      },
      {
        "url": "https://html.duckduckgo.com/html/?q=motto+of+Vigo+city",
        "query": "motto of Vigo city",
        "cache_hit": false,
        "duration_ms": 622,
        "used_ddgs": true,
        "used_legacy_fallback": false,
        "used_direct_fallback": false,
        "used_lite_fallback": false,
        "failed": false,
        "backend": "ddgs",
        "attempts": [
          {
            "attempt": 1,
            "path": "ddgs",
            "proxy_configured": false,
            "timeout_seconds": 30.0,
            "duration_ms": 622,
            "ok": true,
            "endpoint": "ddgs",
            "status": 200,
            "result_count": 5
          }
        ]
      },
      {
        "url": "https://html.duckduckgo.com/html/?q=At+what+age+range+does+amyloidosis+usually+onset+in+years%3F",
        "query": "At what age range does amyloidosis usually onset in years?",
        "cache_hit": false,
        "duration_ms": 31422,
        "used_ddgs": true,
        "used_legacy_fallback": false,
        "used_direct_fallback": false,
        "used_lite_fallback": false,
        "failed": false,
        "backend": "ddgs",
        "attempts": [
          {
            "attempt": 1,
            "path": "ddgs",
            "proxy_configured": false,
            "timeout_seconds": 30.0,
            "duration_ms": 31422,
            "ok": true,
            "endpoint": "ddgs",
            "status": 200,
            "result_count": 5
          }
        ]
      },
      {
        "url": "https://html.duckduckgo.com/html/?q=What+is+the+IPA+number+assigned+to+the+voiced+palatal+approximant%3F",
        "query": "What is the IPA number assigned to the voiced palatal approximant?",
        "cache_hit": false,
        "duration_ms": 2291,
        "used_ddgs": true,
        "used_legacy_fallback": false,
        "used_direct_fallback": false,
        "used_lite_fallback": false,
        "failed": false,
        "backend": "ddgs",
        "attempts": [
          {
            "attempt": 1,
            "path": "ddgs",
            "proxy_configured": false,
            "timeout_seconds": 30.0,
            "duration_ms": 2291,
            "ok": true,
            "endpoint": "ddgs",
            "status": 200,
            "result_count": 5
          }
        ]
      },
      {
        "url": "https://html.duckduckgo.com/html/?q=amyloidosis+usual+onset+age+range",
        "query": "amyloidosis usual onset age range",
        "cache_hit": false,
        "duration_ms": 31341,
        "used_ddgs": true,
        "used_legacy_fallback": false,
        "used_direct_fallback": false,
        "used_lite_fallback": false,
        "failed": false,
        "backend": "ddgs",
        "attempts": [
          {
            "attempt": 1,
            "path": "ddgs",
            "proxy_configured": false,
            "timeout_seconds": 30.0,
            "duration_ms": 31341,
            "ok": true,
            "endpoint": "ddgs",
            "status": 200,
            "result_count": 5
          }
        ]
      },
      {
        "url": "https://html.duckduckgo.com/html/?q=voiced+palatal+approximant+IPA+code",
        "query": "voiced palatal approximant IPA code",
        "cache_hit": false,
        "duration_ms": 1611,
        "used_ddgs": true,
        "used_legacy_fallback": false,
        "used_direct_fallback": false,
        "used_lite_fallback": false,
        "failed": false,
        "backend": "ddgs",
        "attempts": [
          {
            "attempt": 1,
            "path": "ddgs",
            "proxy_configured": false,
            "timeout_seconds": 30.0,
            "duration_ms": 1611,
            "ok": true,
            "endpoint": "ddgs",
            "status": 200,
            "result_count": 5
          }
        ]
      },
      {
        "url": "https://html.duckduckgo.com/html/?q=How+many+worlds+does+K%E1%B9%A3itigarbha+vow+to+instruct+all+beings+in%3F",
        "query": "How many worlds does Kṣitigarbha vow to instruct all beings in?",
        "cache_hit": false,
        "duration_ms": 2150,
        "used_ddgs": true,
        "used_legacy_fallback": false,
        "used_direct_fallback": false,
        "used_lite_fallback": false,
        "failed": false,
        "backend": "ddgs",
        "attempts": [
          {
            "attempt": 1,
            "path": "ddgs",
            "proxy_configured": false,
            "timeout_seconds": 30.0,
            "duration_ms": 2150,
            "ok": true,
            "endpoint": "ddgs",
            "status": 200,
            "result_count": 5
          }
        ]
      },
      {
        "url": "https://html.duckduckgo.com/html/?q=age+range+for+amyloidosis+onset",
        "query": "age range for amyloidosis onset",
        "cache_hit": false,
        "duration_ms": 32661,
        "used_ddgs": true,
        "used_legacy_fallback": false,
        "used_direct_fallback": false,
        "used_lite_fallback": false,
        "failed": false,
        "backend": "ddgs",
        "attempts": [
          {
            "attempt": 1,
            "path": "ddgs",
            "proxy_configured": false,
            "timeout_seconds": 30.0,
            "duration_ms": 32661,
            "ok": true,
            "endpoint": "ddgs",
            "status": 200,
            "result_count": 5
          }
        ]
      },
      {
        "url": "https://html.duckduckgo.com/html/?q=Vigo+city+official+motto",
        "query": "Vigo city official motto",
        "cache_hit": false,
        "duration_ms": 31909,
        "used_ddgs": true,
        "used_legacy_fallback": false,
        "used_direct_fallback": false,
        "used_lite_fallback": false,
        "failed": false,
        "backend": "ddgs",
        "attempts": [
          {
            "attempt": 1,
            "path": "ddgs",
            "proxy_configured": false,
            "timeout_seconds": 30.0,
            "duration_ms": 31909,
            "ok": true,
            "endpoint": "ddgs",
            "status": 200,
            "result_count": 5
          }
        ]
      },
      {
        "url": "https://html.duckduckgo.com/html/?q=IPA+number+of+voiced+palatal+approximant",
        "query": "IPA number of voiced palatal approximant",
        "cache_hit": false,
        "duration_ms": 32087,
        "used_ddgs": true,
        "used_legacy_fallback": false,
        "used_direct_fallback": false,
        "used_lite_fallback": false,
        "failed": false,
        "backend": "ddgs",
        "attempts": [
          {
            "attempt": 1,
            "path": "ddgs",
            "proxy_configured": false,
            "timeout_seconds": 30.0,
            "duration_ms": 32087,
            "ok": true,
            "endpoint": "ddgs",
            "status": 200,
            "result_count": 5
          }
        ]
      },
      {
        "url": "https://html.duckduckgo.com/html/?q=Unicode+hex+code+for+voiced+palatal+approximant",
        "query": "Unicode hex code for voiced palatal approximant",
        "cache_hit": false,
        "duration_ms": 927,
        "used_ddgs": true,
        "used_legacy_fallback": false,
        "used_direct_fallback": false,
        "used_lite_fallback": false,
        "failed": false,
        "backend": "ddgs",
        "attempts": [
          {
            "attempt": 1,
            "path": "ddgs",
            "proxy_configured": false,
            "timeout_seconds": 30.0,
            "duration_ms": 927,
            "ok": true,
            "endpoint": "ddgs",
            "status": 200,
            "result_count": 5
          }
        ]
      },
      {
        "url": "https://html.duckduckgo.com/html/?q=What+is+the+Unicode+hexadecimal+code+point+for+the+voiced+palatal+approximant%3F",
        "query": "What is the Unicode hexadecimal code point for the voiced palatal approximant?",
        "cache_hit": false,
        "duration_ms": 1673,
        "used_ddgs": true,
        "used_legacy_fallback": false,
        "used_direct_fallback": false,
        "used_lite_fallback": false,
        "failed": false,
        "backend": "ddgs",
        "attempts": [
          {
            "attempt": 1,
            "path": "ddgs",
            "proxy_configured": false,
            "timeout_seconds": 30.0,
            "duration_ms": 1673,
            "ok": true,
            "endpoint": "ddgs",
            "status": 200,
            "result_count": 5
          }
        ]
      },
      {
        "url": "https://html.duckduckgo.com/html/?q=voiced+palatal+approximant+Unicode+code+point",
        "query": "voiced palatal approximant Unicode code point",
        "cache_hit": false,
        "duration_ms": 1563,
        "used_ddgs": true,
        "used_legacy_fallback": false,
        "used_direct_fallback": false,
        "used_lite_fallback": false,
        "failed": false,
        "backend": "ddgs",
        "attempts": [
          {
            "attempt": 1,
            "path": "ddgs",
            "proxy_configured": false,
            "timeout_seconds": 30.0,
            "duration_ms": 1563,
            "ok": true,
            "endpoint": "ddgs",
            "status": 200,
            "result_count": 5
          }
        ]
      },
      {
        "url": "https://html.duckduckgo.com/html/?q=six+worlds+vow+K%E1%B9%A3itigarbha",
        "query": "six worlds vow Kṣitigarbha",
        "cache_hit": false,
        "duration_ms": 31147,
        "used_ddgs": true,
        "used_legacy_fallback": false,
        "used_direct_fallback": false,
        "used_lite_fallback": false,
        "failed": false,
        "backend": "ddgs",
        "attempts": [
          {
            "attempt": 1,
            "path": "ddgs",
            "proxy_configured": false,
            "timeout_seconds": 30.0,
            "duration_ms": 31147,
            "ok": true,
            "endpoint": "ddgs",
            "status": 200,
            "result_count": 5
          }
        ]
      },
      {
        "url": "https://html.duckduckgo.com/html/?q=number+of+worlds+K%E1%B9%A3itigarbha+vows+to+instruct",
        "query": "number of worlds Kṣitigarbha vows to instruct",
        "cache_hit": false,
        "duration_ms": 32366,
        "used_ddgs": true,
        "used_legacy_fallback": false,
        "used_direct_fallback": false,
        "used_lite_fallback": false,
        "failed": false,
        "backend": "ddgs",
        "attempts": [
          {
            "attempt": 1,
            "path": "ddgs",
            "proxy_configured": false,
            "timeout_seconds": 30.0,
            "duration_ms": 32366,
            "ok": true,
            "endpoint": "ddgs",
            "status": 200,
            "result_count": 5
          }
        ]
      },
      {
        "url": "https://html.duckduckgo.com/html/?q=What+is+the+Sanskrit+name+of+the+bodhisattva+known+as+Earth+Store%3F",
        "query": "What is the Sanskrit name of the bodhisattva known as Earth Store?",
        "cache_hit": false,
        "duration_ms": 1039,
        "used_ddgs": true,
        "used_legacy_fallback": false,
        "used_direct_fallback": false,
        "used_lite_fallback": false,
        "failed": false,
        "backend": "ddgs",
        "attempts": [
          {
            "attempt": 1,
            "path": "ddgs",
            "proxy_configured": false,
            "timeout_seconds": 30.0,
            "duration_ms": 1039,
            "ok": true,
            "endpoint": "ddgs",
            "status": 200,
            "result_count": 5
          }
        ]
      },
      {
        "url": "https://html.duckduckgo.com/html/?q=Sanskrit+name+of+Earth+Store+bodhisattva",
        "query": "Sanskrit name of Earth Store bodhisattva",
        "cache_hit": false,
        "duration_ms": 1974,
        "used_ddgs": true,
        "used_legacy_fallback": false,
        "used_direct_fallback": false,
        "used_lite_fallback": false,
        "failed": false,
        "backend": "ddgs",
        "attempts": [
          {
            "attempt": 1,
            "path": "ddgs",
            "proxy_configured": false,
            "timeout_seconds": 30.0,
            "duration_ms": 1974,
            "ok": true,
            "endpoint": "ddgs",
            "status": 200,
            "result_count": 5
          }
        ]
      }
    ]
  }
}
